0.3333333333333333;0;0;0;0;0;0
0;0;0;0;0.125;0;0
0;0;0;0;0.25;0;0
0;0;0;0;0.2857142857142857;0;0
0;0;0;0;0.2857142857142857;0;0
0;0;0;0;0;0;0
0;0;0;0;0;0;0
0;0;0;0;0;0;0
0;0;0;0;0;0;0
0;0;0;0;0;0;0
0;0;0;0;0;0;0
0;0;0;0;0;0;0
0;0;0;0;0;0;0
0;0;0;0;0;0;0
0;0;0;0;0;0;0
0;0;0;0;0;0;0
0;0;0;0;0;0;0
0;0;0;0;0;0;0
0;0;0;0;0;0;0
0;0;0;0;0;0;0
0.17647058823529413;0.11764705882352941;0;0;0.11764705882352941;0;0
0;0.4444444444444444;0;0;0.1111111111111111;0;0
0;1;0;0;0;0;0
0;0.07142857142857142;0;0;0.35714285714285715;0;0
0.04081632653061224;0;0;0;0;0;0
0;0;0;0;0;0;0
0;0;0;0;0;0;0
0;0;0;0;0;0;0
0;0;0;0;0;0;0
0;0;0;0;0;0;0
0;0;0;0;0;0;0
0;0;0;0;0;0;0
0;0;0;0;0;0;0
0;0;0;0;0;0;0
0;0;0;0;0;0;0
0.125;0.125;0;0;0;0;0
1;0;0;0;0;0;0
1;0;0;0;0;0;0
1;0;0;0;0;0;0
0;0;0;0;0;0;0
0;0;0;0;0;0;0
0;0;0;0;0;0;0
0;0;0;0;0;0;0
0;0;0;0;0;0;0
0;0;0;0;0;0;0
0;0;0;0;0;0;0
0;0;0;0;0;0;0
0;0;0;0.05555555555555555;0.05555555555555555;0;0
0;0;0;0.058823529411764705;0;0;0
0.12698412698412698;0;0;0;0;0;0
1;0;0;0;0;0;0
0;0;0;0;0;0;0
3;0;0;0;0;0;0
0.25;0;0;0;0;0;0
0.2;0;0;0;0;0;0
0.25;0;0;0;0.25;0;0
0;0.4;0;0;0;0;0
0;0;0;0;0;0;0
0;0.5714285714285714;0;0;0;0;0
0.14285714285714285;0.5714285714285714;0;0;0;0;0
0.1111111111111111;0.09259259259259259;0;0;0;0;0
0.1111111111111111;0;0;0;0;0;0
1;0;0;0;0;0;0
1;0;0;0;0;0;0
0;0;0;0;0;0;0
0;0;0;0;0;0;0
0;0;0;0;0;0;0
0;0;0;0;0;0;0
0;0;0;0;0;0;0
0;0;0;0;0;0;0
0;0;0;0;0;0;0
0;0;0;0;0;0;0
0;0;0;0;0;0;0
0;0;0;0;0;0;0
0.02127659574468085;0.1347517730496454;0.10638297872340426;0;0;0.0070921985815602835;0
0;0;0;0;0;0;0
0;0;0;0;0;0;0
0;0;0;0;0;0;0
0.09411764705882353;0;0.011764705882352941;0;0;0;0
0;0;0;0;0;0;0
0;0;0;0;0;0;0
0;0;0;0;0;0;0
0.06923076923076923;0.015384615384615385;0.023076923076923078;0;0.08461538461538462;0;0
0;0;0;0;0;0;0
0;0;0;0;0;0;0
0;0;0;0;0;0;0
0;0;0;0;0;0;0
0;0;0;0;0;0;0
0;0;0;0;0;0;0
0;0;0;0;0;0;0
0;0;0;0;0;0;0
1;0;0;0;0;0;0
0;0;0;0;0;0;0
0.1;0.3;0.1;0;0;0;0
0;0;2;0;0;0;0
0;0;0;0;0;0;0
0;0;0;0;0;0;0
0;0;0;0;0;0;0
0;0;0;0;0;0;0
0;0;0;0;0;0;0
0;0;1;0;0;0;0
0;0;0;0;0;0;0
0;0;0;0;0;0;0
0;0;2;0;0;0;0
0;0;2;0;0;0;0
0;0;0;0;0;0;0
0;0;0;0;0;0;0
0;0;0;0;0;0;0
1;0;0;0;0;0;0
0;0;0;0;0;0;0
0;0;0;0;0;0;0
0;0;0;0;0;0;0
0;0;0;0;0;0;0
0;0;0;0;0;0;0
0;0;0;0;0;0;0
0;0;0;0;0;0;0
0;0;1;0;0;0;0
1;0;1;0;0;0;0
0;0.06666666666666667;0.06666666666666667;0;0;0;0
0;0;0;0;0;0;0
0;0;0;0;0;0;0
1;0;1;0;0;0;0
1;0;0;0;0;0;0
0.1;0;0.1;0;0;0;0
0.15384615384615385;0;0.07692307692307693;0;0;0;0
0.1;0;0.03333333333333333;0;0;0;0
0.7777777777777778;0;0;0;0;0;0
3;0;0;0;0;0;0
0.03424657534246575;0.00684931506849315;0.0547945205479452;0;0;0;0
0.125;0;0;0;0;0;0
0.1111111111111111;0.1111111111111111;0;0;0;0;0
1;0;2;0;0;0;0
1;0;0;0;0;0;0
1;0;2;0;0;0;0
1;0;0;0;0;0;0
1;0;0;0;0;0;0
1;0;0;0;0;0;0
0;0;0;0;0;0;0
0;0;0;0;0;0;0
0;0;0;0;0;0;0
0;0;0;0;0;0;0
0;0;0;0;0;0;0
0;0;1;0;0;0;0
0;0.08695652173913043;0.08695652173913043;0;0;0;0
0;0;0;0;0;0;0
0;0;0;0;0;0;0
0;0;0;0;0;0;0
1;0;0;0;0;0;0
0;0;0;0;0;0;0
0;0;0;0;0;0;0
0;0;2;0;0;0;0
0;0;0;0;0;0;0
0;0;0;0;0;0;0
0;0;1;0;0;0;0
0;0;0;0;0;0;0
0.21428571428571427;0.07142857142857142;0;0;0;0;0
0;0;0;0;0;0;0
0;0;0;0;0;0;0
0;0;2;0;0;0;0
1;0;0;0;0;0;0
1;0;0;0;0;0;0
0.6666666666666666;0;0;0;0;0;0
0;0;2;0;0;0;0
0;0;0;0;0;0;0
1;0;2;0;0;0;0
0;0;2;0;0;0;0
0;0;0;0;0;0;0
2;0;0;0;0;0;0
0;0;0;0;0;0;0
0;0;0;0;0;0;0
0.05263157894736842;0;0;0;0;0;0
1;0;0;0;0;0;0
0.1;0;0;0;0;0;0
0;0;0;0;0;0;0
0;0;0;0;0;0;0
0;0;0;0;0;0;0
0;0;0;0;0;0;0
0.08333333333333333;0;0;0;0;0;0
0;0;0;0;0;0;0
0.4;0;0;0;0;0;0
0;0;0;0;0;0;0
0.08333333333333333;0;0;0;0;0;0
0;0;0;0;0;0;0
0.4;0;0;0;0;0;0
4;0;0;0;0;0;0
1;0;0;0;0;0;0
0.4;0;0;0;0;0;0
0.4;0;0;0;0;0;0
1;0;0;0;0;0;0
1;0;0;0;0;0;0
1;0;0;0;0;0;0
0.2;0;0;0;0;0;0
0.2;0;0;0;0;0;0
0;0;0;0;0;0;0
0;0;0;0;0;0;0
0;0;1;0;0;0;0
0;0;1;0;0;0;0
0;0;0;0;0;0;0
0;0;0;0;0;0;0
0;0;1;0;0;0;0
0;0;0;0;0;0;0
0;0;0;0;0;0;0
2;0;0;0;0;0;0
2;0;0;0;0;0;0
0;0;1;0;0;0;0
0;0;0;0;0;0;0
0;0;0;0;0;0;0
0;0;0;0;0;0;0
1;0;0;0;0;0;0
0;0;0;0;0;0;0
0.125;0;0;0;0;0;0
0;0;0;0;0;0;0
0;0;0;0;0;0;0
0;0;0;0;0;0;0
0;0;0;0;0;0;0
0;0;0;0;0;0;0
0;0;0;0;0;0;0
1;0;0;0;0;0;0
1;0;0;0;0;0;0
0;0;0;0;0;0;0
1;0;0;0;0;0;0
0;0;0;0;0;0;0
0;0;0;0;0;0;0
0;0;0;0;0;0;0
0;0;0;0;0;0;0
0;0;0;0;0;0;0
0;0;0;0;0;0;0
1;0;0;0;0;0;0
0;0;0;0;0;0;0
0;0;0;0;0;0;0
0.08333333333333333;0;0.08333333333333333;0;0;0;0
1;0;0;0;0;0;0
1;0;0;0;0;0;0
0;0;0;0;0;0;0
0;0;0;0;0;0;0
0;0;0;0;0;0;0
1;0;0;0;0;0;0
1;0;0;0;0;0;0
1;0;0;0;0;0;0
1;0;0;0;0;0;0
1;0;0;0;0;0;0
0.2727272727272727;0;0;0;0;0;0
0.2727272727272727;0;0;0;0;0;0
0;0;0;0;0;0;0
1;0;0;0;0;0;0
1;0;0;0;0;0;0
0;0;0;0;0;0;0
0;0;0;0;0;0;0
0;0;0;0;0;0;0
0.18181818181818182;0;0;0;0;0;0
0.14285714285714285;0;0;0;0;0;0
0;0;0;0;0;0;0
0;0;0;0;0;0;0
2;0;0;0;0;0;0
0.11764705882352941;0;0;0;0;0;0
0;0;0;0;0;0;0
0;0;0;0;0;0;0
12;0;0;0;0;0;0
0;0;0;0;0;0;0
0;0;0;0;0;0;0
0;0;0;0;0;0;0
0;0;0;0;0;0;0
0.6666666666666666;0;0;0;0;0;0
0;0;0;0;0;0;0
0.6666666666666666;0;0;0;0;0;0
0;0;0;0;0;0;0
1;0;0;0;0;0;0
0;0;0;0;0;0;0
0;0;0;0;0;0;0
0;0;0;0;0;0;0
0;0;0;0;0;0;0
1;0;0;0;0;0;0
0.1;0;0;0;0;0;0
0;0;0;0;0;0;0
0.05263157894736842;0;0;0;0;0;0
0;0;0;0;0;0;0
0;0;0;0;0;0;0
0.3611111111111111;0;0;0;0;0;0
1;0;0;0;0;0;0
0;0;0;0;0;0;0
0;0;0;0;0;0;0
0;0;0;0;0;0;0
0;0;0;0;0;0;0
0;0;0;0;0;0;0
0;0;0;0;0;0;0
0.05;0;0;0;0;0;0
1;0;0;0;0;0;0
6;0;0;0;0;0;0
0;0;0;0;0;0;0
6;0;0;0;0;0;0
1;0;0;0;0;0;0
4;0;0;0;0;0;0
0;0;0;0;0;0;0
4;0;0;0;0;0;0
0;0;0;0;0;0;0
1;0;0;0;0;0;0
1;0;0;0;0;0;0
0.0625;0;0;0;0;0;0
0;0;0;0;0;0;0
0;0;0;0;0;0;0
0;0;0;0;0;0;0
0;0;0;0;0;0;0
2;0;0;0;0;0;0
1;0;0;0;0;0;0
0;0;0;0;0;0;0
2;0;0;0;0;0;0
0;0;0;0;0;0;0
1;0;0;0;0;0;0
1;0;0;0;0;0;0
0;0;0;0;0;0;0
0;0;0;0;0;0;0
0;0;0;0;0;0;0
0;0;0;0;0;0;0
0;0;0;0;0;0;0
0;0;0;0;0;0;0
0;0;0;0;0;0;0
0;0;0;0;0;0;0
0.08;0;0;0;0;0;0
0.125;0;0;0;0;0;0
0;0;0;0;0;0;0
0.08;0;0;0;0;0;0
0;0;0;0;0;0;0
0;0;0;0;0;0;0
0;0;0;0;0;0;0
0;0;0;0;0;0;0
0;0;0;0;0;0;0
0;0;0;0;0;0;0
0;0;0;0;0;0;0
0;0;0;0;0;0;0
0.11428571428571428;0;0;0;0;0;0
0;0;0;0;0;0;0
1;0;0;0;0;0;0
0.3333333333333333;0;0;0;0;0;0
1;0;0;0;0;0;0
0.14285714285714285;0;0;0;0;0;0
0;0;0;0;0;0;0
0.14285714285714285;0;0;0;0;0;0
0.12;0;0;0;0;0;0
0;0.4;0;0;0;0;0
0;0;0;0;0;0;0
1;0;0;0;0;0;0
0;0;0;0;0;0;0
0;0.4;0;0;0;0;0
0;0;0;0;0;0;0
0;0.4;0;0;0;0;0
0.05357142857142857;0;0;0;0;0.017857142857142856;0
0;0;0;0;0;0;0
0;0.4;0;0;0;0;0
0;0;0;0;0;0;0
0;0.4;0;0;0;0;0
0;0;0;0;0;0;0
0;0.4;0;0;0;0;0
0;0;0;0;0;0;0
1;0;0;0;0;0;0
0.05357142857142857;0;0;0;0;0.017857142857142856;0
1;0;0;0;0;0;0
0;0;0;0;0;0;0
0;0;0;0;0;0;0
1;0;0;0;0;0;0
0.08333333333333333;0;0;0;0;0;0
0.05;0.1;0;0;0;0;0
0;0;0;0;0;0;0
0.8;0;0;0;0;0;0
0.3333333333333333;0;0;0;0;0;0
1;0;0;0;0;0;0
0;0;0;0;0;0;0
0;0;0;0;0;0;0
2;0;0;0;0;0;0
1;0;0;0;0;0;0
1;0;0;0;0;0;0
0;0;0;0;0;0;0
1;0;0;0;0;0;0
0;0;0;0;0;0;0
1;0;0;0;0;0;0
0;0;0;0;0;0;0
0;0;0;0;0;0;0
0;0;0;0;0;0;0
0;0;0;0;0;0;0
0;0;0;0;0;0;0
0;0;0;0;0;0;0
0;0;0;0;0;0;0
0;0;0;0;0;0;0
0;0;0;0;0;0;0
0;0;0;0;0;0;0
0;0;0;0;0;0;0
0;0;0;0;0;0;0
0;0;0;0;0;0;0
0;0;0;0;0;0;0
0;0;0;0;0;0;0
0;0;0;0;0;0;0
1;0;0;0;0;0;0
0;0;0;0;0;0;0
0;0;0;0;0;0;0
1;0;0;0;0;0;0
1;0;0;0;0;0;0
0;0;0;0;0;0;0
0;0;0;0;0;0;0
0;0;0;0;0;0;0
0;0;0;0;0;0;0
0;0;0;0;0;0;0
0;0;0;0;0;0;0
0;0;0;0;0;0;0
0;0;0;0;0;0;0
0;0;0;0;0;0;0
0;0;0;0;0;0;0
0;0;0;0;0;0;0
0;0;0;0;0;0;0
0;0;0;0;0;0;0
0;0;0;0;0;0;0
0;0;0;0;0;0;0
0;0;0;0;0;0;0
0;0;0;0;0;0;0
0;0;0;0;0;0;0
0;0.4;0;0;0;0;0
0;0.4;0;0;0;0;0
0;0.4;0;0;0;0;0
0;0.4;0;0;0;0;0
0;0.4;0;0;0;0;0
0.038461538461538464;0.15384615384615385;0;0;0;0;0
0;0;0;0;0;0;0
0;0;0;0;0;0;0
0;0;0;0;0;0;0
0;0;0;0;0;0;0
1;0;0;0;0;0;0
0;0;0;0;0;0;0
0;0;0;0;0;0;0
0;0;0;0;0;0;0
0;0;0;0;0;0;0
0;0;0;0;0;0;0
1;0;0;0;0;0;0
1;0;0;0;0;0;0
0;0;0;0;0;0;0
0;0;0;0;0;0;0
0;0;0;0;0;0;0
0;0;0;0;0;0;0
0;0;0;0;0;0;0
0;0;0;0;0;0;0
1;0;0;0;0;0;0
0;0;0;0;0;0;0
0;0;0;0;0;0;0
0;0;0;0;0;0;0
1;0;0;0;0;0;0
0.2;0;0;0;0;0;0
0.2;0;0;0;0;0;0
0;0;0;0;0;0;0
0.2;0;0;0;0;0;0
0;0;0;0;0;0;0
0;0.2222222222222222;0;0;0;0;0
0;0;0;0;0;0;0
0;0;0;0;0;0;0
0;0;0;0;0;0;0
0;0;0;0;0;0;0
0;0;0;0;0;0;0
0;0;0;0;0;0;0
0;0;0;0;0;0;0
0;2;0;0;0;0;0
0;0;0;0;0;0;0
0;0;0;0;0;0;0
0;2;0;0;0;0;0
0;2;0;0;0;0;0
0;0;0;0;0;0;0
0;0;0;0;0;0;0
0;0;0;0;0;0;0
0;0;0;0;0;0;0
0;0;0;0;0;0;0
0;0;0;0;0;0;0
0;0;0;0;0;0;0
0;0;0;0;0;0;0
0;0;0;0;0;0;0
0;0;0;0;0;0;0
0;0;0;0;0;0;0
0;0;0;0;0;0;0
0;0;0;0;0;0;0
0.3333333333333333;0;0;0;0;0;0
0;0;0;0;0;0;0
1;0;0;0;0;0;0
0;0;0;0;0;0;0
0;0;0;0;0;0;0
0;0;0;0;0;0;0
0;0.4;0;0;0;0;0
0;0;0;0;0;0;0
0;0;0;0;0;0;0
0;0;0;0;0;0;0
0;2;0;0;0;0;0
0;2;0;0;0;0;0
0;2;0;0;0;0;0
0;2;0;0;0;0;0
0;0;0;0;0;0;0
0;0;0;0;0;0;0
0;0;0;0;0;0;0
0;0;0;0;0;0;0
0;0;0;1;0;0;0
1;0;0;0;0;0;0
1;0;0;0;0;0;0
0;0;0;0;0;0;0
0;0;0;0;0;0;0
0;0;0;0;0;0;0
0.05;0;0;0;0;0;0
1;0;0;0;0;0;0
1;0;0;0;0;0;0
1;0;0;0;0;0;0
0;0;0;0;0;0;0
1;0;0;0;0;0;0
0;0;0;0;0;0;0
0;0;0;0;0;0;0
0;0;0;0;0;0;0
0;0;0;0;0;0;0
0;0;0;0;0;0;0
0;0;0;0;0;0;0
0.07142857142857142;0;0.07142857142857142;0;0;0;0
0;0;0;0;0;0;0
0;0;0;0;0;0;0
1;0;0;0;0;0;0
0.1111111111111111;0;0;0;0;0;0
0.1111111111111111;0;0;0;0;0;0
0.1111111111111111;0;0;0;0;0;0
0.1111111111111111;0;0;0;0;0;0
0;0;0;0;0;0;0
0.1111111111111111;0;0;0;0;0;0
0;0;0;0;0;0;0
0.03225806451612903;0;0;0;0;0;0
0.03333333333333333;0;0;0;0;0;0
0.03333333333333333;0;0;0;0;0;0
1;0;0;0;0;0;0
0.029411764705882353;0;0;0;0;0;0
0.16666666666666666;0;0;0;0.16666666666666666;0;0
0.16666666666666666;0;0;0;0.16666666666666666;0;0
0.037037037037037035;0.18518518518518517;0;0;0;0;0
0;0;0;0;0;0;0
0.1111111111111111;0;0;0;0;0;0
0.3333333333333333;0;0;0;0;0;0
0.2222222222222222;0;0;0;0;0;0
0;0;0;0;0;0;0
0;0;0;0;0;0;0
0;0;0;0;0;0;0
0;0;0;0;0;0;0
4;0;0;0;0;0;0
0;0;0;0;0;0;0
0;0;0;0;0;0;0
0;0;0;0;0;0;0
0.0625;0;0;0;0;0;0
0.25;0;0;0;0;0;0
0;0;0;0;0;0;0
0.05357142857142857;0.21428571428571427;0;0;0;0;0
0.006493506493506494;0.03896103896103896;0;0;0;0;0
0.024390243902439025;0.024390243902439025;0;0;0;0;0
0;0;0;0;0;0;0
0;0;0;0;0;0;0
0;0;0;0;0;0;0
0;0;0;0;0;0;0
0;0;0;0;0;0;0
0;0;0;0;0;0;0
0.006155805561451921;0.07960093398429208;0.002334960730205901;0;0.0004245383145828911;0.01103799617915517;0
0.006535947712418301;0;0;0;0;0.006535947712418301;0
0;0;0;0;0;0;0
0;0;0;0;0;0;0
0;0;0;0;0;0;0
0;0;0;0;0;0;0
0;0;0;0;0;0;0
0;0;0;0;0;0;0
0;0;0;0;0;0;0
0;0;0;0;0;0;0
0;0;0;0;0;0;0
0.01694915254237288;0;0;0;0;0;0
0;0;0;0;0;0;0
0;0;0;0;0;0;0
0.0033202535466344703;0.11258677935405977;0.003018412315122246;0;0.0006036824630244491;0.0052319146795452255;0
0;0;0;0;0;0;0
0;0;0;0;0;0;0
0;0;0;0;0;0;0
0;0;0;0;0;0;0
0;0;0;0;0;0;0
0;0;0;0;0;0;0
0.044444444444444446;0.022222222222222223;0;0;0;0;0
0.03488372093023256;0.08139534883720931;0;0;0;0;0
0.05660377358490566;0.11320754716981132;0;0;0;0;0
0;0;0;0;0;0;0
0.061224489795918366;0;0;0;0;0;0
0.038461538461538464;0;0;0;0;0;0
0;0;0;0;0;0;0
1;0;0;0;0;0;0
0;0;0;0;0;0;0
0;0;0;0;0;0;0
0;0;0;0;0;0;0
0;0;0;0;0;0;0
0;0;0;0;0;0;0
0;0;0;0;0;0;0
0;0;0;0;0;0;0
0;0;0;0;0;0;0
0;0;0;0;0;0;0
0;0;0;0;0;0;0
0;0;0;0;0;0;0
0;0;0;0;0;0;0
0;0;0;0;0;0;0
0;0;0;0;0;0;0
0;0;0;0;0;0;0
0;0;0;0;0;0;0
0;0;0;0;0;0;0
0.15384615384615385;0;0;0;0;0;0
0;0;0;0;0;0;0
0;0;0;0;0;0;0
0;0;0;0;0;0;0
0;0;0;0;0;0;0
0.08333333333333333;0;0;0;0;0;0
0;0;0;0;0;0;0
0;0;0;0;0;0;0
0;0;0;0;0;0;0
0;0;0;0;0;0;0
0;0;0;0;0;0;0
0.2;0.4;0;0;0;0;0
0;0;0;0;0;0;0
0.23076923076923078;0.15384615384615385;0;0;0;0;0
0;0;0;0;0;0;0
0.05;0.15;0;0;0;0;0
0;0;0;0;0;0;0
0.05;0.15;0;0;0;0;0
0;0;0;0;0;0;0
0;0;0;0;0;0;0
0;0;0;0;0;0;0
0;0;0;0;0;0;0
0;0;0;0;0;0;0
0;0;0;0;0;0;0
0;0;0;0;0;0;0
0;0;0;0;0;0;0
0;0;0;0;0;0;0
1;1;0;0;0;0;0
0;0;1;0;0;0;0
0;0;1;0;0;0;0
0;0;0;0;0;0;0
0;0;0;0;0;0;0
0;0;0;0;0;0;0
0;0;0;0;0;0;0
2;0;0;0;0;0;0
0;0;0;0;0;0;0
0;0;0;0;0;0;0
0;0;0;0;0;0;0
0;0;0;0;0;0;0
0;0;0;0;0;0;0
0;0;0;0;0;0;0
0;0;0;0;0;0;0
0;0;0;0;0;0;0
0;0;0;0;0;0;0
0;0;0;0;0;0;0
0;0;0;0;0;0;0
0;0;0;0;0;0;0
0;0;0;0;0;0;0
0;0;0;0;0;0;0
0;0;0;0;0;0;0
0;0;0;0;0;0;0
0.14285714285714285;0.09523809523809523;0;0;0;0;0
0;0;0;0;0;0;0
0;0;0;0;0;0;0
0.16666666666666666;0;0;0;0;0;0
0;0;0;0;0;0;0
0;0;0;0;0;0;0
3;0;0;0;0;0;0
1;0;0;0;0;0;0
0;0;0;0;0;0;0
0;0;0;0;0;0;0
0;0;0;0;0;0;0
0;0;0;0;0;0;0
0;0;0;0;0;0;0
0;0;0;0;0;0;0
0;0;0;0;0;0;0
0;0;0;0;0;0;0
0;0;0;0;0;0;0
0;0;0;0;0;0;0
0;0;0;0;0;0;0
0;0;0;0;0;0;0
4;0;0;0;0;0;0
0;0;0;0;0;0;0
0;0;0;0;0;0;0
0.6;0;0;0;0;0;0
0.0967741935483871;0.06451612903225806;0;0;0.0967741935483871;0;0
0.45;0;0;0;0;0;0
0;0;0;0;0;0;0
0;0;0;0;0;0;0
0;0;0;0;0;0;0
0;0;0;0;0;0;0
0;0;0;0;0;0;0
0;0.5;0;0;0;0;0
0.1111111111111111;0;0;0;0;0;0
0.1111111111111111;0;0;0;0;0;0
0;0;0;0;0;0;0
0;0;0;0;0;0;0
0;0;0;0;0;0;0
0.07692307692307693;0;0;0;0;0;0
0;0;0;0;0;0;0
2;0;0;0;0;0;0
0;0;0;0;0;0;0
1;0;0;0;0;0;0
0;0;0;0;0;0;0
2;0;0;0;0;0;0
0;0;0;0;0;0;0
0.6666666666666666;0;0;0;0;0;0
0;0;0;0;0;0;0
1;0;0;0;0;0;0
1;0;0;0;0;0;0
0.1111111111111111;0;0;0;0;0;0
0.08629441624365482;0.02030456852791878;0;0.005076142131979695;0;0.005076142131979695;0
0;0;0;0;0;0;0
0.16666666666666666;0;0;0;0;0;0
0;0;0;0;0;0;0
0;0;0;0;0;0;0
1;0;0;0;0;0;0
1;0;0;0;0;0;0
0;0;0;0;0;0;0
1;0;0;0;0;0;0
0;0;0;0;0;0;0
0.09716599190283401;0.004048582995951417;0;0.004048582995951417;0;0.004048582995951417;0
0;0;0;0;0;0;0
1;0;0;0;0;0;0
0.02;0;0;0;0;0;0
0.15384615384615385;0;0;0;0;0;0
0;0;0;0;0;0;0
0;0;0;0;0;0;0
0.2857142857142857;0;0;0;0;0.21428571428571427;0
0;0;0;0;0;0;0
0;0;0;0;0;0;0
0;0;0;0;0;0;0
0;0;0;0;0;0;0
0;0;0;0;0;0;0
0;0;0;0;0;0;0
0;0;0;0;0;0;0
0;0;0;0;0;0;0
0;0;0;0;0;0;0
1;0;0;0;0;0;0
0;0;0;0;0;0;0
2;0;0;0;0;0;0
0;0;0;0;0;0;0
0;0;0;0;0;0;0
1.6666666666666667;0;0;0;0;0;0
2;0;0;0;0;0;0
0;0;0;0;0;0;0
0;0;0;0;0;0;0
0.041666666666666664;0.06944444444444445;0.027777777777777776;0;0;0;0
0;0;0;0;0;0;0
1;0;0;0;0;0;0
0.1111111111111111;0;0.1111111111111111;0;0;0;0
0;0;0;0;0;0;0
0;0;0;0;0;0;0
3;0;0;0;0;0;0
1;0;0;0;0;0;0
0;0;0;0;0;0;0
0;0;0;0;0;0;0
0;0;0;0;0;0;0
0;0;0;0;0;0;0
0;0;0;0;0;0;0
0.0625;0;0;0;0.0625;0;0
0;0;0;0;0;0;0
1;0;0;0;0;0;0
0;0;0;0;0;0;0
0;0;0;0;0;0;0
0;0;0;0;0;0;0
0;0;0;0;0;0;0
0;0;0;0;0;0;0
0;0;0;0;0;0;0
0;0;0;0;0;0;0
0;0;0;0;0;0;0
0;0;0;0;0;0;0
0;0;0;0;0;0;0
0;0;0;0;0;0;0
0;0;0;0;0;0;0
0;0;0;0;0;0;0
0;0;0;0;0;0;0
0;0;0;0;0;0;0
0;0;0;0;0;0;0
1;0;0;0;0;0;0
0;0;0;0;0;0;0
0;0;0;0;0;0;0
0;0;0;0;0;0;0
0;0;0;0;0;0;0
1;0;0;0;0;0;0
0;0;0;0;0;0;0
0;0;0;0;0;0;0
0;0;0;0;0;0;0
1;0;0;0;0;0;0
1;0;0;0;0;0;0
1;0;0;0;0;0;0
0;0;0;0;0;0;0
0;0;0;0;0;0;0
1;0;0;0;0;0;0
1;0;0;0;0;0;0
0.2;0;0;0;0;0;0
1;0;0;0;0;0;0
0;0;0;0;0;0;0
0;0;0;0;0;0;0
0;0;0;0;0;0;0
0;0;0;0;0;0;0
0;0;0;0;0;0;0
0;0;0;0;0;0;0
1;0;0;0;0;0;0
0;0;0;0;0;0;0
0;0;0;0;0;0;0
1;0;0;0;0;0;0
1;0;0;0;0;0;0
0;0;0;0;0;0;0
0.09090909090909091;0;0;0;0;0;0
0;0;0;0;0;0;0
0;0;0;0;0;0;0
0;0;0;0;0;0;0
0;0;0;0;0;0;0
0.14285714285714285;0;0;0;0;0;0
0.2;0;0;0;0;0;0
0.2;0;0;0;0;0;0
0.2;0;0;0;0;0;0
1;0;0;0;0;0;0
0;0;0;0;0;0;0
0.08771929824561403;0;0;0;0;0;0
0;0;0;0;0;0;0
0;0;0;0;0;0;0
0;0;0;0;0;0;0
0.125;0;0;0;0;0;0
2;0;0;0;0;0;0
0;0;0;0;0;0;0
0;0;0;0;0;0;0
0;0;0;0;0;0;0
0;0;0;0;0;0;0
0;0;0;0;0;0;0
0;0;0;0;0;0;0
0;0;0;0;0;0;0
0.038461538461538464;0.11538461538461539;0;0;0;0;0
0;0;0;0;0;0;0
1;0;0;0;0;0;0
0;0;0;0;0;0;0
0;0;0;0;0;0;0
0;0;0;0;0;0;0
0;0;0;0;0;0;0
1;0;0;0;0;0;0
0;0;0;0;0;0;0
0;0;0;0;0;0;0
1;0;0;0;0;0;0
0;0;0;0;0;0;0
0;0.25;0;0;0;0;0
0;0;0;0;0;0;0
0;0;0;0;0;0;0
0;0;0;0;0;0;0
1;0;0;0;0;0;0
1;0;0;0;0;0;0
0;0;0;0;0;0;0
0;0;0;0;0;0;0
0;0;0;0;0;0;0
0;0;0;0;0;0;0
0;0;0;0;0;0;0
1;0;0;0;0;0;0
0;0;0;0;0;0;0
0;0;0;0;0;0;0
0;0;0;0;0;0;0
0.5;0;0;0;0;0;0
0;0;0;0;0;0;0
0;0;0;0;0;0;0
0;0;0;0;0;0;0
0;0;0;0;0;0;0
0;0;0;0;0;0;0
2;0;0;0;0;0;0
0;0;0;0;0;0;0
0;0;0;0;0;0;0
0;0;0;0;0;0;0
0;0;0;0;0;0;0
0.07692307692307693;0;0;0;0;0;0
1;0;0;0;0;0;0
1;0;0;0;0;0;0
0.3333333333333333;0;0;0;0;0;0
1;0;0;0;0;0;0
1;0;0;0;0;0;0
1;0;0;0;0;0;0
0.2;0;0;0;0;0;0
1;0;0;0;0;0;0
0;0;0;0;0;0;0
1;0;0;0;0;0;0
0.10628019323671498;0.0893719806763285;0.0024154589371980675;0;0;0;0
0;0;0;0;0;0;0
0;0;0;0;0;0;0
0;0;0;0;0;0;0
0;0;0;0;0;0;0
0;0;0;0;0;0;0
0;0;0;0;0;0;0
2;0;0;0;0;0;0
0;0;0;0;0;0;0
0;0;0;0;0;0;0
0;0;0;0;0;0;0
0;0;0;0;0;0;0
0;0;0;0;0;0;0
0;0;0;0;0;0;0
1;0;0;0;0;0;0
0;0;1;0;0;0;0
0;0;0;0;0;0;0
0.0673076923076923;0.21153846153846154;0;0;0.21153846153846154;0.009615384615384616;0
0;0;0;0;0;0;0
0;0;0;0;0;0;0
0;0;0;0;0;0;0
1;0;0;0;0;0;0
0;0;0;0;0;0;0
0.19230769230769232;0.038461538461538464;0;0;0;0;0
2;0;0;0;0;0;0
2;0;0;0;0;0;0
2;0;0;0;0;0;0
2;0;0;0;0;0;0
0;0;0;0;0;0;0
0;0;0;0;0;0;0
0;0;0;0;0;0;0
1;0;0;0;0;0;0
1;0;0;0;0;0;0
0;0;0;0;0;0;0
0;0;0;0;0;0;0
0;0;0;0;0;0;0
0;0;0;0;0;0;0
0;0;0;0;0;0;0
0;0;0;0;0;0;0
0;0;0;0;0;0;0
0;0;0;0;0;0;0
0;0;0;0;0;0;0
0;0;0;0;0;0;0
0;0;0;0;0;0;0
0.047619047619047616;0;0;0;0;0;0
0;0;0;0;0;0;0
1;0;0;0;0;0;0
0;0;0;0;0;0;0
0;0;0;0;0;0;0
0;0;0;0;0;0;0
1;0;0;0;0;0;0
1;0;0;0;0;0;0
1;0;0;0;0;0;0
1;0;0;0;0;0;0
1;0;0;0;0;0;0
0;2;0;0;0;0;0
0;0.5714285714285714;0;0;0;0;0
0;0;0;0;0;0;0
0;0;0;0;0;0;0
0;0.4;0;0;0;0;0
1;0;0;0;0;0;0
0;0;0;0;0;0;0
0;0;1;0;0;0;0
1;0;0;0;0;0;0
0;0;0;0;0;0;0
2;0;0;0;0;0;0
0;0;0;0;0;0;0
0;0;0;0;0;0;0
0;0;0;0;0;0;0
0;0;0;0;0;0;0
1;0;0;0;0;0;0
1;0;0;0;0;0;0
0;0;0;0;0;0;0
0;0;0;0;0;0;0
0;0;0;0;0;0;0
0.07692307692307693;0;0;0;0;0;0
1;0;0;0;0;0;0
0;0;0;0;0;0;0
0;0;0;0;0;0;0
0;0;0;0;0;0;0
0;0;0;0;0;0;0
0;0;0;0;0;0;0
1;0;0;0;0;0;0
1;0;0;0;0;0;0
2;0;0;0;0;0;0
0;0;0;0;0;0;0
0;0;0;0;0;0;0
0.07692307692307693;0;0;0;0;0;0
1;0;0;0;0;0;0
0;0;0;0;0;0;0
0;0;0;0;0;0;0
0;0;0;0;0;0;0
0;0;0;0;0;0;0
0;0;0;0;0;0;0
1;0;0;0;0;0;0
1;0;0;0;0;0;0
2;0;0;0;0;0;0
0;0;0;0;0;0;0
1;0;0;0;0;0;0
1;0;0;0;0;0;0
0.058823529411764705;0;0;0;0;0;0
0.4;0;0;0;0.2;0;0
0;0;0;0;0;0;0
0;0;0;0;0;0;0
0;0;0;0;0;0;0
0;0;0;0;0;0;0
0;0;0;0;0;0;0
0;0;0;0;0;0;0
0;0;0;0;0;0;0
0;0;0;0;0;0;0
0.07692307692307693;0;0;0;0;0;0
1;0;0;0;0;0;0
0;0;0;0;0;0;0
0;0;0;0;0;0;0
0;0;0;0;0;0;0
0;0;0;0;0;0;0
0;0;0;0;0;0;0
0;0;0;0;0;0;0
0;0;0;0;0;0;0
0.2727272727272727;0;0;0;0;0;0
0;0;0;0;0;0;0
0;0;0;0;0;0;0
0;0;0;0;0;0;0
0;0;0;0;0;0;0
1;0;0;0;0;0;0
1;0;0;0;0;0;0
1;0;0;0;0;0;0
1;0;0;0;0;0;0
1;0;0;0;0;0;0
1;0;0;0;0;0;0
1;0;0;0;0;0;0
0;0.1;0.05;0;0;0;0
1;0;0;0;0;0;0
1;0;0;0;0;0;0
1;0;0;0;0;0;0
0;0;0;0;0;0;0
1;0;0;0;0;0;0
1;0;0;0;0;0;0
0;0;0;0;0;0;0
0;0;0;0;0;0;0
1;0;0;0;0;0;0
1;0;0;0;0;0;0
1;0;0;0;0;0;0
0;0;0;0;0;0;0
0;0;0;0;0;0;0
0;0;0;0;0;0;0
1;0;0;0;0;0;0
0;0;0;0;0;0;0
1;0;0;0;0;0;0
1;0;0;0;0;0;0
1;0;0;0;0;0;0
0;0;0;0;0;0;0
0;0;0;0;0;0;0
0.125;0.6875;0;0;0;0;0
1;0;0;0;0;0;0
0;0;0;0;0;0;0
2;0;0;0;0;0;0
0;0;0;0;0;0;0
0;0;0;0;0;0;0
0.25;0.625;0;0;0;0;0
0;0;0;0;0;0;0
0.4827586206896552;0.034482758620689655;0;0;0;0;0
0.16666666666666666;0.16666666666666666;0.16666666666666666;0;0;0;0
0.04838709677419355;0;0;0;0;0;0
0;0;0;0;0;0;0
0;0;0;0;0;0;0
0;0;0;0;0;0;0
0.08108108108108109;0.10810810810810811;0;0;0;0;0
0;0;0;0;0;0;0
0.07407407407407407;0;0;0;0;0;0
0;0;0;0;0;0;0
0;0;0;0;0;0;0
0;0;0;0;0;0;0
0;0;0;0;0;0;0
1;0;0;0;0;0;0
0;0;0;0;0;0;0
0;0;0;0;0;0;0
0;0;0;0;0;0;0
0;0;0;0;0;0;0
1;0;0;0;0;0;0
0;0;0;0;0;0;0
1;0;0;0;0;0;0
0;0;0;0;0;0;0
0;0;0;0;0;0;0
0;0;0;0;0;0;0
1;0;0;0;0;0;0
0;0;0;0;0;0;0
0;0;0;0;0;0;0
2;0;0;0;0;0;0
1;0;0;0;0;0;0
1;0;0;0;0;0;0
1;0;0;0;0;0;0
0;0;0;0;0;0;0
2;0;0;0;0;0;0
0;0;0;0;0;0;0
0;0;0;0;0;0;0
0.6666666666666666;0;0;0;0;0;0
1;0;0;0;0;0;0
0;0;0;0;0;0;0
0;0;0;0;0;0;0
0;0;0;0;0;0;0
0;0.024390243902439025;0;0;0;0;0
0.2222222222222222;0.15873015873015872;0.031746031746031744;0;0;0;0
0;0;0;0;0;0;0
0;0.024390243902439025;0;0;0;0;0
0;0;0;0;0;0;0
0;0;0;0;0;0;0
0;0;0;0;0;0;0
0;0;0;0;0;0;0
0;0;0;0;0;0;0
1;0;0;0;0;0;0
1;0;0;0;0;0;0
0;0;0;0;0;0;0
0;0;0;0;0;0;0
2;0;0;0;0;0;0
0.5;0;0;0;0;0;0
2;0;0;0;0;0;0
0;0;0;0;0;0;0
0.06666666666666667;0.13333333333333333;0.06666666666666667;0;0;0;0
0;0;0;0;0;0;0
0;0;0;0;0;0;0
0;0;0;0;0;0;0
0;0;0;0;0;0;0
0;0;0;0;0;0;0
1;0;0;0;0;0;0
0;0;0;0;0;0;0
0;0;0;0;0;0;0
0;0;1;0;0;0;0
0;0;0;0;0;0;0
1;0;0;0;0;0;0
1;0;0;0;0;0;0
0;0;0;0;0;0;0
0;0;0;0;0;0;0
0;0;0;0;0;0;0
0;0;0;0;0;0;0
0;0;0;0;0;0;0
0;0;0;0;0;0;0
1;0;0;0;0;0;0
1;0;0;0;0;0;0
0;0;0;0;0;0;0
1;0;0;0;0;0;0
0.5;0;0;0;0;0;0
0.6666666666666666;0;0;0;0;0;0
0;0;0;0;0;0;0
0;0;0;0;0;0;0
1;0;0;0;0;0;0
1;0;0;0;0;0;0
1;0;0;0;0;0;0
1;0;0;0;0;0;0
0;0;0.2;0;0;0;0
0;0;1;0;0;0;0
0;0;0;0;0;0;0
0;0;0;0;0;0;0
0;0;0;0;0;0;0
0;0;0;0;0;0;0
1;0;0;0;0;0;0
0;0;0;0;0;0;0
0;0;0;0;0;0;0
1;0;0;0;0;0;0
1;0;0;0;0;0;0
0;0;0;0;0;0;0
0;0;0;0;0;0;0
0;0;0;0;0;0;0
1;0;0;0;0;0;0
0;0;0;0;0;0;0
0;0;0;0;0;0;0
0;0;0;0;0;0;0
0.030927835051546393;0.12371134020618557;0;0;0;0.010309278350515464;0
0.030927835051546393;0.12371134020618557;0;0;0;0.010309278350515464;0
0;0;0;0;0;0;0
0.11764705882352941;0;0;0;0;0;0
0;0;0;0;0;0;0
0;0;0;0;0;0;0
0.25757575757575757;0.2878787878787879;0;0;0;0;0
0;0;0;0;0;0;0
0;0;0;0;0;0;0
0.2222222222222222;0;0;0;0;0;0
1;0;0;0;0;0;0
1;0;0;0;0;0;0
0;0;0;0;0;0;0
1;0;0;0;0;0;0
0;0;0;0;0;0;0
1;0;0;0;0;0;0
1;0;0;0;0;0;0
0;0;0;0;0;0;0
1;0;0;0;0;0;0
0;0;0;0;0;0;0
0;0;0;0;0;0;0
2;0;0;0;0;0;0
2;0;0;0;0;0;0
1;0;0;0;0;0;0
0.16666666666666666;0;0;0;0;0;0
1;0;0;0;0;0;0
1;0;0;0;0;0;0
0;0;0;0;0;0;0
1;0;0;0;0;0;0
0;0;0;0;0;0;0
2;0;0;0;0;0;0
0.16666666666666666;0;0;0;0;0;0
0.1642512077294686;0;0.057971014492753624;0;0;0;0
0;0;0;0;0;0;0
0;0;0;0;0;0;0
0;0;0;0;0;0;0
0;0;0;0;0;0;0
0;0;0;0;0;0;0
0;0;0;0;0;0;0
0.5;0;0;0;0;0;0
0;0;0;0;0;0;0
1;0;0;0;0;0;0
0;0;0;0;0;0;0
0;0;0;0;0;0;0
0;0;0;0;0;0;0
0;0;0;0;0;0;0
0;0;0;0;0;0;0
0.005555555555555556;0;0;0;0;0;0
0.2;0;0;0;0;0;0
0.041666666666666664;0;0;0;0;0;0
0;0;0;0;0;0;0
0.20454545454545456;0.09090909090909091;0;0;0;0.022727272727272728;0
0;0;0;0;0;0;0
1;0;0;0;0;0;0
0;0;0;0;0;0;0
0;0;0;0;0;0;0
0;0;0;0;0;0;0
0;0;0;0;0;0;0
1;0;0;0;0;0;0
1;0;0;0;0;0;0
1;0;0;0;0;0;0
0.04878048780487805;0.3902439024390244;0;0;0;0;0
0;0;0;0;0;0;0
0;0;0;0;0;0;0
0;0;0;0;0;0;0
0;0;0;0;0;0;0
0;0;0;0;0;0;0
0;0;0;0;0;0;0
0;0;0;0;0;0;0
0;0;0;0;0;0;0
0;0;0;0;0;0;0
0;0;0;0;0;0;0
0;0;0;0;0;0;0
0;0;0;0;0;0;0
0;0;0;0;0;0;0
0;0;0;0;0;0;0
0;0;0;0;0;0;0
0;0;0;0;0;0;0
0;0;0;0;0;0;0
0;0;0;0;0;0;0
0;0;0;0;0;0;0
0;0;0;0;0;0;0
0;0;0;0;0;0;0
0;0;0;0;0;0;0
0;0;0;0;0;0;0
0;0;0;0;0;0;0
0;0;0;0;0;0;0
0;0;0;0;0;0;0
0;0;0;0;0;0;0
0;0;0;0;0;0;0
0;0;0;0;0;0;0
0;0;0;0;0;0;0
0;0;0;0;0;0;0
0.07142857142857142;0;0;0;0;0;0
0;0;0;0;0;0;0
0;0;0;0;0;0;0
0;0;0;0;0;0;0
0;0;0;0;0;0;0
0;0;0;0;0;0;0
0;0;0;0;0;0;0
0;0;0;0;0;0;0
1;0;0;0;0;0;0
0;0;0;0;0;0;0
1;0;0;0;0;0;0
1;0;0;0;0;0;0
0;0;0;0;0;0;0
0;0;0;0;0;0;0
0;0;0;0;0;0;0
0;0;0;0;0;0;0
0;0;0;0;0;0;0
0;0;0;0;0;0;0
0;0;0;0;0;0;0
0;0;0;0;0;0;0
0;0;0;0;0;0;0
0;0;0;0;0;0;0
1;0;0;0;0;0;0
2;0;0;0;0;0;0
0.07692307692307693;0;0;0;0;0;0
2;0;0;0;0;0;0
0.07692307692307693;0;0;0;0;0;0
0.17857142857142858;0.21428571428571427;0;0;0;0;0
0;0;0;0;0;0;0
0;0;0;0;0;0;0
1;0;0;0;0;0;0
0;0;0;0;0;0;0
0;0;0;0;0;0;0
0;0;0;0;0;0;0
0;0.4;0;0;0;0;0
0;0;0;0;0;0;0
1;0;0;0;0;0;0
1;0;0;0;0;0;0
0;0;0;0;0;0;0
0;0;0;0;0;0;0
0;0;0;0;0;0;0
0;0;0;0;0;0;0
0;0;0;0;0;0;0
0;0;0;0;0;0;0
0;0;0;0;0;0;0
0;0;0;0;0;0;0
1;0;0;0;0;0;0
0;0;0;0;0;0;0
0;0;0;0;0;0;0
0;0;0;0;0;0;0
0;0;0;0;0;0;0
0;0;0;0;0;0;0
0;0;0;0;0;0;0
0;0.25;0;0;0;0;0
0;0;0;0;0;0;0
0;0;0;0;0;0;0
0;0;0;0;0;0;0
0;0;0;0;0;0;0
0;2;0;0;0;0;0
0;2;0;0;0;0;0
0;0;0;0;0;0;0
0;0;0;0;0;0;0
2;0;0;0;0;0;0
0;0;0;0;0;0;0
0;0;0;0;0;0;0
0;0;0;0;0;0;0
0;2;0;0;0;0;0
0;0;0;0;0;0;0
2;0;0;0;0;0;0
0;0.5;0;0;0;0;0
0;0;0;0;0;0;0
1;0;0;0;0;0;0
1;0;0;0;0;0;0
0;0;0;0;0;0;0
0;0;0;0;0;0;0
0;0;0;0;0;0;0
1;0;0;0;0;0;0
0;0;0;0;0;0;0
0;0;0;0;0;0;0
0;0;0;0;0;0;0
0;0;0;0;0;0;0
0;0;0;0;0;0;0
0;0;0;0;0;0;0
0;0;0;0;0;0;0
0;0;0;0;0;0;0
0;0;0;0;0;0;0
0;0;0;0;0;0;0
0.5;0;0;0;0;0;0
0;0;0;0;0;0;0
0;0;0;0;0;0;0
0;0;0;0;0;0;0
0;0;0;0;0;0;0
0;0;0;0;0;0;0
0;0;0;0;0;0;0
0;0;0;0;0;0;0
0.2;0;0;0;0;0;0
0;0;0;0;0;0;0
0.03819444444444445;0.013888888888888888;0;0;0.003472222222222222;0.003472222222222222;0
0;0;0;0;0;0;0
0;0;0;0;0;0;0
0;0;0;0;0;0;0
0;0;0;0;0;0;0
0;0;0;0;0;0;0
0;0;0;0;0;0;0
0;0;0;0;0;0;0
0;0;0;0;0;0;0
0;0;0;0;0;0;0
0;0;0;0;0;0;0
0;0;0;0;0;0;0
2;0;0;0;0;0;0
0;0;0;0;0;0;0
0;0;0;0;0;0;0
0;0;0;0;0;0;0
0;0;0;0;0;0;0
0;0;0;0;0;0;0
0;0;0;0;0;0;0
0;0;0;0;0;0;0
0;2;0;0;0;0;0
2;0;0;0;0;0;0
1;0;0;0;0;0;0
1;0;0;0;0;0;0
1;0;0;0;0;0;0
0;0;0;0;0;0;0
0.09090909090909091;0;0;0;0;0;0
0;0;0;0;0;0;0
0;0;0;0;0;0;0
0.1111111111111111;0;0;0;0;0;0
0.09090909090909091;0;0;0;0;0;0
0;0;0;0;0;0;0
0;0;0;0;0;0;0
0.1111111111111111;0;0;0;0;0;0
1;0;0;0;0;0;0
1;0;0;0;0;0;0
1;0;0;0;0;0;0
1;0;0;0;0;0;0
0;0;0;0;0;0;0
0;0;0;0;0;0;0
0;0;0;0;0;0;0
0.5;0.1;0;0;0;0;0
0;0;0;0;0;0;0
2;0;0;0;0;0;0
0;0;0;0;0;0;0
0;0;0;0;0;0;0
0;0;0;0;0;0;0
0;0;0;0;0;0;0
0;0;0;0;0;0;0
0;0;0;0;0;0;0
0;0;0;0;0;0;0
0;0;0;0;0;0;0
0;0;0;0;0;0;0
0;0;0;0;0;0;0
0;0;0;0;0;0;0
0;0;0;0;0;0;0
0;0;0;0;0;0;0
0;0;0;0;0;0;0
0;0;0;0;0;0;0
0;0;0;0;0;0;0
0.125;0;0;0;0;0;0
2;0;0;0;0;0;0
1;0;0;0;0;0;0
1;0;0;0;0;0;0
0.625;0;0;0;0;0;0
0;0;0;0;0;0;0
0;0;0;0;0;0;0
0;0;0;0;0;0;0
0;0;0;0;0;0;0
0.09090909090909091;0;0;0;0;0;0
0;0;0;0;0;0;0
0;0;0;0;0;0;0
0.25;0.75;0;0;0;0;0
0.09090909090909091;0;0;0;0;0;0
0;0;0;0;0;0;0
0;0;0;0;0;0;0
0;0;0;0;0;0;0
0;0;0;0;0;0;0
0;0;0;0;0;0;0
1;0;0;0;0;0;0
0;0;0;0;0;0;0
0;0.5;0;0;0;0;0
0;0;0;0;0;0;0
0;0;0;0;0;0;0
0;0;0;0;0;0;0
0;0;0;0;0;0;0
0;0;0;0;0;0;0
0;0;0;0;0;0;0
1;0;0;0;0;0;0
1;0;0;0;0;0;0
0;0;0;0;0;0;0
0;0;0;0;0;0;0
0;0;0;0;0;0;0
1;0;1;0;0;0;0
1;0;1;0;0;0;0
1;0;1;0;0;0;0
0;0;0;0;0;0;0
0;0;0;0;0;0;0
0;0;0;0;0;0;0
0;0;0;0;0;0;0
0.2;0.4;0;0;0;0;0
0;0;0;0;0;0;0
0;0;0;0;0;0;0
0;0;0;0;0;0;0
0;0;0;0;0;0;0
0;0.4;0;0;0;0;0
0;0;0;0;0;0;0
0;0;0;0;0;0;0
0;0;0;0;0;0;0
0;0;0;0;0;0;0
0;0.4;0;0;0;0;0
0;0;0;0;0;0;0
0;0;0;0;0;0;0
0;0;0;0;0;0;0
0;0;0;0;0;0;0
0;0;0;0;0;0;0
0.2;0.4;0;0;0;0;0
0;0;0;0;0;0;0
0;0;0;0;0;0;0
0;0;0;0;0;0;0
0;0;0;0;0;0;0
0;0;0;0;0;0;0
0.2;0.4;0;0;0;0;0
0;0;0;0;0;0;0
0;0;0;0;0;0;0
0;0;0;0;0;0;0
1;0;0;0;0;0;0
1;0;0;0;0;0;0
1;0;0;0;0;0;0
1;0;0;0;0;0;0
1;0;0;0;0;0;0
1;0;0;0;0;0;0
1;0;0;0;0;0;0
1;0;0;0;0;0;0
0;0;0;0;0;0;0
0.25;0;0.08333333333333333;0;0;0;0
0.25;0;0.08333333333333333;0;0;0;0
0.25;0;0.08333333333333333;0;0;0;0
1;0;0;0;0;0;0
1;0;0;0;0;0;0
0;0;0;0;0;0;0
1;0;0;0;0;0;0
0;0;0;0;0;0;0
1;0;0;0;0;0;0
0;0;0;0;0;0;0
0;0;0;0;0;0;0
0;0;1;0;0;0;0
0;0;0;0;0;0;0
0;0;1;0;0;0;0
0;0;0;0;0;0;0
0;0;0;0;0;0;0
1;0;0;0;0;0;0
0;0;0;0;0;0;0
0;0;0;0;0;0;0
1;0;0;0;0;0;0
0;0;0;0;0;0;0
0;0;0;0;0;0;0
0;0;0;0;0;0;0
0;0;0;0;0;0;0
1;0;0;0;0;0;0
0;0;0;0;0;0;0
1;0;0;0;0;0;0
0;0;0;0;0;0;0
0;0;0;0;0;0;0
0;0;0;0;0;0;0
0;0;0;0;0;0;0
0;0;0;0;0;0;0
1;0;0;0;0;0;0
0;0;0;0;0;0;0
0;0;0;0;0;0;0
1;0;0;0;0;0;0
0;0;0;0;0;0;0
0;0;0;0;0;0;0
0.5;0;0;0;0;0;0
0.5;0;0;0;0;0;0
0.5;0;0;0;0;0;0
0.5;0;0;0;0;0;0
1;0;0;0;0;0;0
1;0;0;0;0;0;0
0;0;0;0;0;0;0
1;0;0;0;0;0;0
0;0;0;0;0;0;0
0;0;0;0;0;0;0
0.09090909090909091;0;0;0;0;0;0
1;0;0;0;0;0;0
1;0;0;0;0;0;0
0.2857142857142857;0;0;0;0;0;0
0;0;0;0;0;0;0
0;0;0;0;0;0;0
0;0;0;0;0;0;0
0;0;0;0;0;0;0
1;0;0;0;0;0;0
0.2;0;0;0;0;0;0
0.2;0;0;0;0;0;0
0.2857142857142857;0;0;0;0;0;0
0;0;0;0;0;0;0
0;0;0;0;0;0;0
0;0;0;0;0;0;0
1;0;0;0;0;0;0
0;0;0;0;0;0;0
1;0;0;0;0;0;0
0;0;0;0;0;0;0
1;0;0;0;0;0;0
1;0;0;0;0;0;0
0;0;0;0;0;0;0
0;0;0;0;0;0;0
1;0;0;0;0;0;0
1;0;0;0;0;0;0
1;0;0;0;0;0;0
0;0;0;0;0;0;0
0;0;0;0;0;0;0
1;0;0;0;0;0;0
1;0;0;0;0;0;0
0;0;0;0;0;0;0
1;0;0;0;0;0;0
1;0;0;0;0;0;0
0.07692307692307693;0;0;0;0;0;0
1;0;0;0;0;0;0
0;0.4;0;0;0;0;0
0;0;0;0;0;0;0
1;0;0;0;0;0;0
1;0;0;0;0;0;0
0;0;0;0;0;0;0
0;0;0;0;0;0;0
0;0;0;0;0;0;0
0;0;0;0;0;0;0
0;0;0;0;0;0;0
0;0;0;0;0;0;0
0;0;0;0;0;0;0
0;0;0;0;0;0;0
1;0;0;0;0;0;0
0;0;0;0;0;0;0
0;0;0;0;0;0;0
0;0;0;0;0;0;0
1;0;0;0;0;0;0
0;0;0;0;0;0;0
1;0;0;0;0;0;0
0;0;0;0;0;0;0
0;0;0;0;0;0;0
1;0;0;0;0;0;0
0;0;0;0;0;0;0
0;0;0;0;0;0;0
0;0;0;0;0;0;0
0.25;0;0;0;0;0;0
0.2222222222222222;0;0;0;0;0;0
1;0;0;0;0;0;0
1;0;0;0;0;0;0
2;0;0;0;0;0;0
1;0;0;0;0;0;0
0;0;0;0;0;0;0
1;0;0;0;0;0;0
0;0;0;0;0;0;0
0.045454545454545456;0;0;0;0.10606060606060606;0;0
2;0;0;0;0;0;0
2;0;0;0;0;0;0
0;0;0;0;0;0;0
0;0;0;0;0;0;0
1;0;0;0;0;0;0
0;1;0;0;1;0;0
1;0;0;0;0;0;0
1;0;0;0;0;0;0
1;0;0;0;0;0;0
1;0;0;0;0;0;0
1;0;0;0;0;0;0
1;0;0;0;0;0;0
0;0;0.1111111111111111;0;0;0;0
0;0;0;0;0;0;0
1;0;0;0;0;0;0
1;0;0;0;0;0;0
1;0;0;0;0;0;0
1;0;0;0;0;0;0
1;0;0;0;0;0;0
1;0;0;0;0;0;0
0;0;0;0;0;0;0
0;0;0;0;0;0;0
1;0;0;0;0;0;0
1;0;0;0;0;0;0
1;0;0;0;0;0;0
0.045454545454545456;0.36363636363636365;0;0;0;0;0
0;0;0;0;0;0;0
0;0;0;0;0;0;0
0;0;0;0;0;0;0
1;0;0;0;0;0;0
0;0;0;0;0;0;0
0;0;0;0;0;0;0
0;0;0;0;0;0;0
0;0;0;0;0;0;0
0.6428571428571429;0;0;0;0;0;0
0;0;0;0;0;0;0
0;0;0;0;0;0;0
0;0;0;0;0;0;0
0.78125;0;0;0;0;0;0
0;0;0;0;0;0;0
0;0;0;0;0;0;0
0.5555555555555556;0;0;0;0;0;0
0;0;0;0;0;0;0
0;0;0;0;0;0;0
0;0;0;0;0;0;0
0.5;0;0;0;0;0;0
0;0;0;0;0;0;0
0;0;0;0;0;0;0
0;0;0;0;0;0;0
0.5555555555555556;0;0;0;0;0;0
0;0;0;0;0;0;0
0;0;0;0;0;0;0
0;0;0;0;0;0;0
0.5555555555555556;0;0;0;0;0;0
0;0;0;0;0;0;0
0;0;0;0;0;0;0
0;0;0;0;0;0;0
0;0;0;0;0;0;0
0;0;0;0;0;0;0
0;0;0;0;0;0;0
0;0;0;0;0;0;0
0;0;0;0;0;0;0
0;0;0;0;0;0;0
0;0;0;0;0;0;0
0;0;0;0;0;0;0
0;0;0;0;0;0;0
0;0;0;0;0;0;0
0.7647058823529411;0;0;0;0;0;0
0;0;0;0;0;0;0
0;0;0;0;0;0;0
0;0;0;0;0;0;0
0.7142857142857143;0;0;0;0;0;0
0;0;0;0;0;0;0
0;0;0;0;0;0;0
0;0;0;0;0;0;0
0.5;0;0;0;0;0;0
0;0;0;0;0;0;0
0;0;0;0;0;0;0
0;0;0;0;0;0;0
0;0;0;0;0;0;0
0;0;0;0;0;0;0
0;0;0;0;0;0;0
0;0;0;0;0;0;0
0;0;0;0;0;0;0
0;0;0;0;0;0;0
0;0;0;0;0;0;0
0;0;0;0;0;0;0
0;0;0;0;0;0;0
0;0;0;0;0;0;0
0;0;0;0;0;0;0
0;0;0;0;0;0;0
0;0;0;0;0;0;0
0;0;0;0;0;0;0
0;0;0;0;0;0;0
0;0;0;0;0;0;0
0;0;0;0;0;0;0
0;0;0;0;0;0;0
0;0;0;0;0;0;0
0;0;0;0;0;0;0
0;0;0;0;0;0;0
0;0;0;0;0;0;0
0;0;0;0;0;0;0
0;0;0;0;0;0;0
0;0;0;0;0;0;0
0;0;0;0;0;0;0
0;0;0;0;0;0;0
0;0;0;0;0;0;0
0;0;0;0;0;0;0
0;0;0;0;0;0;0
0;0;0;0;0;0;0
0;0;0;0;0;0;0
0;0;0;0;0;0;0
0;0;0;0;0;0;0
0;0;0;0;0;0;0
0;0;0;0;0;0;0
0;0;0;0;0;0;0
0;0;0;0;0;0;0
0;0;0;0;0;0;0
0;0;0;0;0;0;0
0;0;0;0;0;0;0
0;0;0;0;0;0;0
0;0;0;0;0;0;0
0;0;0;0;0;0;0
0;0;0;0;0;0;0
0;0;0;0;0;0;0
0;0;0;0;0;0;0
0;0;0;0;0;0;0
0.6;0;0;0;0;0;0
0;0;0;0;0;0;0
0;0;0;0;0;0;0
0;0;0;0;0;0;0
0;0;0;0;0;0;0
0;0;0;0;0;0;0
0;0;0;0;0;0;0
0;0;0;0;0;0;0
0;0;0;0;0;0;0
0;0;0;0;0;0;0
0;0;0;0;0;0;0
0;0;0;0;0;0;0
0;0;0;0;0;0;0
0;0;0;0;0;0;0
0;0;0;0;0;0;0
0;0;0;0;0;0;0
0;0;0;0;0;0;0
0;0;0;0;0;0;0
0;0;0;0;0;0;0
0;0;0;0;0;0;0
0;0;0;0;0;0;0
0;0;0;0;0;0;0
0;0;0;0;0;0;0
0;0;0;0;0;0;0
0;0;0;0;0;0;0
0;0;0;0;0;0;0
0;0;0;0;0;0;0
0;0;0;0;0;0;0
0;0;0;0;0;0;0
0;0;0;0;0;0;0
0;0;0;0;0;0;0
0;0;0;0;0;0;0
0;0;0;0;0;0;0
0;0;0;0;0;0;0
0;0;0;0;0;0;0
0;0;0;0;0;0;0
0;0;0;0;0;0;0
0;0;0;0;0;0;0
0;0;0;0;0;0;0
0;0;0;0;0;0;0
0;0;0;0;0;0;0
0;0;0;0;0;0;0
0;0;0;0;0;0;0
0;0;0;0;0;0;0
0;0;0;0;0;0;0
0;0;0;0;0;0;0
0;0;0;0;0;0;0
0;0;0;0;0;0;0
0;0;0;0;0;0;0
0;0;0;0;0;0;0
0;0;0;0;0;0;0
0;0;0;0;0;0;0
0;0;0;0;0;0;0
0;0;0;0;0;0;0
0;0;0;0;0;0;0
0;0;0;0;0;0;0
0;0;0;0;0;0;0
0;0;0;0;0;0;0
0;0;0;0;0;0;0
0;0;0;0;0;0;0
0.5555555555555556;0;0;0;0;0;0
0;0;0;0;0;0;0
0;0;0;0;0;0;0
0.42857142857142855;0;0;0;0;0;0
0;0;0;0;0;0;0
0;0;0;0;0;0;0
0.7333333333333333;0;0;0;0;0;0
0;0;0;0;0;0;0
0;0;0;0;0;0;0
0;0;0;0;0;0;0
0;0;0;0;0;0;0
0;0;0;0;0;0;0
0;0;0;0;0;0;0
0;0;0;0;0;0;0
0;0;0;0;0;0;0
0;0;0;0;0;0;0
0;0;0;0;0;0;0
0;0;0;0;0;0;0
0;0;0;0;0;0;0
0;0;0;0;0;0;0
0;0;0;0;0;0;0
0;0;0;0;0;0;0
0;0;0;0;0;0;0
0;0;0;0;0;0;0
0;0;0;0;0;0;0
0;0;0;0;0;0;0
0;0;0;0;0;0;0
0;0;0;0;0;0;0
0;0;0;0;0;0;0
0;0;0;0;0;0;0
0;0;0;0;0;0;0
0;0;0;0;0;0;0
0;0;0;0;0;0;0
0;0;0;0;0;0;0
0;0;0;0;0;0;0
0;0;0;0;0;0;0
0;0;0;0;0;0;0
0;0;0;0;0;0;0
0;0;0;0;0;0;0
0;0;0;0;0;0;0
0;0;0;0;0;0;0
0;0;0;0;0;0;0
0;0;0;0;0;0;0
0;0;0;0;0;0;0
0;0;0;0;0;0;0
0;0;0;0;0;0;0
0;0;0;0;0;0;0
0;0;0;0;0;0;0
0;0;0;0;0;0;0
0;0;0;0;0;0;0
0;0;0;0;0;0;0
0;0;0;0;0;0;0
0;0;0;0;0;0;0
0;0;0;0;0;0;0
0;0;0;0;0;0;0
0;0;0;0;0;0;0
0;0;0;0;0;0;0
0;0;0;0;0;0;0
0;0;0;0;0;0;0
0;0;0;0;0;0;0
0;0;0;0;0;0;0
0;0;0;0;0;0;0
0;0;0;0;0;0;0
0;0;0;0;0;0;0
0;0;0;0;0;0;0
0;0;0;0;0;0;0
0;0;0;0;0;0;0
0;0;0;0;0;0;0
0;0;0;0;0;0;0
0;0;0;0;0;0;0
0;0;0;0;0;0;0
0;0;0;0;0;0;0
0;0;0;0;0;0;0
0;0;0;0;0;0;0
0;0;0;0;0;0;0
0;0;0;0;0;0;0
0;0;0;0;0;0;0
0;0.6666666666666666;0;0;0;0;0
1;0;0;0;0;0;0
0;0;0;0;0;0;0
0;0;0;0;0;0;0
0;0;0;0;0;0;0
1.5;0;0;0;0;0;0
3;0;0;0;0;0;0
2;0;0;0;0;0;0
1;0;0;0;0;0;0
0;0;0;0;0;0;0
0;0;0;0;0;0;0
1;0;0;0;0;0;0
0;0;0;0;0;0;0
0;0;0;0;0;0;0
0;0;0;0;0;0;0
0;0;0;0;0;0;0
1;0;0;0;0;0;0
2;0;0;0;0;0;0
0;0;0;0;0;0;0
1;0;0;0;0;0;0
0;0;0;0;0;0;0
1;0;0;0;0;0;0
1;0;0;0;0;0;0
0;0;0;0;0;0;0
0;0;0;0;0;0;0
0;0;0;0;0;0;0
0;0.4;0;0;0;0;0
0;0;0;0;0;0;0
0;0;0;0;0;0;0
0;0;0;0;0;0;0
0;0.4;0;0;0;0;0
0;0;0;0;0;0;0
0;0;0;0;0;0;0
0;0;0;0;0;0;0
0;0;0;0;0;0;0
1;0;0;0;0;0;0
0;0;0;0;0;0;0
0;0;0;0;0;0;0
0;0;0;0;0;0;0
0;0;0;0;0;0;0
1;0;0;0;0;0;0
0;0;0;0;0;0;0
0;0;0;0;0;0;0
0;0;0;0;0;0;0
0;0;0;0;0;0;0
0;0;0;0;0;0;0
1;0;0;0;0;0;0
0;0;0;0;0;0;0
1;0;0;0;0;0;0
0;0;0;0;0;0;0
1;0;0;0;0;0;0
0.17647058823529413;0;0;0;0;0;0
0;0;0;0;0;0;0
0.125;0;0;0;0;0;0
0;0;0;0;0;0;0
0;0;0;0;0;0;0
0.23529411764705882;0;0;0;0;0;0
0;0;0;0;0;0;0
0.17647058823529413;0;0;0;0;0;0
0;0;0;0;0;0;0
0.16666666666666666;0;0;0;0;0;0
0;0;0;0;0;0;0
0;0;0;0;0;0;0
0.01639344262295082;0.36065573770491804;0;0;0;0;1
0;2;0;0;0;0;1
0;0.5714285714285714;0;0;0;0;1
0.01639344262295082;0.36065573770491804;0;0;0;0;1
0;2;0;0;0;0;1
0;0.5714285714285714;0;0;0;0;1
0.15789473684210525;0.10526315789473684;0;0;0.05263157894736842;0;1
0.045454545454545456;0.1590909090909091;0;0;0;0;1
1;0;0;0;0;0;1
1;0;0;0;0;0;1
0;0;0;0;0;0;1
1;0;0;0;0;0;1
0;0;0;0;0;0;1
0;0;0;0;0;0;1
0;0;0;0;0;0;1
1;0;0;0;0;0;1
0;0;0;0;0;0;1
0;0;0;0;0;0;1
0;0;0;0;0;0;1
0;0;0;0;0;0;1
0;0;0;0;0;0;1
0;0;0;0;0;0;1
0;0;0;0;0;0;1
0;0;0;0;0;0;1
0;0;0;0;0;0;1
0;0;0;0;0;0;1
1;0;0;0;0;0;1
1;0;0;0;0;0;1
1;0;0;0;0;0;1
1;0;0;0;0;0;1
0;0;0;0;0;0;1
0;0;0;0;0;0;1
0;0;0;0;0;0;1
0;0;0;0;0;0;1
0;0;0;0;0;0;1
0.25;0;0;0;0;0;1
0.020052135552436335;0.07178664527772208;0.0020052135552436332;0;0.00060156406657309;0.010828153198315621;1
0.009523809523809525;0;0;0;0;0;1
0.028874875539329572;0.11848655824759376;0.003318951211417192;0;0.0006637902422834385;0.0019913707268503153;1
0;0;0;0;0;0;1
0;0;0;0;0;0;1
0;0;0;0;0;0;1
0;0;0;0;0;0;1
0;0;0;0;0;0;1
0;0;0;0;0;0;1
0;0;0;0;0;0;1
0;0;0;0;0;0;1
0;0;0;0;0;0;1
0;0;0;0;0;0;1
0;0;0;0;0;0;1
0;0;0;0;0;0;1
0.015942163314486977;0.10112151265177495;0.0027806098804337752;0;0.0008341829641301325;0.005375845768838632;1
0.015942163314486977;0.10112151265177495;0.0027806098804337752;0;0.0008341829641301325;0.005375845768838632;1
0.015151515151515152;0.015151515151515152;0;0;0;0;1
0.1111111111111111;0;0;0;0;0;1
0.1111111111111111;0;0;0;0;0;1
0;0;0;0;0;0;1
0;0;0;0;0;0;1
0;0;0;0;0;0;1
0;0;0;0;0;0;1
0;0;0;0;0;0;1
0;0;0;0;0;0;1
0;0;0;0;0;0;1
0;0;0;0;0;0;1
0;0;0;0;0;0;1
1;0;0;0;0;0;1
1;0;0;0;0;0;1
1;0;0;0;0;0;1
0;0;0;0;0;0;1
0;0;0;0;0;0;1
1;0;0;0;0;0;1
0;0;0;0;0;0;1
0;0;0;0;0;0;1
2;0;0;0;0;0;1
2;0;0;0;0;0;1
0;0;0;0;0;0;1
0;0;0;0;0;0;1
0;0;0;0;0;0;1
0;0;0;0;0;0;1
0;0;0;0;0;0;1
0;0;0;0;0;0;1
0;0;0;0;0;0;1
0;0;0;0;0;0;1
1;0;0;0;0;0;1
1;0;0;0;0;0;1
0;0;0;0;0;0;1
0;0;0;0;0;0;1
1;0;0;0;0;0;1
1;0;0;0;0;0;1
1;0;0;0;0;0;1
1;0;0;0;0;0;1
1;0;0;0;0;0;1
1;0;0;0;0;0;1
1;0;0;0;0;0;1
1;0;0;0;0;0;1
1;0;0;0;0;0;1
0;0;0;0;0;0;1
0;0;0;0;0;0;1
0;0.4;0;0;0;0;1
0;0.4;0;0;0;0;1
0;0;0;0;0;0;1
0;0;0;0;0;0;1
0;0;0;0;0;0;1
0;0;0;0;0;0;1
0.15789473684210525;0.10526315789473684;0;0;0.05263157894736842;0;1
0.045454545454545456;0.1590909090909091;0;0;0;0;1
1;0;0;0;0;0;1
1;0;0;0;0;0;1
0;0;0;0;0;0;1
1;0;0;0;0;0;1
0;0;0;0;0;0;1
0;0;0;0;0;0;1
0;0;0;0;0;0;1
1;0;0;0;0;0;1
0;0;0;0;0;0;1
0;0;0;0;0;0;1
0;0;0;0;0;0;1
1;0;0;0;0;0;1
0;0;0;0;0;0;1
0;0;0;0;0;0;1
0;0;0;0;0;0;1
1;0;0;0;0;0;1
0;0;0;0;0;0;1
0;0;0;0;0;0;1
0;0;0;0;0;0;1
1;0;0;0;0;0;1
0;0;0;0;0;0;1
0;0;0;0;0;0;1
0;0;0;0;0;0;1
0;0;0;0;0;0;1
0;0;0;0;0;0;1
0;0;0;0;0;0;1
0;0;0;0;0;0;1
0;0;0;0;0;0;1
0;0;0;0;0;0;1
1;0;0;0;0;0;1
1;0;0;0;0;0;1
1;0;0;0;0;0;1
1;0;0;0;0;0;1
0;0;0;0;0;0;1
0;0;0;0;0;0;1
0;0;0;0;0;0;1
0;0;0;0;0;0;1
0;0;0;0;0;0;1
0;0;0;0;0;0;1
0;0;0;0;0;0;1
0;0;0;0;0;0;1
0;0;0;0;0;0;1
0;0;0;0;0;0;1
0;0;0;0;0;0;1
0;0;0;0;0;0;1
0;0;0;0;0;0;1
0;0;0;0;0;0;1
0;0;0;0;0;0;1
0;0;0;0;0;0;1
0;0;0;0;0;0;1
0;0;0;0;0;0;1
0;0;0;0;0;0;1
0;0;0;0;0;0;1
0.25;0;0;0;0;0;1
0.020052135552436335;0.07178664527772208;0.0020052135552436332;0;0.00060156406657309;0.010828153198315621;1
0.009523809523809525;0;0;0;0;0;1
0.028874875539329572;0.11848655824759376;0.003318951211417192;0;0.0006637902422834385;0.0019913707268503153;1
0;0;0;0;0;0;1
0;0;0;0;0;0;1
0;0;0;0;0;0;1
0;0;0;0;0;0;1
0;0;0;0;0;0;1
0;0;0;0;0;0;1
0;0;0;0;0;0;1
0;0;0;0;0;0;1
0;0;0;0;0;0;1
0;0;0;0;0;0;1
0;0;0;0;0;0;1
0;0;0;0;0;0;1
0.015942163314486977;0.10112151265177495;0.0027806098804337752;0;0.0008341829641301325;0.005375845768838632;1
0.015942163314486977;0.10112151265177495;0.0027806098804337752;0;0.0008341829641301325;0.005375845768838632;1
0.015151515151515152;0.015151515151515152;0;0;0;0;1
0.1111111111111111;0;0;0;0;0;1
0.1111111111111111;0;0;0;0;0;1
0.1111111111111111;0;0;0;0;0;1
0.1111111111111111;0;0;0;0;0;1
0;0;0;0;0;0;1
0;0;0;0;0;0;1
0;0;0;0;0;0;1
0;0;0;0;0;0;1
0;0;0;0;0;0;1
0;0;0;0;0;0;1
0;0;0;0;0;0;1
0;0;0;0;0;0;1
1;0;0;0;0;0;1
1;0;0;0;0;0;1
1;0;0;0;0;0;1
0;0;0;0;0;0;1
0;0;0;0;0;0;1
1;0;0;0;0;0;1
0;0;0;0;0;0;1
0;0;0;0;0;0;1
2;0;0;0;0;0;1
0;0;0;0;0;0;1
0;0;0;0;0;0;1
0;0;0;0;0;0;1
0;0;0;0;0;0;1
1;0;0;0;0;0;1
0;0;0;0;0;0;1
0;0.4;0;0;0;0;1
0;0.4;0;0;0;0;1
0;0;0;0;0;0;1
0;0;0;0;0;0;1
