[{"MethodName":"GradleLauncher.Program.Main","MethodType":2,"FilePath":"C:\\Users\\BjornJ\\dev\\repos\\resharper-unity\\resharper\\gradle-launcher\\Program.cs","Metrics":{"DepthOfInheritanceTree":0,"LackOfCohesionOfMethods":10,"WeightedMethodsPerClass":10,"ResponseForAClass":29,"SourceLinesOfCode":16,"CommentDensity":5,"LambdaCount":0,"SourceLinesOfLambda":0,"LambdaScore":0,"LambdaFieldVariableUsageCount":0,"LambdaLocalVariableUsageCount":0,"LambdaSideEffectCount":0,"UnterminatedCollections":0,"CyclomaticComplexity":3},"Violations":[{"Distance":2,"Violation":10},{"Distance":1,"Violation":1},{"Distance":1,"Violation":10},{"Distance":1,"Violation":10},{"Distance":1,"Violation":10},{"Distance":1,"Violation":10},{"Distance":2,"Violation":30},{"Distance":2,"Violation":30},{"Distance":2,"Violation":30},{"Distance":3,"Violation":21},{"Distance":2,"Violation":30},{"Distance":2,"Violation":30},{"Distance":3,"Violation":11},{"Distance":1,"Violation":1},{"Distance":1,"Violation":10},{"Distance":1,"Violation":10},{"Distance":3,"Violation":21},{"Distance":3,"Violation":11}],"DependencyCount":21,"TotalLinesOfSourceCode":61},{"MethodName":"GradleLauncher.Program.IsWindows","MethodType":2,"FilePath":"C:\\Users\\BjornJ\\dev\\repos\\resharper-unity\\resharper\\gradle-launcher\\Program.cs","Metrics":{"DepthOfInheritanceTree":0,"LackOfCohesionOfMethods":10,"WeightedMethodsPerClass":10,"ResponseForAClass":29,"SourceLinesOfCode":5,"CommentDensity":0,"LambdaCount":0,"SourceLinesOfLambda":0,"LambdaScore":0,"LambdaFieldVariableUsageCount":0,"LambdaLocalVariableUsageCount":0,"LambdaSideEffectCount":0,"UnterminatedCollections":0,"CyclomaticComplexity":2},"Violations":[],"DependencyCount":0,"TotalLinesOfSourceCode":5},{"MethodName":"GradleLauncher.Program.ExecuteBatchFile","MethodType":2,"FilePath":"C:\\Users\\BjornJ\\dev\\repos\\resharper-unity\\resharper\\gradle-launcher\\Program.cs","Metrics":{"DepthOfInheritanceTree":0,"LackOfCohesionOfMethods":10,"WeightedMethodsPerClass":10,"ResponseForAClass":29,"SourceLinesOfCode":24,"CommentDensity":0,"LambdaCount":2,"SourceLinesOfLambda":4,"LambdaScore":16,"LambdaFieldVariableUsageCount":0,"LambdaLocalVariableUsageCount":0,"LambdaSideEffectCount":0,"UnterminatedCollections":0,"CyclomaticComplexity":2},"Violations":[{"Distance":0,"Violation":1},{"Distance":0,"Violation":10},{"Distance":0,"Violation":10},{"Distance":0,"Violation":10},{"Distance":0,"Violation":10},{"Distance":1,"Violation":30},{"Distance":1,"Violation":30},{"Distance":1,"Violation":30},{"Distance":2,"Violation":21},{"Distance":1,"Violation":30},{"Distance":1,"Violation":30},{"Distance":2,"Violation":11}],"DependencyCount":10,"TotalLinesOfSourceCode":24},{"MethodName":"GradleLauncher.Program.ExecuteShellScript","MethodType":2,"FilePath":"C:\\Users\\BjornJ\\dev\\repos\\resharper-unity\\resharper\\gradle-launcher\\Program.cs","Metrics":{"DepthOfInheritanceTree":0,"LackOfCohesionOfMethods":10,"WeightedMethodsPerClass":10,"ResponseForAClass":29,"SourceLinesOfCode":16,"CommentDensity":0,"LambdaCount":0,"SourceLinesOfLambda":0,"LambdaScore":0,"LambdaFieldVariableUsageCount":0,"LambdaLocalVariableUsageCount":0,"LambdaSideEffectCount":0,"UnterminatedCollections":0,"CyclomaticComplexity":2},"Violations":[{"Distance":0,"Violation":1},{"Distance":0,"Violation":10},{"Distance":0,"Violation":10},{"Distance":2,"Violation":21},{"Distance":2,"Violation":11}],"DependencyCount":4,"TotalLinesOfSourceCode":16},{"MethodName":"GradleLauncher.Program.FormatArgs","MethodType":2,"FilePath":"C:\\Users\\BjornJ\\dev\\repos\\resharper-unity\\resharper\\gradle-launcher\\Program.cs","Metrics":{"DepthOfInheritanceTree":0,"LackOfCohesionOfMethods":10,"WeightedMethodsPerClass":10,"ResponseForAClass":29,"SourceLinesOfCode":4,"CommentDensity":0,"LambdaCount":0,"SourceLinesOfLambda":0,"LambdaScore":0,"LambdaFieldVariableUsageCount":0,"LambdaLocalVariableUsageCount":0,"LambdaSideEffectCount":0,"UnterminatedCollections":0,"CyclomaticComplexity":1},"Violations":[],"DependencyCount":1,"TotalLinesOfSourceCode":4},{"MethodName":"GradleLauncher.Program.ExecuteBatchFile.\u003Clambda\u003E.0","MethodType":0,"FilePath":"C:\\Users\\BjornJ\\dev\\repos\\resharper-unity\\resharper\\gradle-launcher\\Program.cs","Metrics":{"DepthOfInheritanceTree":0,"LackOfCohesionOfMethods":10,"WeightedMethodsPerClass":10,"ResponseForAClass":29,"SourceLinesOfCode":2,"CommentDensity":0,"LambdaCount":1,"SourceLinesOfLambda":0,"LambdaScore":0,"LambdaFieldVariableUsageCount":0,"LambdaLocalVariableUsageCount":0,"LambdaSideEffectCount":0,"UnterminatedCollections":0,"CyclomaticComplexity":1},"Violations":[],"DependencyCount":1,"TotalLinesOfSourceCode":2},{"MethodName":"GradleLauncher.Program.ExecuteBatchFile.\u003Clambda\u003E.1","MethodType":0,"FilePath":"C:\\Users\\BjornJ\\dev\\repos\\resharper-unity\\resharper\\gradle-launcher\\Program.cs","Metrics":{"DepthOfInheritanceTree":0,"LackOfCohesionOfMethods":10,"WeightedMethodsPerClass":10,"ResponseForAClass":29,"SourceLinesOfCode":2,"CommentDensity":0,"LambdaCount":1,"SourceLinesOfLambda":0,"LambdaScore":0,"LambdaFieldVariableUsageCount":0,"LambdaLocalVariableUsageCount":0,"LambdaSideEffectCount":0,"UnterminatedCollections":0,"CyclomaticComplexity":1},"Violations":[],"DependencyCount":1,"TotalLinesOfSourceCode":2},{"MethodName":"JetBrains.Rider.Plugins.Unity.iOS.ListUsbDevices.ListDevices.GetDevices","MethodType":2,"FilePath":"C:\\Users\\BjornJ\\dev\\repos\\resharper-unity\\debugger\\ios-list-usb-devices\\src\\ListDevices.cs","Metrics":{"DepthOfInheritanceTree":0,"LackOfCohesionOfMethods":1,"WeightedMethodsPerClass":5,"ResponseForAClass":14,"SourceLinesOfCode":13,"CommentDensity":0,"LambdaCount":0,"SourceLinesOfLambda":0,"LambdaScore":0,"LambdaFieldVariableUsageCount":0,"LambdaLocalVariableUsageCount":0,"LambdaSideEffectCount":0,"UnterminatedCollections":0,"CyclomaticComplexity":4},"Violations":[{"Distance":0,"Violation":11},{"Distance":0,"Violation":20},{"Distance":0,"Violation":20},{"Distance":0,"Violation":11},{"Distance":0,"Violation":11},{"Distance":1,"Violation":30},{"Distance":1,"Violation":30},{"Distance":1,"Violation":30},{"Distance":1,"Violation":30},{"Distance":1,"Violation":30}],"DependencyCount":5,"TotalLinesOfSourceCode":13},{"MethodName":"JetBrains.Rider.Plugins.Unity.iOS.ListUsbDevices.ListDevices.Dispose","MethodType":2,"FilePath":"C:\\Users\\BjornJ\\dev\\repos\\resharper-unity\\debugger\\ios-list-usb-devices\\src\\ListDevices.cs","Metrics":{"DepthOfInheritanceTree":0,"LackOfCohesionOfMethods":1,"WeightedMethodsPerClass":5,"ResponseForAClass":14,"SourceLinesOfCode":5,"CommentDensity":0,"LambdaCount":0,"SourceLinesOfLambda":0,"LambdaScore":0,"LambdaFieldVariableUsageCount":0,"LambdaLocalVariableUsageCount":0,"LambdaSideEffectCount":0,"UnterminatedCollections":0,"CyclomaticComplexity":1},"Violations":[{"Distance":0,"Violation":20},{"Distance":1,"Violation":30},{"Distance":1,"Violation":30}],"DependencyCount":2,"TotalLinesOfSourceCode":5},{"MethodName":"JetBrains.Rider.Plugins.Unity.iOS.ListUsbDevices.Program.Main","MethodType":2,"FilePath":"C:\\Users\\BjornJ\\dev\\repos\\resharper-unity\\debugger\\ios-list-usb-devices\\src\\Program.cs","Metrics":{"DepthOfInheritanceTree":0,"LackOfCohesionOfMethods":3,"WeightedMethodsPerClass":12,"ResponseForAClass":24,"SourceLinesOfCode":33,"CommentDensity":0,"LambdaCount":0,"SourceLinesOfLambda":0,"LambdaScore":0,"LambdaFieldVariableUsageCount":0,"LambdaLocalVariableUsageCount":0,"LambdaSideEffectCount":0,"UnterminatedCollections":0,"CyclomaticComplexity":6},"Violations":[{"Distance":1,"Violation":30},{"Distance":1,"Violation":30},{"Distance":2,"Violation":30},{"Distance":2,"Violation":30},{"Distance":2,"Violation":30},{"Distance":1,"Violation":30},{"Distance":1,"Violation":30},{"Distance":2,"Violation":30},{"Distance":2,"Violation":30},{"Distance":2,"Violation":30},{"Distance":2,"Violation":30},{"Distance":2,"Violation":30},{"Distance":1,"Violation":30},{"Distance":1,"Violation":30},{"Distance":1,"Violation":30},{"Distance":1,"Violation":30},{"Distance":1,"Violation":30}],"DependencyCount":19,"TotalLinesOfSourceCode":63},{"MethodName":"JetBrains.Rider.Plugins.Unity.iOS.ListUsbDevices.Program.InitialiseWinSock","MethodType":2,"FilePath":"C:\\Users\\BjornJ\\dev\\repos\\resharper-unity\\debugger\\ios-list-usb-devices\\src\\Program.cs","Metrics":{"DepthOfInheritanceTree":0,"LackOfCohesionOfMethods":3,"WeightedMethodsPerClass":12,"ResponseForAClass":24,"SourceLinesOfCode":13,"CommentDensity":13,"LambdaCount":0,"SourceLinesOfLambda":0,"LambdaScore":0,"LambdaFieldVariableUsageCount":0,"LambdaLocalVariableUsageCount":0,"LambdaSideEffectCount":0,"UnterminatedCollections":0,"CyclomaticComplexity":2},"Violations":[{"Distance":1,"Violation":30},{"Distance":1,"Violation":30},{"Distance":1,"Violation":30}],"DependencyCount":3,"TotalLinesOfSourceCode":13},{"MethodName":"JetBrains.Rider.Plugins.Unity.iOS.ListUsbDevices.Program.StartAwaitStopCommandBackgroundTask","MethodType":2,"FilePath":"C:\\Users\\BjornJ\\dev\\repos\\resharper-unity\\debugger\\ios-list-usb-devices\\src\\Program.cs","Metrics":{"DepthOfInheritanceTree":0,"LackOfCohesionOfMethods":3,"WeightedMethodsPerClass":12,"ResponseForAClass":24,"SourceLinesOfCode":17,"CommentDensity":5,"LambdaCount":1,"SourceLinesOfLambda":12,"LambdaScore":70,"LambdaFieldVariableUsageCount":0,"LambdaLocalVariableUsageCount":2,"LambdaSideEffectCount":0,"UnterminatedCollections":0,"CyclomaticComplexity":4},"Violations":[{"Distance":1,"Violation":30},{"Distance":1,"Violation":30},{"Distance":1,"Violation":30},{"Distance":1,"Violation":30},{"Distance":1,"Violation":30}],"DependencyCount":5,"TotalLinesOfSourceCode":17},{"MethodName":"JetBrains.Rider.Plugins.Unity.iOS.ListUsbDevices.Program.StartAwaitStopCommandBackgroundTask.\u003Clambda\u003E.0","MethodType":0,"FilePath":"C:\\Users\\BjornJ\\dev\\repos\\resharper-unity\\debugger\\ios-list-usb-devices\\src\\Program.cs","Metrics":{"DepthOfInheritanceTree":0,"LackOfCohesionOfMethods":3,"WeightedMethodsPerClass":12,"ResponseForAClass":24,"SourceLinesOfCode":12,"CommentDensity":0,"LambdaCount":1,"SourceLinesOfLambda":0,"LambdaScore":0,"LambdaFieldVariableUsageCount":0,"LambdaLocalVariableUsageCount":2,"LambdaSideEffectCount":0,"UnterminatedCollections":0,"CyclomaticComplexity":4},"Violations":[{"Distance":1,"Violation":30},{"Distance":1,"Violation":30},{"Distance":1,"Violation":30}],"DependencyCount":3,"TotalLinesOfSourceCode":12},{"MethodName":"JetBrains.Debugger.Worker.Plugins.Unity.IDllLoader.LoadLibrary","MethodType":2,"FilePath":"C:\\Users\\BjornJ\\dev\\repos\\resharper-unity\\debugger\\usbmuxd\\DllLoader.cs","Metrics":{"SourceLinesOfCode":1,"CommentDensity":0,"LambdaCount":0,"SourceLinesOfLambda":0,"LambdaScore":0,"LambdaFieldVariableUsageCount":0,"LambdaLocalVariableUsageCount":0,"LambdaSideEffectCount":0,"UnterminatedCollections":0,"CyclomaticComplexity":1},"Violations":[],"DependencyCount":0,"TotalLinesOfSourceCode":1},{"MethodName":"JetBrains.Debugger.Worker.Plugins.Unity.IDllLoader.FreeLibrary","MethodType":2,"FilePath":"C:\\Users\\BjornJ\\dev\\repos\\resharper-unity\\debugger\\usbmuxd\\DllLoader.cs","Metrics":{"SourceLinesOfCode":1,"CommentDensity":0,"LambdaCount":0,"SourceLinesOfLambda":0,"LambdaScore":0,"LambdaFieldVariableUsageCount":0,"LambdaLocalVariableUsageCount":0,"LambdaSideEffectCount":0,"UnterminatedCollections":0,"CyclomaticComplexity":1},"Violations":[],"DependencyCount":0,"TotalLinesOfSourceCode":1},{"MethodName":"JetBrains.Debugger.Worker.Plugins.Unity.IDllLoader.GetProcAddress","MethodType":2,"FilePath":"C:\\Users\\BjornJ\\dev\\repos\\resharper-unity\\debugger\\usbmuxd\\DllLoader.cs","Metrics":{"SourceLinesOfCode":1,"CommentDensity":0,"LambdaCount":0,"SourceLinesOfLambda":0,"LambdaScore":0,"LambdaFieldVariableUsageCount":0,"LambdaLocalVariableUsageCount":0,"LambdaSideEffectCount":0,"UnterminatedCollections":0,"CyclomaticComplexity":1},"Violations":[],"DependencyCount":0,"TotalLinesOfSourceCode":1},{"MethodName":"JetBrains.Debugger.Worker.Plugins.Unity.WindowsDllLoader.JetBrains.Debugger.Worker.Plugins.Unity.IDllLoader.LoadLibrary","MethodType":2,"FilePath":"C:\\Users\\BjornJ\\dev\\repos\\resharper-unity\\debugger\\usbmuxd\\DllLoader.cs","Metrics":{"DepthOfInheritanceTree":0,"LackOfCohesionOfMethods":3,"WeightedMethodsPerClass":7,"ResponseForAClass":11,"SourceLinesOfCode":6,"CommentDensity":0,"LambdaCount":0,"SourceLinesOfLambda":0,"LambdaScore":0,"LambdaFieldVariableUsageCount":0,"LambdaLocalVariableUsageCount":0,"LambdaSideEffectCount":0,"UnterminatedCollections":0,"CyclomaticComplexity":2},"Violations":[{"Distance":0,"Violation":1},{"Distance":1,"Violation":30}],"DependencyCount":2,"TotalLinesOfSourceCode":8},{"MethodName":"JetBrains.Debugger.Worker.Plugins.Unity.WindowsDllLoader.JetBrains.Debugger.Worker.Plugins.Unity.IDllLoader.FreeLibrary","MethodType":2,"FilePath":"C:\\Users\\BjornJ\\dev\\repos\\resharper-unity\\debugger\\usbmuxd\\DllLoader.cs","Metrics":{"DepthOfInheritanceTree":0,"LackOfCohesionOfMethods":3,"WeightedMethodsPerClass":7,"ResponseForAClass":11,"SourceLinesOfCode":4,"CommentDensity":0,"LambdaCount":0,"SourceLinesOfLambda":0,"LambdaScore":0,"LambdaFieldVariableUsageCount":0,"LambdaLocalVariableUsageCount":0,"LambdaSideEffectCount":0,"UnterminatedCollections":0,"CyclomaticComplexity":1},"Violations":[],"DependencyCount":1,"TotalLinesOfSourceCode":6},{"MethodName":"JetBrains.Debugger.Worker.Plugins.Unity.WindowsDllLoader.JetBrains.Debugger.Worker.Plugins.Unity.IDllLoader.GetProcAddress","MethodType":2,"FilePath":"C:\\Users\\BjornJ\\dev\\repos\\resharper-unity\\debugger\\usbmuxd\\DllLoader.cs","Metrics":{"DepthOfInheritanceTree":0,"LackOfCohesionOfMethods":3,"WeightedMethodsPerClass":7,"ResponseForAClass":11,"SourceLinesOfCode":4,"CommentDensity":0,"LambdaCount":0,"SourceLinesOfLambda":0,"LambdaScore":0,"LambdaFieldVariableUsageCount":0,"LambdaLocalVariableUsageCount":0,"LambdaSideEffectCount":0,"UnterminatedCollections":0,"CyclomaticComplexity":1},"Violations":[],"DependencyCount":1,"TotalLinesOfSourceCode":6},{"MethodName":"JetBrains.Debugger.Worker.Plugins.Unity.WindowsDllLoader.LoadLibrary","MethodType":2,"FilePath":"C:\\Users\\BjornJ\\dev\\repos\\resharper-unity\\debugger\\usbmuxd\\DllLoader.cs","Metrics":{"DepthOfInheritanceTree":0,"LackOfCohesionOfMethods":3,"WeightedMethodsPerClass":7,"ResponseForAClass":11,"SourceLinesOfCode":2,"CommentDensity":0,"LambdaCount":0,"SourceLinesOfLambda":0,"LambdaScore":0,"LambdaFieldVariableUsageCount":0,"LambdaLocalVariableUsageCount":0,"LambdaSideEffectCount":0,"UnterminatedCollections":0,"CyclomaticComplexity":1},"Violations":[],"DependencyCount":0,"TotalLinesOfSourceCode":2},{"MethodName":"JetBrains.Debugger.Worker.Plugins.Unity.WindowsDllLoader.FreeLibrary","MethodType":2,"FilePath":"C:\\Users\\BjornJ\\dev\\repos\\resharper-unity\\debugger\\usbmuxd\\DllLoader.cs","Metrics":{"DepthOfInheritanceTree":0,"LackOfCohesionOfMethods":3,"WeightedMethodsPerClass":7,"ResponseForAClass":11,"SourceLinesOfCode":2,"CommentDensity":0,"LambdaCount":0,"SourceLinesOfLambda":0,"LambdaScore":0,"LambdaFieldVariableUsageCount":0,"LambdaLocalVariableUsageCount":0,"LambdaSideEffectCount":0,"UnterminatedCollections":0,"CyclomaticComplexity":1},"Violations":[],"DependencyCount":0,"TotalLinesOfSourceCode":2},{"MethodName":"JetBrains.Debugger.Worker.Plugins.Unity.WindowsDllLoader.GetProcAddress","MethodType":2,"FilePath":"C:\\Users\\BjornJ\\dev\\repos\\resharper-unity\\debugger\\usbmuxd\\DllLoader.cs","Metrics":{"DepthOfInheritanceTree":0,"LackOfCohesionOfMethods":3,"WeightedMethodsPerClass":7,"ResponseForAClass":11,"SourceLinesOfCode":2,"CommentDensity":0,"LambdaCount":0,"SourceLinesOfLambda":0,"LambdaScore":0,"LambdaFieldVariableUsageCount":0,"LambdaLocalVariableUsageCount":0,"LambdaSideEffectCount":0,"UnterminatedCollections":0,"CyclomaticComplexity":1},"Violations":[],"DependencyCount":0,"TotalLinesOfSourceCode":2},{"MethodName":"JetBrains.Debugger.Worker.Plugins.Unity.PosixDllLoader.LoadLibrary","MethodType":2,"FilePath":"C:\\Users\\BjornJ\\dev\\repos\\resharper-unity\\debugger\\usbmuxd\\DllLoader.cs","Metrics":{"DepthOfInheritanceTree":0,"LackOfCohesionOfMethods":21,"WeightedMethodsPerClass":10,"ResponseForAClass":20,"SourceLinesOfCode":12,"CommentDensity":7,"LambdaCount":0,"SourceLinesOfLambda":0,"LambdaScore":0,"LambdaFieldVariableUsageCount":0,"LambdaLocalVariableUsageCount":0,"LambdaSideEffectCount":0,"UnterminatedCollections":0,"CyclomaticComplexity":3},"Violations":[{"Distance":0,"Violation":1},{"Distance":0,"Violation":1},{"Distance":1,"Violation":30},{"Distance":1,"Violation":30}],"DependencyCount":5,"TotalLinesOfSourceCode":18},{"MethodName":"JetBrains.Debugger.Worker.Plugins.Unity.PosixDllLoader.FreeLibrary","MethodType":2,"FilePath":"C:\\Users\\BjornJ\\dev\\repos\\resharper-unity\\debugger\\usbmuxd\\DllLoader.cs","Metrics":{"DepthOfInheritanceTree":0,"LackOfCohesionOfMethods":21,"WeightedMethodsPerClass":10,"ResponseForAClass":20,"SourceLinesOfCode":4,"CommentDensity":0,"LambdaCount":0,"SourceLinesOfLambda":0,"LambdaScore":0,"LambdaFieldVariableUsageCount":0,"LambdaLocalVariableUsageCount":0,"LambdaSideEffectCount":0,"UnterminatedCollections":0,"CyclomaticComplexity":1},"Violations":[],"DependencyCount":1,"TotalLinesOfSourceCode":6},{"MethodName":"JetBrains.Debugger.Worker.Plugins.Unity.PosixDllLoader.GetProcAddress","MethodType":2,"FilePath":"C:\\Users\\BjornJ\\dev\\repos\\resharper-unity\\debugger\\usbmuxd\\DllLoader.cs","Metrics":{"DepthOfInheritanceTree":0,"LackOfCohesionOfMethods":21,"WeightedMethodsPerClass":10,"ResponseForAClass":20,"SourceLinesOfCode":10,"CommentDensity":9,"LambdaCount":0,"SourceLinesOfLambda":0,"LambdaScore":0,"LambdaFieldVariableUsageCount":0,"LambdaLocalVariableUsageCount":0,"LambdaSideEffectCount":0,"UnterminatedCollections":0,"CyclomaticComplexity":2},"Violations":[{"Distance":0,"Violation":1},{"Distance":1,"Violation":30}],"DependencyCount":4,"TotalLinesOfSourceCode":16},{"MethodName":"JetBrains.Debugger.Worker.Plugins.Unity.PosixDllLoader.dlopen","MethodType":2,"FilePath":"C:\\Users\\BjornJ\\dev\\repos\\resharper-unity\\debugger\\usbmuxd\\DllLoader.cs","Metrics":{"DepthOfInheritanceTree":0,"LackOfCohesionOfMethods":21,"WeightedMethodsPerClass":10,"ResponseForAClass":20,"SourceLinesOfCode":2,"CommentDensity":0,"LambdaCount":0,"SourceLinesOfLambda":0,"LambdaScore":0,"LambdaFieldVariableUsageCount":0,"LambdaLocalVariableUsageCount":0,"LambdaSideEffectCount":0,"UnterminatedCollections":0,"CyclomaticComplexity":1},"Violations":[],"DependencyCount":0,"TotalLinesOfSourceCode":2},{"MethodName":"JetBrains.Debugger.Worker.Plugins.Unity.PosixDllLoader.dlsym","MethodType":2,"FilePath":"C:\\Users\\BjornJ\\dev\\repos\\resharper-unity\\debugger\\usbmuxd\\DllLoader.cs","Metrics":{"DepthOfInheritanceTree":0,"LackOfCohesionOfMethods":21,"WeightedMethodsPerClass":10,"ResponseForAClass":20,"SourceLinesOfCode":2,"CommentDensity":0,"LambdaCount":0,"SourceLinesOfLambda":0,"LambdaScore":0,"LambdaFieldVariableUsageCount":0,"LambdaLocalVariableUsageCount":0,"LambdaSideEffectCount":0,"UnterminatedCollections":0,"CyclomaticComplexity":1},"Violations":[],"DependencyCount":0,"TotalLinesOfSourceCode":2},{"MethodName":"JetBrains.Debugger.Worker.Plugins.Unity.PosixDllLoader.dlclose","MethodType":2,"FilePath":"C:\\Users\\BjornJ\\dev\\repos\\resharper-unity\\debugger\\usbmuxd\\DllLoader.cs","Metrics":{"DepthOfInheritanceTree":0,"LackOfCohesionOfMethods":21,"WeightedMethodsPerClass":10,"ResponseForAClass":20,"SourceLinesOfCode":2,"CommentDensity":0,"LambdaCount":0,"SourceLinesOfLambda":0,"LambdaScore":0,"LambdaFieldVariableUsageCount":0,"LambdaLocalVariableUsageCount":0,"LambdaSideEffectCount":0,"UnterminatedCollections":0,"CyclomaticComplexity":1},"Violations":[],"DependencyCount":0,"TotalLinesOfSourceCode":2},{"MethodName":"JetBrains.Debugger.Worker.Plugins.Unity.PosixDllLoader.dlerror","MethodType":2,"FilePath":"C:\\Users\\BjornJ\\dev\\repos\\resharper-unity\\debugger\\usbmuxd\\DllLoader.cs","Metrics":{"DepthOfInheritanceTree":0,"LackOfCohesionOfMethods":21,"WeightedMethodsPerClass":10,"ResponseForAClass":20,"SourceLinesOfCode":2,"CommentDensity":0,"LambdaCount":0,"SourceLinesOfLambda":0,"LambdaScore":0,"LambdaFieldVariableUsageCount":0,"LambdaLocalVariableUsageCount":0,"LambdaSideEffectCount":0,"UnterminatedCollections":0,"CyclomaticComplexity":1},"Violations":[],"DependencyCount":0,"TotalLinesOfSourceCode":2},{"MethodName":"JetBrains.Debugger.Worker.Plugins.Unity.Usbmuxd.Setup","MethodType":2,"FilePath":"C:\\Users\\BjornJ\\dev\\repos\\resharper-unity\\debugger\\usbmuxd\\Usbmuxd.cs","Metrics":{"DepthOfInheritanceTree":0,"LackOfCohesionOfMethods":22,"WeightedMethodsPerClass":27,"ResponseForAClass":60,"SourceLinesOfCode":14,"CommentDensity":0,"LambdaCount":0,"SourceLinesOfLambda":0,"LambdaScore":0,"LambdaFieldVariableUsageCount":0,"LambdaLocalVariableUsageCount":0,"LambdaSideEffectCount":0,"UnterminatedCollections":0,"CyclomaticComplexity":4},"Violations":[{"Distance":0,"Violation":1},{"Distance":1,"Violation":30},{"Distance":1,"Violation":1},{"Distance":2,"Violation":30},{"Distance":2,"Violation":30},{"Distance":2,"Violation":30},{"Distance":2,"Violation":30},{"Distance":2,"Violation":30},{"Distance":2,"Violation":30},{"Distance":2,"Violation":30},{"Distance":1,"Violation":30},{"Distance":1,"Violation":1},{"Distance":2,"Violation":30},{"Distance":2,"Violation":30},{"Distance":2,"Violation":30},{"Distance":2,"Violation":30},{"Distance":2,"Violation":30},{"Distance":2,"Violation":30},{"Distance":2,"Violation":30},{"Distance":2,"Violation":30},{"Distance":2,"Violation":30},{"Distance":2,"Violation":30},{"Distance":1,"Violation":30},{"Distance":1,"Violation":1},{"Distance":2,"Violation":30},{"Distance":2,"Violation":30},{"Distance":2,"Violation":30},{"Distance":2,"Violation":30},{"Distance":2,"Violation":30},{"Distance":2,"Violation":30},{"Distance":1,"Violation":1},{"Distance":1,"Violation":20},{"Distance":1,"Violation":21},{"Distance":1,"Violation":20},{"Distance":2,"Violation":30},{"Distance":2,"Violation":30},{"Distance":1,"Violation":21},{"Distance":1,"Violation":21},{"Distance":1,"Violation":21},{"Distance":1,"Violation":21},{"Distance":1,"Violation":21},{"Distance":1,"Violation":21},{"Distance":2,"Violation":30},{"Distance":2,"Violation":30},{"Distance":2,"Violation":30},{"Distance":2,"Violation":30},{"Distance":2,"Violation":30},{"Distance":2,"Violation":30}],"DependencyCount":39,"TotalLinesOfSourceCode":93},{"MethodName":"JetBrains.Debugger.Worker.Plugins.Unity.Usbmuxd.Shutdown","MethodType":2,"FilePath":"C:\\Users\\BjornJ\\dev\\repos\\resharper-unity\\debugger\\usbmuxd\\Usbmuxd.cs","Metrics":{"DepthOfInheritanceTree":0,"LackOfCohesionOfMethods":22,"WeightedMethodsPerClass":27,"ResponseForAClass":60,"SourceLinesOfCode":5,"CommentDensity":0,"LambdaCount":0,"SourceLinesOfLambda":0,"LambdaScore":0,"LambdaFieldVariableUsageCount":0,"LambdaLocalVariableUsageCount":0,"LambdaSideEffectCount":0,"UnterminatedCollections":0,"CyclomaticComplexity":2},"Violations":[{"Distance":0,"Violation":20},{"Distance":0,"Violation":20},{"Distance":1,"Violation":30}],"DependencyCount":1,"TotalLinesOfSourceCode":5},{"MethodName":"JetBrains.Debugger.Worker.Plugins.Unity.Usbmuxd.GetWindowsNativeLibraryPath","MethodType":2,"FilePath":"C:\\Users\\BjornJ\\dev\\repos\\resharper-unity\\debugger\\usbmuxd\\Usbmuxd.cs","Metrics":{"DepthOfInheritanceTree":0,"LackOfCohesionOfMethods":22,"WeightedMethodsPerClass":27,"ResponseForAClass":60,"SourceLinesOfCode":19,"CommentDensity":9,"LambdaCount":0,"SourceLinesOfLambda":0,"LambdaScore":0,"LambdaFieldVariableUsageCount":0,"LambdaLocalVariableUsageCount":0,"LambdaSideEffectCount":0,"UnterminatedCollections":0,"CyclomaticComplexity":5},"Violations":[{"Distance":0,"Violation":1},{"Distance":1,"Violation":30},{"Distance":1,"Violation":30},{"Distance":1,"Violation":30},{"Distance":1,"Violation":30},{"Distance":1,"Violation":30},{"Distance":1,"Violation":30},{"Distance":1,"Violation":30}],"DependencyCount":7,"TotalLinesOfSourceCode":19},{"MethodName":"JetBrains.Debugger.Worker.Plugins.Unity.Usbmuxd.GetMacOsNativeLibraryPath","MethodType":2,"FilePath":"C:\\Users\\BjornJ\\dev\\repos\\resharper-unity\\debugger\\usbmuxd\\Usbmuxd.cs","Metrics":{"DepthOfInheritanceTree":0,"LackOfCohesionOfMethods":22,"WeightedMethodsPerClass":27,"ResponseForAClass":60,"SourceLinesOfCode":23,"CommentDensity":11,"LambdaCount":0,"SourceLinesOfLambda":0,"LambdaScore":0,"LambdaFieldVariableUsageCount":0,"LambdaLocalVariableUsageCount":0,"LambdaSideEffectCount":0,"UnterminatedCollections":0,"CyclomaticComplexity":6},"Violations":[{"Distance":0,"Violation":1},{"Distance":1,"Violation":30},{"Distance":1,"Violation":30},{"Distance":1,"Violation":30},{"Distance":1,"Violation":30},{"Distance":1,"Violation":30},{"Distance":1,"Violation":30},{"Distance":1,"Violation":30},{"Distance":1,"Violation":30},{"Distance":1,"Violation":30},{"Distance":1,"Violation":30}],"DependencyCount":10,"TotalLinesOfSourceCode":23},{"MethodName":"JetBrains.Debugger.Worker.Plugins.Unity.Usbmuxd.GetLinuxNativeLibraryPath","MethodType":2,"FilePath":"C:\\Users\\BjornJ\\dev\\repos\\resharper-unity\\debugger\\usbmuxd\\Usbmuxd.cs","Metrics":{"DepthOfInheritanceTree":0,"LackOfCohesionOfMethods":22,"WeightedMethodsPerClass":27,"ResponseForAClass":60,"SourceLinesOfCode":17,"CommentDensity":10,"LambdaCount":0,"SourceLinesOfLambda":0,"LambdaScore":0,"LambdaFieldVariableUsageCount":0,"LambdaLocalVariableUsageCount":0,"LambdaSideEffectCount":0,"UnterminatedCollections":0,"CyclomaticComplexity":4},"Violations":[{"Distance":0,"Violation":1},{"Distance":1,"Violation":30},{"Distance":1,"Violation":30},{"Distance":1,"Violation":30},{"Distance":1,"Violation":30},{"Distance":1,"Violation":30},{"Distance":1,"Violation":30}],"DependencyCount":6,"TotalLinesOfSourceCode":17},{"MethodName":"JetBrains.Debugger.Worker.Plugins.Unity.Usbmuxd.LoadNativeLibrary","MethodType":2,"FilePath":"C:\\Users\\BjornJ\\dev\\repos\\resharper-unity\\debugger\\usbmuxd\\Usbmuxd.cs","Metrics":{"DepthOfInheritanceTree":0,"LackOfCohesionOfMethods":22,"WeightedMethodsPerClass":27,"ResponseForAClass":60,"SourceLinesOfCode":11,"CommentDensity":0,"LambdaCount":0,"SourceLinesOfLambda":0,"LambdaScore":0,"LambdaFieldVariableUsageCount":0,"LambdaLocalVariableUsageCount":0,"LambdaSideEffectCount":0,"UnterminatedCollections":0,"CyclomaticComplexity":3},"Violations":[{"Distance":0,"Violation":1},{"Distance":0,"Violation":20},{"Distance":0,"Violation":21},{"Distance":0,"Violation":20},{"Distance":1,"Violation":30},{"Distance":1,"Violation":30}],"DependencyCount":2,"TotalLinesOfSourceCode":11},{"MethodName":"JetBrains.Debugger.Worker.Plugins.Unity.Usbmuxd.InitFunctions","MethodType":2,"FilePath":"C:\\Users\\BjornJ\\dev\\repos\\resharper-unity\\debugger\\usbmuxd\\Usbmuxd.cs","Metrics":{"DepthOfInheritanceTree":0,"LackOfCohesionOfMethods":22,"WeightedMethodsPerClass":27,"ResponseForAClass":60,"SourceLinesOfCode":9,"CommentDensity":0,"LambdaCount":0,"SourceLinesOfLambda":0,"LambdaScore":0,"LambdaFieldVariableUsageCount":0,"LambdaLocalVariableUsageCount":0,"LambdaSideEffectCount":0,"UnterminatedCollections":0,"CyclomaticComplexity":1},"Violations":[{"Distance":0,"Violation":21},{"Distance":0,"Violation":21},{"Distance":0,"Violation":21},{"Distance":0,"Violation":21},{"Distance":0,"Violation":21},{"Distance":0,"Violation":21},{"Distance":1,"Violation":30},{"Distance":1,"Violation":30},{"Distance":1,"Violation":30},{"Distance":1,"Violation":30},{"Distance":1,"Violation":30},{"Distance":1,"Violation":30}],"DependencyCount":6,"TotalLinesOfSourceCode":9},{"MethodName":"JetBrains.Debugger.Worker.Plugins.Unity.Usbmuxd.LoadFunction","MethodType":2,"FilePath":"C:\\Users\\BjornJ\\dev\\repos\\resharper-unity\\debugger\\usbmuxd\\Usbmuxd.cs","Metrics":{"DepthOfInheritanceTree":0,"LackOfCohesionOfMethods":22,"WeightedMethodsPerClass":27,"ResponseForAClass":60,"SourceLinesOfCode":7,"CommentDensity":0,"LambdaCount":0,"SourceLinesOfLambda":0,"LambdaScore":0,"LambdaFieldVariableUsageCount":0,"LambdaLocalVariableUsageCount":0,"LambdaSideEffectCount":0,"UnterminatedCollections":0,"CyclomaticComplexity":2},"Violations":[{"Distance":0,"Violation":1},{"Distance":0,"Violation":20},{"Distance":0,"Violation":20},{"Distance":1,"Violation":30},{"Distance":1,"Violation":30}],"DependencyCount":2,"TotalLinesOfSourceCode":7},{"MethodName":"JetBrains.Rider.Plugins.Unity.iOS.ListUsbDevices.ListDevices.GetDevices","MethodType":2,"FilePath":"C:\\Users\\BjornJ\\dev\\repos\\resharper-unity\\debugger\\ios-list-usb-devices\\src\\ListDevices.cs","Metrics":{"DepthOfInheritanceTree":0,"LackOfCohesionOfMethods":1,"WeightedMethodsPerClass":5,"ResponseForAClass":14,"SourceLinesOfCode":13,"CommentDensity":0,"LambdaCount":0,"SourceLinesOfLambda":0,"LambdaScore":0,"LambdaFieldVariableUsageCount":0,"LambdaLocalVariableUsageCount":0,"LambdaSideEffectCount":0,"UnterminatedCollections":0,"CyclomaticComplexity":4},"Violations":[{"Distance":0,"Violation":11},{"Distance":0,"Violation":20},{"Distance":0,"Violation":20},{"Distance":0,"Violation":11},{"Distance":0,"Violation":11},{"Distance":2,"Violation":10},{"Distance":1,"Violation":30},{"Distance":1,"Violation":30},{"Distance":2,"Violation":10}],"DependencyCount":5,"TotalLinesOfSourceCode":13},{"MethodName":"JetBrains.Rider.Plugins.Unity.iOS.ListUsbDevices.ListDevices.Dispose","MethodType":2,"FilePath":"C:\\Users\\BjornJ\\dev\\repos\\resharper-unity\\debugger\\ios-list-usb-devices\\src\\ListDevices.cs","Metrics":{"DepthOfInheritanceTree":0,"LackOfCohesionOfMethods":1,"WeightedMethodsPerClass":5,"ResponseForAClass":14,"SourceLinesOfCode":5,"CommentDensity":0,"LambdaCount":0,"SourceLinesOfLambda":0,"LambdaScore":0,"LambdaFieldVariableUsageCount":0,"LambdaLocalVariableUsageCount":0,"LambdaSideEffectCount":0,"UnterminatedCollections":0,"CyclomaticComplexity":1},"Violations":[{"Distance":0,"Violation":20},{"Distance":1,"Violation":30},{"Distance":1,"Violation":30}],"DependencyCount":2,"TotalLinesOfSourceCode":5},{"MethodName":"JetBrains.Rider.Plugins.Unity.iOS.ListUsbDevices.Program.Main","MethodType":2,"FilePath":"C:\\Users\\BjornJ\\dev\\repos\\resharper-unity\\debugger\\ios-list-usb-devices\\src\\Program.cs","Metrics":{"DepthOfInheritanceTree":0,"LackOfCohesionOfMethods":3,"WeightedMethodsPerClass":12,"ResponseForAClass":24,"SourceLinesOfCode":33,"CommentDensity":0,"LambdaCount":0,"SourceLinesOfLambda":0,"LambdaScore":0,"LambdaFieldVariableUsageCount":0,"LambdaLocalVariableUsageCount":0,"LambdaSideEffectCount":0,"UnterminatedCollections":0,"CyclomaticComplexity":6},"Violations":[{"Distance":2,"Violation":30},{"Distance":2,"Violation":30},{"Distance":1,"Violation":30}],"DependencyCount":19,"TotalLinesOfSourceCode":63},{"MethodName":"JetBrains.Rider.Plugins.Unity.iOS.ListUsbDevices.Program.InitialiseWinSock","MethodType":2,"FilePath":"C:\\Users\\BjornJ\\dev\\repos\\resharper-unity\\debugger\\ios-list-usb-devices\\src\\Program.cs","Metrics":{"DepthOfInheritanceTree":0,"LackOfCohesionOfMethods":3,"WeightedMethodsPerClass":12,"ResponseForAClass":24,"SourceLinesOfCode":13,"CommentDensity":13,"LambdaCount":0,"SourceLinesOfLambda":0,"LambdaScore":0,"LambdaFieldVariableUsageCount":0,"LambdaLocalVariableUsageCount":0,"LambdaSideEffectCount":0,"UnterminatedCollections":0,"CyclomaticComplexity":2},"Violations":[],"DependencyCount":3,"TotalLinesOfSourceCode":13},{"MethodName":"JetBrains.Rider.Plugins.Unity.iOS.ListUsbDevices.Program.StartAwaitStopCommandBackgroundTask","MethodType":2,"FilePath":"C:\\Users\\BjornJ\\dev\\repos\\resharper-unity\\debugger\\ios-list-usb-devices\\src\\Program.cs","Metrics":{"DepthOfInheritanceTree":0,"LackOfCohesionOfMethods":3,"WeightedMethodsPerClass":12,"ResponseForAClass":24,"SourceLinesOfCode":17,"CommentDensity":5,"LambdaCount":1,"SourceLinesOfLambda":12,"LambdaScore":70,"LambdaFieldVariableUsageCount":0,"LambdaLocalVariableUsageCount":2,"LambdaSideEffectCount":0,"UnterminatedCollections":0,"CyclomaticComplexity":4},"Violations":[{"Distance":1,"Violation":30},{"Distance":1,"Violation":30}],"DependencyCount":5,"TotalLinesOfSourceCode":17},{"MethodName":"JetBrains.Rider.Plugins.Unity.iOS.ListUsbDevices.Program.StartAwaitStopCommandBackgroundTask.\u003Clambda\u003E.0","MethodType":0,"FilePath":"C:\\Users\\BjornJ\\dev\\repos\\resharper-unity\\debugger\\ios-list-usb-devices\\src\\Program.cs","Metrics":{"DepthOfInheritanceTree":0,"LackOfCohesionOfMethods":3,"WeightedMethodsPerClass":12,"ResponseForAClass":24,"SourceLinesOfCode":12,"CommentDensity":0,"LambdaCount":1,"SourceLinesOfLambda":0,"LambdaScore":0,"LambdaFieldVariableUsageCount":0,"LambdaLocalVariableUsageCount":2,"LambdaSideEffectCount":0,"UnterminatedCollections":0,"CyclomaticComplexity":4},"Violations":[{"Distance":1,"Violation":30}],"DependencyCount":3,"TotalLinesOfSourceCode":12},{"MethodName":"JetBrains.Debugger.Worker.Plugins.Unity.IDllLoader.LoadLibrary","MethodType":2,"FilePath":"C:\\Users\\BjornJ\\dev\\repos\\resharper-unity\\debugger\\usbmuxd\\DllLoader.cs","Metrics":{"SourceLinesOfCode":1,"CommentDensity":0,"LambdaCount":0,"SourceLinesOfLambda":0,"LambdaScore":0,"LambdaFieldVariableUsageCount":0,"LambdaLocalVariableUsageCount":0,"LambdaSideEffectCount":0,"UnterminatedCollections":0,"CyclomaticComplexity":1},"Violations":[],"DependencyCount":0,"TotalLinesOfSourceCode":1},{"MethodName":"JetBrains.Debugger.Worker.Plugins.Unity.IDllLoader.FreeLibrary","MethodType":2,"FilePath":"C:\\Users\\BjornJ\\dev\\repos\\resharper-unity\\debugger\\usbmuxd\\DllLoader.cs","Metrics":{"SourceLinesOfCode":1,"CommentDensity":0,"LambdaCount":0,"SourceLinesOfLambda":0,"LambdaScore":0,"LambdaFieldVariableUsageCount":0,"LambdaLocalVariableUsageCount":0,"LambdaSideEffectCount":0,"UnterminatedCollections":0,"CyclomaticComplexity":1},"Violations":[],"DependencyCount":0,"TotalLinesOfSourceCode":1},{"MethodName":"JetBrains.Debugger.Worker.Plugins.Unity.IDllLoader.GetProcAddress","MethodType":2,"FilePath":"C:\\Users\\BjornJ\\dev\\repos\\resharper-unity\\debugger\\usbmuxd\\DllLoader.cs","Metrics":{"SourceLinesOfCode":1,"CommentDensity":0,"LambdaCount":0,"SourceLinesOfLambda":0,"LambdaScore":0,"LambdaFieldVariableUsageCount":0,"LambdaLocalVariableUsageCount":0,"LambdaSideEffectCount":0,"UnterminatedCollections":0,"CyclomaticComplexity":1},"Violations":[],"DependencyCount":0,"TotalLinesOfSourceCode":1},{"MethodName":"JetBrains.Debugger.Worker.Plugins.Unity.WindowsDllLoader.JetBrains.Debugger.Worker.Plugins.Unity.IDllLoader.LoadLibrary","MethodType":2,"FilePath":"C:\\Users\\BjornJ\\dev\\repos\\resharper-unity\\debugger\\usbmuxd\\DllLoader.cs","Metrics":{"DepthOfInheritanceTree":0,"LackOfCohesionOfMethods":3,"WeightedMethodsPerClass":7,"ResponseForAClass":11,"SourceLinesOfCode":6,"CommentDensity":0,"LambdaCount":0,"SourceLinesOfLambda":0,"LambdaScore":0,"LambdaFieldVariableUsageCount":0,"LambdaLocalVariableUsageCount":0,"LambdaSideEffectCount":0,"UnterminatedCollections":0,"CyclomaticComplexity":2},"Violations":[{"Distance":0,"Violation":1}],"DependencyCount":2,"TotalLinesOfSourceCode":8},{"MethodName":"JetBrains.Debugger.Worker.Plugins.Unity.WindowsDllLoader.JetBrains.Debugger.Worker.Plugins.Unity.IDllLoader.FreeLibrary","MethodType":2,"FilePath":"C:\\Users\\BjornJ\\dev\\repos\\resharper-unity\\debugger\\usbmuxd\\DllLoader.cs","Metrics":{"DepthOfInheritanceTree":0,"LackOfCohesionOfMethods":3,"WeightedMethodsPerClass":7,"ResponseForAClass":11,"SourceLinesOfCode":4,"CommentDensity":0,"LambdaCount":0,"SourceLinesOfLambda":0,"LambdaScore":0,"LambdaFieldVariableUsageCount":0,"LambdaLocalVariableUsageCount":0,"LambdaSideEffectCount":0,"UnterminatedCollections":0,"CyclomaticComplexity":1},"Violations":[],"DependencyCount":1,"TotalLinesOfSourceCode":6},{"MethodName":"JetBrains.Debugger.Worker.Plugins.Unity.WindowsDllLoader.JetBrains.Debugger.Worker.Plugins.Unity.IDllLoader.GetProcAddress","MethodType":2,"FilePath":"C:\\Users\\BjornJ\\dev\\repos\\resharper-unity\\debugger\\usbmuxd\\DllLoader.cs","Metrics":{"DepthOfInheritanceTree":0,"LackOfCohesionOfMethods":3,"WeightedMethodsPerClass":7,"ResponseForAClass":11,"SourceLinesOfCode":4,"CommentDensity":0,"LambdaCount":0,"SourceLinesOfLambda":0,"LambdaScore":0,"LambdaFieldVariableUsageCount":0,"LambdaLocalVariableUsageCount":0,"LambdaSideEffectCount":0,"UnterminatedCollections":0,"CyclomaticComplexity":1},"Violations":[],"DependencyCount":1,"TotalLinesOfSourceCode":6},{"MethodName":"JetBrains.Debugger.Worker.Plugins.Unity.WindowsDllLoader.LoadLibrary","MethodType":2,"FilePath":"C:\\Users\\BjornJ\\dev\\repos\\resharper-unity\\debugger\\usbmuxd\\DllLoader.cs","Metrics":{"DepthOfInheritanceTree":0,"LackOfCohesionOfMethods":3,"WeightedMethodsPerClass":7,"ResponseForAClass":11,"SourceLinesOfCode":2,"CommentDensity":0,"LambdaCount":0,"SourceLinesOfLambda":0,"LambdaScore":0,"LambdaFieldVariableUsageCount":0,"LambdaLocalVariableUsageCount":0,"LambdaSideEffectCount":0,"UnterminatedCollections":0,"CyclomaticComplexity":1},"Violations":[],"DependencyCount":0,"TotalLinesOfSourceCode":2},{"MethodName":"JetBrains.Debugger.Worker.Plugins.Unity.WindowsDllLoader.FreeLibrary","MethodType":2,"FilePath":"C:\\Users\\BjornJ\\dev\\repos\\resharper-unity\\debugger\\usbmuxd\\DllLoader.cs","Metrics":{"DepthOfInheritanceTree":0,"LackOfCohesionOfMethods":3,"WeightedMethodsPerClass":7,"ResponseForAClass":11,"SourceLinesOfCode":2,"CommentDensity":0,"LambdaCount":0,"SourceLinesOfLambda":0,"LambdaScore":0,"LambdaFieldVariableUsageCount":0,"LambdaLocalVariableUsageCount":0,"LambdaSideEffectCount":0,"UnterminatedCollections":0,"CyclomaticComplexity":1},"Violations":[],"DependencyCount":0,"TotalLinesOfSourceCode":2},{"MethodName":"JetBrains.Debugger.Worker.Plugins.Unity.WindowsDllLoader.GetProcAddress","MethodType":2,"FilePath":"C:\\Users\\BjornJ\\dev\\repos\\resharper-unity\\debugger\\usbmuxd\\DllLoader.cs","Metrics":{"DepthOfInheritanceTree":0,"LackOfCohesionOfMethods":3,"WeightedMethodsPerClass":7,"ResponseForAClass":11,"SourceLinesOfCode":2,"CommentDensity":0,"LambdaCount":0,"SourceLinesOfLambda":0,"LambdaScore":0,"LambdaFieldVariableUsageCount":0,"LambdaLocalVariableUsageCount":0,"LambdaSideEffectCount":0,"UnterminatedCollections":0,"CyclomaticComplexity":1},"Violations":[],"DependencyCount":0,"TotalLinesOfSourceCode":2},{"MethodName":"JetBrains.Debugger.Worker.Plugins.Unity.PosixDllLoader.LoadLibrary","MethodType":2,"FilePath":"C:\\Users\\BjornJ\\dev\\repos\\resharper-unity\\debugger\\usbmuxd\\DllLoader.cs","Metrics":{"DepthOfInheritanceTree":0,"LackOfCohesionOfMethods":19,"WeightedMethodsPerClass":10,"ResponseForAClass":20,"SourceLinesOfCode":12,"CommentDensity":7,"LambdaCount":0,"SourceLinesOfLambda":0,"LambdaScore":0,"LambdaFieldVariableUsageCount":0,"LambdaLocalVariableUsageCount":0,"LambdaSideEffectCount":0,"UnterminatedCollections":0,"CyclomaticComplexity":3},"Violations":[{"Distance":0,"Violation":1},{"Distance":0,"Violation":1},{"Distance":1,"Violation":30}],"DependencyCount":5,"TotalLinesOfSourceCode":18},{"MethodName":"JetBrains.Debugger.Worker.Plugins.Unity.PosixDllLoader.FreeLibrary","MethodType":2,"FilePath":"C:\\Users\\BjornJ\\dev\\repos\\resharper-unity\\debugger\\usbmuxd\\DllLoader.cs","Metrics":{"DepthOfInheritanceTree":0,"LackOfCohesionOfMethods":19,"WeightedMethodsPerClass":10,"ResponseForAClass":20,"SourceLinesOfCode":4,"CommentDensity":0,"LambdaCount":0,"SourceLinesOfLambda":0,"LambdaScore":0,"LambdaFieldVariableUsageCount":0,"LambdaLocalVariableUsageCount":0,"LambdaSideEffectCount":0,"UnterminatedCollections":0,"CyclomaticComplexity":1},"Violations":[],"DependencyCount":1,"TotalLinesOfSourceCode":6},{"MethodName":"JetBrains.Debugger.Worker.Plugins.Unity.PosixDllLoader.GetProcAddress","MethodType":2,"FilePath":"C:\\Users\\BjornJ\\dev\\repos\\resharper-unity\\debugger\\usbmuxd\\DllLoader.cs","Metrics":{"DepthOfInheritanceTree":0,"LackOfCohesionOfMethods":19,"WeightedMethodsPerClass":10,"ResponseForAClass":20,"SourceLinesOfCode":10,"CommentDensity":9,"LambdaCount":0,"SourceLinesOfLambda":0,"LambdaScore":0,"LambdaFieldVariableUsageCount":0,"LambdaLocalVariableUsageCount":0,"LambdaSideEffectCount":0,"UnterminatedCollections":0,"CyclomaticComplexity":2},"Violations":[{"Distance":0,"Violation":1},{"Distance":1,"Violation":30}],"DependencyCount":4,"TotalLinesOfSourceCode":16},{"MethodName":"JetBrains.Debugger.Worker.Plugins.Unity.PosixDllLoader.dlopen","MethodType":2,"FilePath":"C:\\Users\\BjornJ\\dev\\repos\\resharper-unity\\debugger\\usbmuxd\\DllLoader.cs","Metrics":{"DepthOfInheritanceTree":0,"LackOfCohesionOfMethods":19,"WeightedMethodsPerClass":10,"ResponseForAClass":20,"SourceLinesOfCode":2,"CommentDensity":0,"LambdaCount":0,"SourceLinesOfLambda":0,"LambdaScore":0,"LambdaFieldVariableUsageCount":0,"LambdaLocalVariableUsageCount":0,"LambdaSideEffectCount":0,"UnterminatedCollections":0,"CyclomaticComplexity":1},"Violations":[],"DependencyCount":0,"TotalLinesOfSourceCode":2},{"MethodName":"JetBrains.Debugger.Worker.Plugins.Unity.PosixDllLoader.dlsym","MethodType":2,"FilePath":"C:\\Users\\BjornJ\\dev\\repos\\resharper-unity\\debugger\\usbmuxd\\DllLoader.cs","Metrics":{"DepthOfInheritanceTree":0,"LackOfCohesionOfMethods":19,"WeightedMethodsPerClass":10,"ResponseForAClass":20,"SourceLinesOfCode":2,"CommentDensity":0,"LambdaCount":0,"SourceLinesOfLambda":0,"LambdaScore":0,"LambdaFieldVariableUsageCount":0,"LambdaLocalVariableUsageCount":0,"LambdaSideEffectCount":0,"UnterminatedCollections":0,"CyclomaticComplexity":1},"Violations":[],"DependencyCount":0,"TotalLinesOfSourceCode":2},{"MethodName":"JetBrains.Debugger.Worker.Plugins.Unity.PosixDllLoader.dlclose","MethodType":2,"FilePath":"C:\\Users\\BjornJ\\dev\\repos\\resharper-unity\\debugger\\usbmuxd\\DllLoader.cs","Metrics":{"DepthOfInheritanceTree":0,"LackOfCohesionOfMethods":19,"WeightedMethodsPerClass":10,"ResponseForAClass":20,"SourceLinesOfCode":2,"CommentDensity":0,"LambdaCount":0,"SourceLinesOfLambda":0,"LambdaScore":0,"LambdaFieldVariableUsageCount":0,"LambdaLocalVariableUsageCount":0,"LambdaSideEffectCount":0,"UnterminatedCollections":0,"CyclomaticComplexity":1},"Violations":[],"DependencyCount":0,"TotalLinesOfSourceCode":2},{"MethodName":"JetBrains.Debugger.Worker.Plugins.Unity.PosixDllLoader.dlerror","MethodType":2,"FilePath":"C:\\Users\\BjornJ\\dev\\repos\\resharper-unity\\debugger\\usbmuxd\\DllLoader.cs","Metrics":{"DepthOfInheritanceTree":0,"LackOfCohesionOfMethods":19,"WeightedMethodsPerClass":10,"ResponseForAClass":20,"SourceLinesOfCode":2,"CommentDensity":0,"LambdaCount":0,"SourceLinesOfLambda":0,"LambdaScore":0,"LambdaFieldVariableUsageCount":0,"LambdaLocalVariableUsageCount":0,"LambdaSideEffectCount":0,"UnterminatedCollections":0,"CyclomaticComplexity":1},"Violations":[],"DependencyCount":0,"TotalLinesOfSourceCode":2},{"MethodName":"JetBrains.Debugger.Worker.Plugins.Unity.Usbmuxd.Setup","MethodType":2,"FilePath":"C:\\Users\\BjornJ\\dev\\repos\\resharper-unity\\debugger\\usbmuxd\\Usbmuxd.cs","Metrics":{"DepthOfInheritanceTree":0,"LackOfCohesionOfMethods":20,"WeightedMethodsPerClass":27,"ResponseForAClass":60,"SourceLinesOfCode":14,"CommentDensity":0,"LambdaCount":0,"SourceLinesOfLambda":0,"LambdaScore":0,"LambdaFieldVariableUsageCount":0,"LambdaLocalVariableUsageCount":0,"LambdaSideEffectCount":0,"UnterminatedCollections":0,"CyclomaticComplexity":4},"Violations":[{"Distance":0,"Violation":1},{"Distance":0,"Violation":20},{"Distance":0,"Violation":20},{"Distance":0,"Violation":20},{"Distance":2,"Violation":11},{"Distance":1,"Violation":1},{"Distance":1,"Violation":20},{"Distance":1,"Violation":20},{"Distance":1,"Violation":20},{"Distance":2,"Violation":11},{"Distance":1,"Violation":1},{"Distance":1,"Violation":20},{"Distance":3,"Violation":11},{"Distance":2,"Violation":11},{"Distance":1,"Violation":1},{"Distance":1,"Violation":20},{"Distance":1,"Violation":20},{"Distance":1,"Violation":1},{"Distance":1,"Violation":20},{"Distance":1,"Violation":21},{"Distance":1,"Violation":20},{"Distance":2,"Violation":30},{"Distance":1,"Violation":21},{"Distance":1,"Violation":21},{"Distance":1,"Violation":21},{"Distance":1,"Violation":21},{"Distance":1,"Violation":21},{"Distance":1,"Violation":21},{"Distance":2,"Violation":30},{"Distance":2,"Violation":30},{"Distance":2,"Violation":30},{"Distance":2,"Violation":30},{"Distance":2,"Violation":30},{"Distance":2,"Violation":30}],"DependencyCount":39,"TotalLinesOfSourceCode":93},{"MethodName":"JetBrains.Debugger.Worker.Plugins.Unity.Usbmuxd.Shutdown","MethodType":2,"FilePath":"C:\\Users\\BjornJ\\dev\\repos\\resharper-unity\\debugger\\usbmuxd\\Usbmuxd.cs","Metrics":{"DepthOfInheritanceTree":0,"LackOfCohesionOfMethods":20,"WeightedMethodsPerClass":27,"ResponseForAClass":60,"SourceLinesOfCode":5,"CommentDensity":0,"LambdaCount":0,"SourceLinesOfLambda":0,"LambdaScore":0,"LambdaFieldVariableUsageCount":0,"LambdaLocalVariableUsageCount":0,"LambdaSideEffectCount":0,"UnterminatedCollections":0,"CyclomaticComplexity":2},"Violations":[{"Distance":0,"Violation":20},{"Distance":0,"Violation":20},{"Distance":1,"Violation":30}],"DependencyCount":1,"TotalLinesOfSourceCode":5},{"MethodName":"JetBrains.Debugger.Worker.Plugins.Unity.Usbmuxd.GetWindowsNativeLibraryPath","MethodType":2,"FilePath":"C:\\Users\\BjornJ\\dev\\repos\\resharper-unity\\debugger\\usbmuxd\\Usbmuxd.cs","Metrics":{"DepthOfInheritanceTree":0,"LackOfCohesionOfMethods":20,"WeightedMethodsPerClass":27,"ResponseForAClass":60,"SourceLinesOfCode":19,"CommentDensity":9,"LambdaCount":0,"SourceLinesOfLambda":0,"LambdaScore":0,"LambdaFieldVariableUsageCount":0,"LambdaLocalVariableUsageCount":0,"LambdaSideEffectCount":0,"UnterminatedCollections":0,"CyclomaticComplexity":5},"Violations":[{"Distance":0,"Violation":1},{"Distance":0,"Violation":20},{"Distance":0,"Violation":20},{"Distance":0,"Violation":20}],"DependencyCount":7,"TotalLinesOfSourceCode":19},{"MethodName":"JetBrains.Debugger.Worker.Plugins.Unity.Usbmuxd.GetMacOsNativeLibraryPath","MethodType":2,"FilePath":"C:\\Users\\BjornJ\\dev\\repos\\resharper-unity\\debugger\\usbmuxd\\Usbmuxd.cs","Metrics":{"DepthOfInheritanceTree":0,"LackOfCohesionOfMethods":20,"WeightedMethodsPerClass":27,"ResponseForAClass":60,"SourceLinesOfCode":23,"CommentDensity":11,"LambdaCount":0,"SourceLinesOfLambda":0,"LambdaScore":0,"LambdaFieldVariableUsageCount":0,"LambdaLocalVariableUsageCount":0,"LambdaSideEffectCount":0,"UnterminatedCollections":0,"CyclomaticComplexity":6},"Violations":[{"Distance":0,"Violation":1},{"Distance":0,"Violation":20},{"Distance":2,"Violation":11}],"DependencyCount":10,"TotalLinesOfSourceCode":23},{"MethodName":"JetBrains.Debugger.Worker.Plugins.Unity.Usbmuxd.GetLinuxNativeLibraryPath","MethodType":2,"FilePath":"C:\\Users\\BjornJ\\dev\\repos\\resharper-unity\\debugger\\usbmuxd\\Usbmuxd.cs","Metrics":{"DepthOfInheritanceTree":0,"LackOfCohesionOfMethods":20,"WeightedMethodsPerClass":27,"ResponseForAClass":60,"SourceLinesOfCode":17,"CommentDensity":10,"LambdaCount":0,"SourceLinesOfLambda":0,"LambdaScore":0,"LambdaFieldVariableUsageCount":0,"LambdaLocalVariableUsageCount":0,"LambdaSideEffectCount":0,"UnterminatedCollections":0,"CyclomaticComplexity":4},"Violations":[{"Distance":0,"Violation":1},{"Distance":0,"Violation":20},{"Distance":0,"Violation":20}],"DependencyCount":6,"TotalLinesOfSourceCode":17},{"MethodName":"JetBrains.Debugger.Worker.Plugins.Unity.Usbmuxd.LoadNativeLibrary","MethodType":2,"FilePath":"C:\\Users\\BjornJ\\dev\\repos\\resharper-unity\\debugger\\usbmuxd\\Usbmuxd.cs","Metrics":{"DepthOfInheritanceTree":0,"LackOfCohesionOfMethods":20,"WeightedMethodsPerClass":27,"ResponseForAClass":60,"SourceLinesOfCode":11,"CommentDensity":0,"LambdaCount":0,"SourceLinesOfLambda":0,"LambdaScore":0,"LambdaFieldVariableUsageCount":0,"LambdaLocalVariableUsageCount":0,"LambdaSideEffectCount":0,"UnterminatedCollections":0,"CyclomaticComplexity":3},"Violations":[{"Distance":0,"Violation":1},{"Distance":0,"Violation":20},{"Distance":0,"Violation":21},{"Distance":0,"Violation":20},{"Distance":1,"Violation":30}],"DependencyCount":2,"TotalLinesOfSourceCode":11},{"MethodName":"JetBrains.Debugger.Worker.Plugins.Unity.Usbmuxd.InitFunctions","MethodType":2,"FilePath":"C:\\Users\\BjornJ\\dev\\repos\\resharper-unity\\debugger\\usbmuxd\\Usbmuxd.cs","Metrics":{"DepthOfInheritanceTree":0,"LackOfCohesionOfMethods":20,"WeightedMethodsPerClass":27,"ResponseForAClass":60,"SourceLinesOfCode":9,"CommentDensity":0,"LambdaCount":0,"SourceLinesOfLambda":0,"LambdaScore":0,"LambdaFieldVariableUsageCount":0,"LambdaLocalVariableUsageCount":0,"LambdaSideEffectCount":0,"UnterminatedCollections":0,"CyclomaticComplexity":1},"Violations":[{"Distance":0,"Violation":21},{"Distance":0,"Violation":21},{"Distance":0,"Violation":21},{"Distance":0,"Violation":21},{"Distance":0,"Violation":21},{"Distance":0,"Violation":21},{"Distance":1,"Violation":30},{"Distance":1,"Violation":30},{"Distance":1,"Violation":30},{"Distance":1,"Violation":30},{"Distance":1,"Violation":30},{"Distance":1,"Violation":30}],"DependencyCount":6,"TotalLinesOfSourceCode":9},{"MethodName":"JetBrains.Debugger.Worker.Plugins.Unity.Usbmuxd.LoadFunction","MethodType":2,"FilePath":"C:\\Users\\BjornJ\\dev\\repos\\resharper-unity\\debugger\\usbmuxd\\Usbmuxd.cs","Metrics":{"DepthOfInheritanceTree":0,"LackOfCohesionOfMethods":20,"WeightedMethodsPerClass":27,"ResponseForAClass":60,"SourceLinesOfCode":7,"CommentDensity":0,"LambdaCount":0,"SourceLinesOfLambda":0,"LambdaScore":0,"LambdaFieldVariableUsageCount":0,"LambdaLocalVariableUsageCount":0,"LambdaSideEffectCount":0,"UnterminatedCollections":0,"CyclomaticComplexity":2},"Violations":[{"Distance":0,"Violation":1},{"Distance":0,"Violation":20},{"Distance":0,"Violation":20},{"Distance":1,"Violation":30},{"Distance":1,"Violation":30}],"DependencyCount":2,"TotalLinesOfSourceCode":7}]