10;10;10;10;10;10;0
45;45;45;45;45;45;0
3;3;3;3;3;3;0
0;0;0;0;0;0;0
6;6;6;6;6;6;0
2;2;2;2;2;2;0
3;3;3;3;3;3;0
29;29;29;29;29;29;0
29;29;29;29;29;29;0
0;0;0;0;0;0;0
0;0;0;0;0;0;0
0;0;0;0;0;0;0
0;0;0;0;0;0;0
0;0;0;0;0;0;0
0;0;0;0;0;0;0
1;1;1;1;1;1;0
31;31;31;31;31;31;0
1;1;1;1;1;1;0
1;1;1;1;1;1;0
104;104;104;104;104;104;0
105;105;105;105;105;105;0
0;0;0;0;0;0;0
1;1;1;1;1;1;0
2;2;2;2;2;2;0
1;1;1;1;1;1;0
2;2;2;2;2;2;0
1;1;1;1;1;1;0
0;0;0;0;0;0;0
0;0;0;0;0;0;0
0;0;0;0;0;0;0
0;0;0;0;0;0;0
0;0;0;0;0;0;0
0;0;0;0;0;0;0
1;1;1;1;1;1;0
0;0;0;0;0;0;0
19;19;19;19;19;19;0
0;0;0;0;0;0;0
0;0;0;0;0;0;0
22;22;22;22;22;22;0
1;1;1;1;1;1;0
1;1;1;1;1;1;0
1;1;1;1;1;1;0
1;1;1;1;1;1;0
1;1;1;1;1;1;0
1;1;1;1;1;1;0
1;1;1;1;1;1;0
1;1;1;1;1;1;0
1;1;1;1;1;1;0
1;1;1;1;1;1;0
1;1;1;1;1;1;0
1;1;1;1;1;1;0
1;1;1;1;1;1;0
1;1;1;1;1;1;0
1;1;1;1;1;1;0
1;1;1;1;1;1;0
1;1;1;1;1;1;0
1;1;1;1;1;1;0
1;1;1;1;1;1;0
1;1;1;1;1;1;0
1;1;1;1;1;1;0
1;1;1;1;1;1;0
1;1;1;1;1;1;0
1;1;1;1;1;1;0
1;1;1;1;1;1;0
1;1;1;1;1;1;0
1;1;1;1;1;1;0
1;1;1;1;1;1;0
1;1;1;1;1;1;0
1;1;1;1;1;1;0
1;1;1;1;1;1;0
1;1;1;1;1;1;0
1;1;1;1;1;1;0
1;1;1;1;1;1;0
1;1;1;1;1;1;0
1;1;1;1;1;1;0
1;1;1;1;1;1;0
1;1;1;1;1;1;0
1;1;1;1;1;1;0
1;1;1;1;1;1;0
1;1;1;1;1;1;0
1;1;1;1;1;1;0
1;1;1;1;1;1;0
1;1;1;1;1;1;0
1;1;1;1;1;1;0
1;1;1;1;1;1;0
1;1;1;1;1;1;0
3;3;3;3;3;3;0
1;1;1;1;1;1;0
3;3;3;3;3;3;0
0;0;0;0;0;0;0
10;10;10;10;10;10;0
2;2;2;2;2;2;0
4;4;4;4;4;4;0
4;4;4;4;4;4;0
2;2;2;2;2;2;0
4;4;4;4;4;4;0
4;4;4;4;4;4;0
1;1;1;1;1;1;0
1;1;1;1;1;1;0
0;0;0;0;0;0;0
1;1;1;1;1;1;0
1;1;1;1;1;1;0
2;2;2;2;2;2;0
2;2;2;2;2;2;0
2;2;2;2;2;2;0
1;1;1;1;1;1;0
4;4;4;4;4;4;0
1;1;1;1;1;1;0
1;1;1;1;1;1;0
0;0;0;0;0;0;0
0;0;0;0;0;0;0
0;0;0;0;0;0;0
0;0;0;0;0;0;0
0;0;0;0;0;0;0
0;0;0;0;0;0;0
0;0;0;0;0;0;0
0;0;0;0;0;0;0
4;4;4;4;4;4;0
3;3;3;3;3;3;0
2;2;2;2;2;2;0
3;3;3;3;3;3;0
1;1;1;1;1;1;0
16;16;16;16;16;16;0
4;4;4;4;4;4;0
17;17;17;17;17;17;0
1;1;1;1;1;1;0
1;1;1;1;1;1;0
0;0;0;0;0;0;0
0;0;0;0;0;0;0
2;2;2;2;2;2;0
2;2;2;2;2;2;0
2;2;2;2;2;2;0
2;2;2;2;2;2;0
1;1;1;1;1;1;0
7;7;7;7;7;7;0
7;7;7;7;7;7;0
3;3;3;3;3;3;0
20;20;20;20;20;20;0
1;1;1;1;1;1;0
14;14;14;14;14;14;0
1;1;1;1;1;1;0
0;0;0;0;0;0;0
3;3;3;3;3;3;0
1;1;1;1;1;1;0
0;0;0;0;0;0;0
0;0;0;0;0;0;0
0;0;0;0;0;0;0
0;0;0;0;0;0;0
0;0;0;0;0;0;0
0;0;0;0;0;0;0
0;0;0;0;0;0;0
0;0;0;0;0;0;0
0;0;0;0;0;0;0
0;0;0;0;0;0;0
0;0;0;0;0;0;0
0;0;0;0;0;0;0
0;0;0;0;0;0;0
1;1;1;1;1;1;0
1;1;1;1;1;1;0
1;1;1;1;1;1;0
1;1;1;1;1;1;0
1;1;1;1;1;1;0
1;1;1;1;1;1;0
1;1;1;1;1;1;0
1;1;1;1;1;1;0
1;1;1;1;1;1;0
1;1;1;1;1;1;0
1;1;1;1;1;1;0
1;1;1;1;1;1;0
1;1;1;1;1;1;0
1;1;1;1;1;1;0
1;1;1;1;1;1;0
1;1;1;1;1;1;0
1;1;1;1;1;1;0
1;1;1;1;1;1;0
1;1;1;1;1;1;0
1;1;1;1;1;1;0
1;1;1;1;1;1;0
1;1;1;1;1;1;0
1;1;1;1;1;1;0
1;1;1;1;1;1;0
1;1;1;1;1;1;0
1;1;1;1;1;1;0
1;1;1;1;1;1;0
1;1;1;1;1;1;0
1;1;1;1;1;1;0
1;1;1;1;1;1;0
1;1;1;1;1;1;0
1;1;1;1;1;1;0
1;1;1;1;1;1;0
1;1;1;1;1;1;0
1;1;1;1;1;1;0
1;1;1;1;1;1;0
1;1;1;1;1;1;0
1;1;1;1;1;1;0
1;1;1;1;1;1;0
1;1;1;1;1;1;0
1;1;1;1;1;1;0
1;1;1;1;1;1;0
1;1;1;1;1;1;0
1;1;1;1;1;1;0
1;1;1;1;1;1;0
1;1;1;1;1;1;0
1;1;1;1;1;1;0
1;1;1;1;1;1;0
1;1;1;1;1;1;0
1;1;1;1;1;1;0
1;1;1;1;1;1;0
1;1;1;1;1;1;0
1;1;1;1;1;1;0
1;1;1;1;1;1;0
1;1;1;1;1;1;0
1;1;1;1;1;1;0
1;1;1;1;1;1;0
1;1;1;1;1;1;0
1;1;1;1;1;1;0
1;1;1;1;1;1;0
1;1;1;1;1;1;0
1;1;1;1;1;1;0
1;1;1;1;1;1;0
1;1;1;1;1;1;0
1;1;1;1;1;1;0
1;1;1;1;1;1;0
1;1;1;1;1;1;0
1;1;1;1;1;1;0
1;1;1;1;1;1;0
1;1;1;1;1;1;0
0;0;0;0;0;0;0
0;0;0;0;0;0;0
0;0;0;0;0;0;0
0;0;0;0;0;0;0
0;0;0;0;0;0;0
0;0;0;0;0;0;0
0;0;0;0;0;0;0
0;0;0;0;0;0;0
0;0;0;0;0;0;0
0;0;0;0;0;0;0
0;0;0;0;0;0;0
0;0;0;0;0;0;0
0;0;0;0;0;0;0
1;1;1;1;1;1;0
1;1;1;1;1;1;0
0;0;0;0;0;0;0
2;2;2;2;2;2;0
0;0;0;0;0;0;0
0;0;0;0;0;0;0
5;5;5;5;5;5;0
1;1;1;1;1;1;0
3;3;3;3;3;3;0
118;118;118;118;118;118;0
10;10;10;10;10;10;0
3;3;3;3;3;3;0
2;2;2;2;2;2;0
2;2;2;2;2;2;0
8;8;8;8;8;8;0
8;8;8;8;8;8;0
8;8;8;8;8;8;0
3;3;3;3;3;3;0
4;4;4;4;4;4;0
2;2;2;2;2;2;0
5;5;5;5;5;5;0
1;1;1;1;1;1;0
1;1;1;1;1;1;0
1;1;1;1;1;1;0
3;3;3;3;3;3;0
4;4;4;4;4;4;0
4;4;4;4;4;4;0
1;1;1;1;1;1;0
1;1;1;1;1;1;0
5;5;5;5;5;5;0
1;1;1;1;1;1;0
4;4;4;4;4;4;0
2;2;2;2;2;2;0
2;2;2;2;2;2;0
3;3;3;3;3;3;0
6;6;6;6;6;6;0
9;9;9;9;9;9;0
13;13;13;13;13;13;0
0;0;0;0;0;0;0
1;1;1;1;1;1;0
1;1;1;1;1;1;0
1;1;1;1;1;1;0
1;1;1;1;1;1;0
1;1;1;1;1;1;0
0;0;0;0;0;0;0
0;0;0;0;0;0;0
0;0;0;0;0;0;0
0;0;0;0;0;0;0
0;0;0;0;0;0;0
0;0;0;0;0;0;0
0;0;0;0;0;0;0
2;2;2;2;2;2;0
0;0;0;0;0;0;0
1;1;1;1;1;1;0
3;3;3;3;3;3;0
0;0;0;0;0;0;0
0;0;0;0;0;0;0
3;3;3;3;3;3;0
0;0;0;0;0;0;0
0;0;0;0;0;0;0
0;0;0;0;0;0;0
13;13;13;13;13;13;0
5;5;5;5;5;5;0
13;13;13;13;13;13;0
11;11;11;11;11;11;0
11;11;11;11;11;11;0
5;5;5;5;5;5;0
6;6;6;6;6;6;0
13;13;13;13;13;13;0
11;11;11;11;11;11;0
5;5;5;5;5;5;0
9;9;9;9;9;9;0
0;0;0;0;0;0;0
0;0;0;0;0;0;0
1;1;1;1;1;1;0
2;2;2;2;2;2;0
0;0;0;0;0;0;0
2;2;2;2;2;2;0
15;15;15;15;15;15;0
0;0;0;0;0;0;0
0;0;0;0;0;0;0
0;0;0;0;0;0;0
0;0;0;0;0;0;0
0;0;0;0;0;0;0
0;0;0;0;0;0;0
0;0;0;0;0;0;0
1;1;1;1;1;1;0
5;5;5;5;5;5;0
1;1;1;1;1;1;0
1;1;1;1;1;1;0
0;0;0;0;0;0;0
0;0;0;0;0;0;0
0;0;0;0;0;0;0
1;1;1;1;1;1;0
0;0;0;0;0;0;0
0;0;0;0;0;0;0
1;1;1;1;1;1;0
28;28;28;28;28;28;0
28;28;28;28;28;28;0
1;1;1;1;1;1;0
3;3;3;3;3;3;0
1;1;1;1;1;1;0
8;8;8;8;8;8;0
6;6;6;6;6;6;0
10;10;10;10;10;10;0
2;2;2;2;2;2;0
1;1;1;1;1;1;0
32;32;32;32;32;32;0
33;33;33;33;33;33;0
32;32;32;32;32;32;0
0;0;0;0;0;0;0
2;2;2;2;2;2;0
1;1;1;1;1;1;0
21;21;21;21;21;21;0
25;25;25;25;25;25;0
18;18;18;18;18;18;0
17;17;17;17;17;17;0
1;1;1;1;1;1;0
43;43;43;43;43;43;0
23;23;23;23;23;23;0
6;6;6;6;6;6;0
1;1;1;1;1;1;0
0;0;0;0;0;0;0
44;44;44;44;44;44;0
44;44;44;44;44;44;0
3;3;3;3;3;3;0
33;33;33;33;33;33;0
35;35;35;35;35;35;0
0;0;0;0;0;0;0
2;2;2;2;2;2;0
2;2;2;2;2;2;0
2;2;2;2;2;2;0
2;2;2;2;2;2;0
2;2;2;2;2;2;0
0;0;0;0;0;0;0
0;0;0;0;0;0;0
25;25;25;25;25;25;0
0;0;0;0;0;0;0
25;25;25;25;25;25;0
20;20;20;20;20;20;0
2;2;2;2;2;2;0
42;42;42;42;42;42;0
19;19;19;19;19;19;0
2;2;2;2;2;2;0
1;1;1;1;1;1;0
4;4;4;4;4;4;0
4;4;4;4;4;4;0
2;2;2;2;2;2;0
2;2;2;2;2;2;0
4;4;4;4;4;4;0
10;10;10;10;10;10;0
1;1;1;1;1;1;0
0;0;0;0;0;0;0
0;0;0;0;0;0;0
35;35;35;35;35;35;0
35;35;35;35;35;35;0
1;1;1;1;1;1;0
2;2;2;2;2;2;0
1;1;1;1;1;1;0
0;0;0;0;0;0;0
22;22;22;22;22;22;0
25;25;25;25;25;25;0
2;2;2;2;2;2;0
2;2;2;2;2;2;0
2;2;2;2;2;2;0
0;0;0;0;0;0;0
23;23;23;23;23;23;0
1;1;1;1;1;1;0
21;21;21;21;21;21;0
21;21;21;21;21;21;0
3;3;3;3;3;3;0
1;1;1;1;1;1;0
6;6;6;6;6;6;0
1;1;1;1;1;1;0
9;9;9;9;9;9;0
10;10;10;10;10;10;0
0;0;0;0;0;0;0
5;5;5;5;5;5;0
3;3;3;3;3;3;0
13;13;13;13;13;13;0
2;2;2;2;2;2;0
8;8;8;8;8;8;0
0;0;0;0;0;0;0
1;1;1;1;1;1;0
1;1;1;1;1;1;0
1;1;1;1;1;1;0
1;1;1;1;1;1;0
0;0;0;0;0;0;0
0;0;0;0;0;0;0
1;1;1;1;1;1;0
0;0;0;0;0;0;0
1;1;1;1;1;1;0
0;0;0;0;0;0;0
1;1;1;1;1;1;0
0;0;0;0;0;0;0
0;0;0;0;0;0;0
0;0;0;0;0;0;0
0;0;0;0;0;0;0
0;0;0;0;0;0;0
0;0;0;0;0;0;0
0;0;0;0;0;0;0
0;0;0;0;0;0;0
0;0;0;0;0;0;0
0;0;0;0;0;0;0
0;0;0;0;0;0;0
18;18;18;18;18;18;0
24;24;24;24;24;24;0
3;3;3;3;3;3;0
3;3;3;3;3;3;0
2;2;2;2;2;2;0
0;0;0;0;0;0;0
2;2;2;2;2;2;0
1;1;1;1;1;1;0
1;1;1;1;1;1;0
27;27;27;27;27;27;0
10;10;10;10;10;10;0
1;1;1;1;1;1;0
2;2;2;2;2;2;0
3;3;3;3;3;3;0
4;4;4;4;4;4;0
27;27;27;27;27;27;0
2;2;2;2;2;2;0
4;4;4;4;4;4;0
6;6;6;6;6;6;0
5;5;5;5;5;5;0
5;5;5;5;5;5;0
5;5;5;5;5;5;0
32;32;32;32;32;32;0
2;2;2;2;2;2;0
5;5;5;5;5;5;0
6;6;6;6;6;6;0
3;3;3;3;3;3;0
0;0;0;0;0;0;0
0;0;0;0;0;0;0
3;3;3;3;3;3;0
17;17;17;17;17;17;0
1;1;1;1;1;1;0
4;4;4;4;4;4;0
11;11;11;11;11;11;0
9;9;9;9;9;9;0
7;7;7;7;7;7;0
10;10;10;10;10;10;0
7;7;7;7;7;7;0
18;18;18;18;18;18;0
18;18;18;18;18;18;0
17;17;17;17;17;17;0
1;1;1;1;1;1;0
0;0;0;0;0;0;0
0;0;0;0;0;0;0
0;0;0;0;0;0;0
0;0;0;0;0;0;0
0;0;0;0;0;0;0
0;0;0;0;0;0;0
0;0;0;0;0;0;0
0;0;0;0;0;0;0
0;0;0;0;0;0;0
0;0;0;0;0;0;0
0;0;0;0;0;0;0
4;4;4;4;4;4;0
1;1;1;1;1;1;0
12;12;12;12;12;12;0
1;1;1;1;1;1;0
7;7;7;7;7;7;0
6;6;6;6;6;6;0
8;8;8;8;8;8;0
6;6;6;6;6;6;0
6;6;6;6;6;6;0
6;6;6;6;6;6;0
25;25;25;25;25;25;0
7;7;7;7;7;7;0
7;7;7;7;7;7;0
7;7;7;7;7;7;0
8;8;8;8;8;8;0
8;8;8;8;8;8;0
8;8;8;8;8;8;0
13;13;13;13;13;13;0
25;25;25;25;25;25;0
2;2;2;2;2;2;0
2;2;2;2;2;2;0
7;7;7;7;7;7;0
46;46;46;46;46;46;0
0;0;0;0;0;0;0
1;1;1;1;1;1;0
3;3;3;3;3;3;0
5;5;5;5;5;5;0
2;2;2;2;2;2;0
1;1;1;1;1;1;0
25;25;25;25;25;25;0
25;25;25;25;25;25;0
2;2;2;2;2;2;0
1;1;1;1;1;1;0
2;2;2;2;2;2;0
2;2;2;2;2;2;0
2;2;2;2;2;2;0
17;17;17;17;17;17;0
6;6;6;6;6;6;0
0;0;0;0;0;0;0
41;41;41;41;41;41;0
26;26;26;26;26;26;0
6;6;6;6;6;6;0
1;1;1;1;1;1;0
2;2;2;2;2;2;0
1;1;1;1;1;1;0
10;10;10;10;10;10;0
1;1;1;1;1;1;0
1;1;1;1;1;1;0
12;12;12;12;12;12;0
2;2;2;2;2;2;0
0;0;0;0;0;0;0
4;4;4;4;4;4;0
12;12;12;12;12;12;0
14;14;14;14;14;14;0
14;14;14;14;14;14;0
14;14;14;14;14;14;0
36;36;36;36;36;36;0
2;2;2;2;2;2;0
9;9;9;9;9;9;0
24;24;24;24;24;24;0
6;6;6;6;6;6;0
5;5;5;5;5;5;0
5;5;5;5;5;5;0
6;6;6;6;6;6;0
0;0;0;0;0;0;0
1;1;1;1;1;1;0
2;2;2;2;2;2;0
20;20;20;20;20;20;0
2;2;2;2;2;2;0
42;42;42;42;42;42;0
20;20;20;20;20;20;0
2;2;2;2;2;2;0
42;42;42;42;42;42;0
21;21;21;21;21;21;0
2;2;2;2;2;2;0
44;44;44;44;44;44;0
0;0;0;0;0;0;0
0;0;0;0;0;0;0
20;20;20;20;20;20;0
0;0;0;0;0;0;0
20;20;20;20;20;20;0
2;2;2;2;2;2;0
3;3;3;3;3;3;0
3;3;3;3;3;3;0
1;1;1;1;1;1;0
0;0;0;0;0;0;0
1;1;1;1;1;1;0
1;1;1;1;1;1;0
1;1;1;1;1;1;0
2;2;2;2;2;2;0
3;3;3;3;3;3;0
1;1;1;1;1;1;0
1;1;1;1;1;1;0
0;0;0;0;0;0;0
0;0;0;0;0;0;0
0;0;0;0;0;0;0
1;1;1;1;1;1;0
7;7;7;7;7;7;0
1;1;1;1;1;1;0
6;6;6;6;6;6;0
2;2;2;2;2;2;0
4;4;4;4;4;4;0
0;0;0;0;0;0;0
4;4;4;4;4;4;0
31;31;31;31;31;31;0
31;31;31;31;31;31;0
31;31;31;31;31;31;0
1;1;1;1;1;1;0
4;4;4;4;4;4;0
2;2;2;2;2;2;0
6;6;6;6;6;6;0
1;1;1;1;1;1;0
0;0;0;0;0;0;0
2;2;2;2;2;2;0
1;1;1;1;1;1;0
5;5;5;5;5;5;0
5;5;5;5;5;5;0
29;29;29;29;29;29;0
34;34;34;34;34;34;0
32;32;32;32;32;32;0
9;9;9;9;9;9;0
24;24;24;24;24;24;0
6;6;6;6;6;6;0
5;5;5;5;5;5;0
5;5;5;5;5;5;0
6;6;6;6;6;6;0
0;0;0;0;0;0;0
1;1;1;1;1;1;0
2;2;2;2;2;2;0
3;3;3;3;3;3;0
12;12;12;12;12;12;0
5;5;5;5;5;5;0
3;3;3;3;3;3;0
12;12;12;12;12;12;0
5;5;5;5;5;5;0
20;20;20;20;20;20;0
20;20;20;20;20;20;0
20;20;20;20;20;20;0
20;20;20;20;20;20;0
0;0;0;0;0;0;0
0;0;0;0;0;0;0
0;0;0;0;0;0;0
0;0;0;0;0;0;0
0;0;0;0;0;0;0
0;0;0;0;0;0;0
0;0;0;0;0;0;0
0;0;0;0;0;0;0
0;0;0;0;0;0;0
0;0;0;0;0;0;0
0;0;0;0;0;0;0
0;0;0;0;0;0;0
0;0;0;0;0;0;0
0;0;0;0;0;0;0
0;0;0;0;0;0;0
0;0;0;0;0;0;0
0;0;0;0;0;0;0
0;0;0;0;0;0;0
0;0;0;0;0;0;0
0;0;0;0;0;0;0
0;0;0;0;0;0;0
0;0;0;0;0;0;0
2;2;2;2;2;2;0
0;0;0;0;0;0;0
0;0;0;0;0;0;0
0;0;0;0;0;0;0
0;0;0;0;0;0;0
2;2;2;2;2;2;0
1;1;1;1;1;1;0
0;0;0;0;0;0;0
0;0;0;0;0;0;0
0;0;0;0;0;0;0
0;0;0;0;0;0;0
2;2;2;2;2;2;0
4;4;4;4;4;4;0
2;2;2;2;2;2;0
1;1;1;1;1;1;0
1;1;1;1;1;1;0
2;2;2;2;2;2;0
2;2;2;2;2;2;0
12;12;12;12;12;12;0
0;0;0;0;0;0;0
1;1;1;1;1;1;0
0;0;0;0;0;0;0
16;16;16;16;16;16;0
11;11;11;11;11;11;0
9;9;9;9;9;9;0
7;7;7;7;7;7;0
4;4;4;4;4;4;0
11;11;11;11;11;11;0
6;6;6;6;6;6;0
4;4;4;4;4;4;0
4;4;4;4;4;4;0
4;4;4;4;4;4;0
2;2;2;2;2;2;0
0;0;0;0;0;0;0
0;0;0;0;0;0;0
0;0;0;0;0;0;0
0;0;0;0;0;0;0
0;0;0;0;0;0;0
0;0;0;0;0;0;0
0;0;0;0;0;0;0
0;0;0;0;0;0;0
0;0;0;0;0;0;0
0;0;0;0;0;0;0
0;0;0;0;0;0;0
0;0;0;0;0;0;0
0;0;0;0;0;0;0
0;0;0;0;0;0;0
0;0;0;0;0;0;0
0;0;0;0;0;0;0
0;0;0;0;0;0;0
0;0;0;0;0;0;0
0;0;0;0;0;0;0
0;0;0;0;0;0;0
0;0;0;0;0;0;0
0;0;0;0;0;0;0
0;0;0;0;0;0;0
0;0;0;0;0;0;0
0;0;0;0;0;0;0
0;0;0;0;0;0;0
0;0;0;0;0;0;0
0;0;0;0;0;0;0
0;0;0;0;0;0;0
0;0;0;0;0;0;0
0;0;0;0;0;0;0
0;0;0;0;0;0;0
0;0;0;0;0;0;0
1;1;1;1;1;1;0
0;0;0;0;0;0;0
0;0;0;0;0;0;0
0;0;0;0;0;0;0
0;0;0;0;0;0;0
0;0;0;0;0;0;0
0;0;0;0;0;0;0
0;0;0;0;0;0;0
0;0;0;0;0;0;0
1;1;1;1;1;1;0
0;0;0;0;0;0;0
0;0;0;0;0;0;0
0;0;0;0;0;0;0
0;0;0;0;0;0;0
0;0;0;0;0;0;0
0;0;0;0;0;0;0
0;0;0;0;0;0;0
0;0;0;0;0;0;0
1;1;1;1;1;1;0
0;0;0;0;0;0;0
0;0;0;0;0;0;0
0;0;0;0;0;0;0
0;0;0;0;0;0;0
0;0;0;0;0;0;0
0;0;0;0;0;0;0
0;0;0;0;0;0;0
0;0;0;0;0;0;0
1;1;1;1;1;1;0
0;0;0;0;0;0;0
0;0;0;0;0;0;0
0;0;0;0;0;0;0
0;0;0;0;0;0;0
0;0;0;0;0;0;0
0;0;0;0;0;0;0
0;0;0;0;0;0;0
0;0;0;0;0;0;0
1;1;1;1;1;1;0
0;0;0;0;0;0;0
0;0;0;0;0;0;0
0;0;0;0;0;0;0
0;0;0;0;0;0;0
0;0;0;0;0;0;0
0;0;0;0;0;0;0
0;0;0;0;0;0;0
0;0;0;0;0;0;0
1;1;1;1;1;1;0
2;2;2;2;2;2;0
2;2;2;2;2;2;0
2;2;2;2;2;2;0
2;2;2;2;2;2;0
2;2;2;2;2;2;0
0;0;0;0;0;0;0
1;1;1;1;1;1;0
0;0;0;0;0;0;0
0;0;0;0;0;0;0
1;1;1;1;1;1;0
1;1;1;1;1;1;0
2;2;2;2;2;2;0
2;2;2;2;2;2;0
2;2;2;2;2;2;0
2;2;2;2;2;2;0
3;3;3;3;3;3;0
3;3;3;3;3;3;0
3;3;3;3;3;3;0
3;3;3;3;3;3;0
3;3;3;3;3;3;0
3;3;3;3;3;3;0
3;3;3;3;3;3;0
3;3;3;3;3;3;0
3;3;3;3;3;3;0
3;3;3;3;3;3;0
3;3;3;3;3;3;0
3;3;3;3;3;3;0
3;3;3;3;3;3;0
3;3;3;3;3;3;0
3;3;3;3;3;3;0
3;3;3;3;3;3;0
9;9;9;9;9;9;0
3;3;3;3;3;3;0
1;1;1;1;1;1;0
7;7;7;7;7;7;0
2;2;2;2;2;2;0
1;1;1;1;1;1;0
1;1;1;1;1;1;0
2;2;2;2;2;2;0
17;17;17;17;17;17;0
43;43;43;43;43;43;0
1;1;1;1;1;1;0
4;4;4;4;4;4;0
1;1;1;1;1;1;0
0;0;0;0;0;0;0
17;17;17;17;17;17;0
8;8;8;8;8;8;0
2;2;2;2;2;2;0
6;6;6;6;6;6;0
4;4;4;4;4;4;0
0;0;0;0;0;0;0
0;0;0;0;0;0;0
0;0;0;0;0;0;0
0;0;0;0;0;0;0
0;0;0;0;0;0;0
2;2;2;2;2;2;0
0;0;0;0;0;0;0
2;2;2;2;2;2;0
5;5;5;5;5;5;0
3;3;3;3;3;3;0
0;0;0;0;0;0;0
0;0;0;0;0;0;0
0;0;0;0;0;0;0
2;2;2;2;2;2;0
2;2;2;2;2;2;0
3;3;3;3;3;3;0
2;2;2;2;2;2;0
3;3;3;3;3;3;0
8;8;8;8;8;8;0
6;6;6;6;6;6;0
0;0;0;0;0;0;0
0;0;0;0;0;0;0
0;0;0;0;0;0;0
3;3;3;3;3;3;0
3;3;3;3;3;3;0
1;1;1;1;1;1;0
2;2;2;2;2;2;0
0;0;0;0;0;0;0
1;1;1;1;1;1;0
0;0;0;0;0;0;0
3;3;3;3;3;3;0
0;0;0;0;0;0;0
11;11;11;11;11;11;0
2;2;2;2;2;2;0
9;9;9;9;9;9;0
0;0;0;0;0;0;0
1;1;1;1;1;1;0
1;1;1;1;1;1;0
0;0;0;0;0;0;0
1;1;1;1;1;1;0
3;3;3;3;3;3;0
4;4;4;4;4;4;0
8;8;8;8;8;8;0
7;7;7;7;7;7;0
2;2;2;2;2;2;0
3;3;3;3;3;3;0
0;0;0;0;0;0;0
0;0;0;0;0;0;0
10;10;10;10;10;10;0
45;45;45;45;45;45;0
3;3;3;3;3;3;0
0;0;0;0;0;0;0
6;6;6;6;6;6;0
2;2;2;2;2;2;0
3;3;3;3;3;3;0
29;29;29;29;29;29;0
29;29;29;29;29;29;0
0;0;0;0;0;0;0
0;0;0;0;0;0;0
0;0;0;0;0;0;0
0;0;0;0;0;0;0
0;0;0;0;0;0;0
0;0;0;0;0;0;0
1;1;1;1;1;1;0
31;31;31;31;31;31;0
1;1;1;1;1;1;0
1;1;1;1;1;1;0
104;104;104;104;104;104;0
105;105;105;105;105;105;0
0;0;0;0;0;0;0
1;1;1;1;1;1;0
2;2;2;2;2;2;0
1;1;1;1;1;1;0
2;2;2;2;2;2;0
1;1;1;1;1;1;0
0;0;0;0;0;0;0
0;0;0;0;0;0;0
0;0;0;0;0;0;0
0;0;0;0;0;0;0
0;0;0;0;0;0;0
0;0;0;0;0;0;0
1;1;1;1;1;1;0
0;0;0;0;0;0;0
19;19;19;19;19;19;0
0;0;0;0;0;0;0
0;0;0;0;0;0;0
22;22;22;22;22;22;0
1;1;1;1;1;1;0
1;1;1;1;1;1;0
1;1;1;1;1;1;0
1;1;1;1;1;1;0
1;1;1;1;1;1;0
1;1;1;1;1;1;0
1;1;1;1;1;1;0
1;1;1;1;1;1;0
1;1;1;1;1;1;0
1;1;1;1;1;1;0
1;1;1;1;1;1;0
1;1;1;1;1;1;0
1;1;1;1;1;1;0
1;1;1;1;1;1;0
1;1;1;1;1;1;0
1;1;1;1;1;1;0
1;1;1;1;1;1;0
1;1;1;1;1;1;0
1;1;1;1;1;1;0
1;1;1;1;1;1;0
1;1;1;1;1;1;0
1;1;1;1;1;1;0
1;1;1;1;1;1;0
1;1;1;1;1;1;0
1;1;1;1;1;1;0
1;1;1;1;1;1;0
1;1;1;1;1;1;0
1;1;1;1;1;1;0
1;1;1;1;1;1;0
1;1;1;1;1;1;0
1;1;1;1;1;1;0
1;1;1;1;1;1;0
1;1;1;1;1;1;0
1;1;1;1;1;1;0
1;1;1;1;1;1;0
1;1;1;1;1;1;0
1;1;1;1;1;1;0
1;1;1;1;1;1;0
1;1;1;1;1;1;0
1;1;1;1;1;1;0
1;1;1;1;1;1;0
1;1;1;1;1;1;0
1;1;1;1;1;1;0
1;1;1;1;1;1;0
1;1;1;1;1;1;0
1;1;1;1;1;1;0
1;1;1;1;1;1;0
3;3;3;3;3;3;0
1;1;1;1;1;1;0
3;3;3;3;3;3;0
0;0;0;0;0;0;0
10;10;10;10;10;10;0
2;2;2;2;2;2;0
4;4;4;4;4;4;0
4;4;4;4;4;4;0
2;2;2;2;2;2;0
4;4;4;4;4;4;0
4;4;4;4;4;4;0
1;1;1;1;1;1;0
1;1;1;1;1;1;0
0;0;0;0;0;0;0
1;1;1;1;1;1;0
1;1;1;1;1;1;0
2;2;2;2;2;2;0
2;2;2;2;2;2;0
2;2;2;2;2;2;0
1;1;1;1;1;1;0
4;4;4;4;4;4;0
1;1;1;1;1;1;0
1;1;1;1;1;1;0
0;0;0;0;0;0;0
0;0;0;0;0;0;0
0;0;0;0;0;0;0
0;0;0;0;0;0;0
0;0;0;0;0;0;0
0;0;0;0;0;0;0
0;0;0;0;0;0;0
0;0;0;0;0;0;0
4;4;4;4;4;4;0
3;3;3;3;3;3;0
2;2;2;2;2;2;0
3;3;3;3;3;3;0
1;1;1;1;1;1;0
16;16;16;16;16;16;0
4;4;4;4;4;4;0
17;17;17;17;17;17;0
1;1;1;1;1;1;0
1;1;1;1;1;1;0
0;0;0;0;0;0;0
0;0;0;0;0;0;0
2;2;2;2;2;2;0
2;2;2;2;2;2;0
2;2;2;2;2;2;0
2;2;2;2;2;2;0
1;1;1;1;1;1;0
7;7;7;7;7;7;0
7;7;7;7;7;7;0
3;3;3;3;3;3;0
20;20;20;20;20;20;0
1;1;1;1;1;1;0
14;14;14;14;14;14;0
1;1;1;1;1;1;0
0;0;0;0;0;0;0
3;3;3;3;3;3;0
1;1;1;1;1;1;0
0;0;0;0;0;0;0
0;0;0;0;0;0;0
0;0;0;0;0;0;0
0;0;0;0;0;0;0
0;0;0;0;0;0;0
0;0;0;0;0;0;0
0;0;0;0;0;0;0
0;0;0;0;0;0;0
0;0;0;0;0;0;0
0;0;0;0;0;0;0
0;0;0;0;0;0;0
0;0;0;0;0;0;0
0;0;0;0;0;0;0
1;1;1;1;1;1;0
1;1;1;1;1;1;0
1;1;1;1;1;1;0
1;1;1;1;1;1;0
1;1;1;1;1;1;0
1;1;1;1;1;1;0
1;1;1;1;1;1;0
1;1;1;1;1;1;0
1;1;1;1;1;1;0
1;1;1;1;1;1;0
1;1;1;1;1;1;0
1;1;1;1;1;1;0
1;1;1;1;1;1;0
1;1;1;1;1;1;0
1;1;1;1;1;1;0
1;1;1;1;1;1;0
1;1;1;1;1;1;0
1;1;1;1;1;1;0
1;1;1;1;1;1;0
1;1;1;1;1;1;0
1;1;1;1;1;1;0
1;1;1;1;1;1;0
1;1;1;1;1;1;0
1;1;1;1;1;1;0
1;1;1;1;1;1;0
1;1;1;1;1;1;0
1;1;1;1;1;1;0
1;1;1;1;1;1;0
1;1;1;1;1;1;0
1;1;1;1;1;1;0
1;1;1;1;1;1;0
1;1;1;1;1;1;0
1;1;1;1;1;1;0
1;1;1;1;1;1;0
1;1;1;1;1;1;0
1;1;1;1;1;1;0
1;1;1;1;1;1;0
1;1;1;1;1;1;0
1;1;1;1;1;1;0
1;1;1;1;1;1;0
1;1;1;1;1;1;0
1;1;1;1;1;1;0
1;1;1;1;1;1;0
1;1;1;1;1;1;0
1;1;1;1;1;1;0
1;1;1;1;1;1;0
1;1;1;1;1;1;0
1;1;1;1;1;1;0
1;1;1;1;1;1;0
1;1;1;1;1;1;0
1;1;1;1;1;1;0
1;1;1;1;1;1;0
1;1;1;1;1;1;0
1;1;1;1;1;1;0
1;1;1;1;1;1;0
1;1;1;1;1;1;0
1;1;1;1;1;1;0
1;1;1;1;1;1;0
1;1;1;1;1;1;0
1;1;1;1;1;1;0
1;1;1;1;1;1;0
1;1;1;1;1;1;0
1;1;1;1;1;1;0
1;1;1;1;1;1;0
1;1;1;1;1;1;0
1;1;1;1;1;1;0
1;1;1;1;1;1;0
1;1;1;1;1;1;0
1;1;1;1;1;1;0
1;1;1;1;1;1;0
0;0;0;0;0;0;0
0;0;0;0;0;0;0
0;0;0;0;0;0;0
0;0;0;0;0;0;0
0;0;0;0;0;0;0
0;0;0;0;0;0;0
0;0;0;0;0;0;0
0;0;0;0;0;0;0
0;0;0;0;0;0;0
0;0;0;0;0;0;0
0;0;0;0;0;0;0
0;0;0;0;0;0;0
0;0;0;0;0;0;0
1;1;1;1;1;1;0
1;1;1;1;1;1;0
0;0;0;0;0;0;0
2;2;2;2;2;2;0
0;0;0;0;0;0;0
0;0;0;0;0;0;0
5;5;5;5;5;5;0
1;1;1;1;1;1;0
3;3;3;3;3;3;0
118;118;118;118;118;118;0
10;10;10;10;10;10;0
3;3;3;3;3;3;0
2;2;2;2;2;2;0
2;2;2;2;2;2;0
8;8;8;8;8;8;0
8;8;8;8;8;8;0
8;8;8;8;8;8;0
3;3;3;3;3;3;0
4;4;4;4;4;4;0
2;2;2;2;2;2;0
5;5;5;5;5;5;0
1;1;1;1;1;1;0
1;1;1;1;1;1;0
1;1;1;1;1;1;0
3;3;3;3;3;3;0
4;4;4;4;4;4;0
4;4;4;4;4;4;0
1;1;1;1;1;1;0
1;1;1;1;1;1;0
5;5;5;5;5;5;0
1;1;1;1;1;1;0
4;4;4;4;4;4;0
2;2;2;2;2;2;0
2;2;2;2;2;2;0
3;3;3;3;3;3;0
6;6;6;6;6;6;0
9;9;9;9;9;9;0
13;13;13;13;13;13;0
0;0;0;0;0;0;0
1;1;1;1;1;1;0
1;1;1;1;1;1;0
1;1;1;1;1;1;0
1;1;1;1;1;1;0
1;1;1;1;1;1;0
0;0;0;0;0;0;0
0;0;0;0;0;0;0
0;0;0;0;0;0;0
0;0;0;0;0;0;0
0;0;0;0;0;0;0
0;0;0;0;0;0;0
0;0;0;0;0;0;0
2;2;2;2;2;2;0
0;0;0;0;0;0;0
1;1;1;1;1;1;0
3;3;3;3;3;3;0
0;0;0;0;0;0;0
0;0;0;0;0;0;0
3;3;3;3;3;3;0
0;0;0;0;0;0;0
0;0;0;0;0;0;0
0;0;0;0;0;0;0
13;13;13;13;13;13;0
5;5;5;5;5;5;0
13;13;13;13;13;13;0
11;11;11;11;11;11;0
11;11;11;11;11;11;0
5;5;5;5;5;5;0
6;6;6;6;6;6;0
13;13;13;13;13;13;0
11;11;11;11;11;11;0
5;5;5;5;5;5;0
9;9;9;9;9;9;0
0;0;0;0;0;0;0
0;0;0;0;0;0;0
1;1;1;1;1;1;0
2;2;2;2;2;2;0
0;0;0;0;0;0;0
2;2;2;2;2;2;0
15;15;15;15;15;15;0
0;0;0;0;0;0;0
0;0;0;0;0;0;0
0;0;0;0;0;0;0
0;0;0;0;0;0;0
0;0;0;0;0;0;0
0;0;0;0;0;0;0
0;0;0;0;0;0;0
1;1;1;1;1;1;0
5;5;5;5;5;5;0
1;1;1;1;1;1;0
1;1;1;1;1;1;0
0;0;0;0;0;0;0
0;0;0;0;0;0;0
0;0;0;0;0;0;0
1;1;1;1;1;1;0
0;0;0;0;0;0;0
0;0;0;0;0;0;0
1;1;1;1;1;1;0
28;28;28;28;28;28;0
28;28;28;28;28;28;0
1;1;1;1;1;1;0
3;3;3;3;3;3;0
1;1;1;1;1;1;0
8;8;8;8;8;8;0
6;6;6;6;6;6;0
10;10;10;10;10;10;0
2;2;2;2;2;2;0
1;1;1;1;1;1;0
32;32;32;32;32;32;0
33;33;33;33;33;33;0
32;32;32;32;32;32;0
0;0;0;0;0;0;0
2;2;2;2;2;2;0
1;1;1;1;1;1;0
21;21;21;21;21;21;0
25;25;25;25;25;25;0
18;18;18;18;18;18;0
17;17;17;17;17;17;0
1;1;1;1;1;1;0
43;43;43;43;43;43;0
23;23;23;23;23;23;0
6;6;6;6;6;6;0
1;1;1;1;1;1;0
0;0;0;0;0;0;0
44;44;44;44;44;44;0
44;44;44;44;44;44;0
3;3;3;3;3;3;0
33;33;33;33;33;33;0
35;35;35;35;35;35;0
0;0;0;0;0;0;0
2;2;2;2;2;2;0
2;2;2;2;2;2;0
2;2;2;2;2;2;0
2;2;2;2;2;2;0
2;2;2;2;2;2;0
0;0;0;0;0;0;0
0;0;0;0;0;0;0
25;25;25;25;25;25;0
0;0;0;0;0;0;0
25;25;25;25;25;25;0
20;20;20;20;20;20;0
2;2;2;2;2;2;0
42;42;42;42;42;42;0
19;19;19;19;19;19;0
2;2;2;2;2;2;0
1;1;1;1;1;1;0
4;4;4;4;4;4;0
4;4;4;4;4;4;0
2;2;2;2;2;2;0
2;2;2;2;2;2;0
4;4;4;4;4;4;0
10;10;10;10;10;10;0
1;1;1;1;1;1;0
0;0;0;0;0;0;0
0;0;0;0;0;0;0
35;35;35;35;35;35;0
35;35;35;35;35;35;0
1;1;1;1;1;1;0
2;2;2;2;2;2;0
1;1;1;1;1;1;0
0;0;0;0;0;0;0
22;22;22;22;22;22;0
25;25;25;25;25;25;0
2;2;2;2;2;2;0
2;2;2;2;2;2;0
2;2;2;2;2;2;0
0;0;0;0;0;0;0
23;23;23;23;23;23;0
1;1;1;1;1;1;0
21;21;21;21;21;21;0
21;21;21;21;21;21;0
3;3;3;3;3;3;0
1;1;1;1;1;1;0
6;6;6;6;6;6;0
1;1;1;1;1;1;0
9;9;9;9;9;9;0
10;10;10;10;10;10;0
0;0;0;0;0;0;0
5;5;5;5;5;5;0
3;3;3;3;3;3;0
13;13;13;13;13;13;0
2;2;2;2;2;2;0
8;8;8;8;8;8;0
0;0;0;0;0;0;0
1;1;1;1;1;1;0
1;1;1;1;1;1;0
1;1;1;1;1;1;0
1;1;1;1;1;1;0
0;0;0;0;0;0;0
0;0;0;0;0;0;0
1;1;1;1;1;1;0
0;0;0;0;0;0;0
1;1;1;1;1;1;0
0;0;0;0;0;0;0
1;1;1;1;1;1;0
0;0;0;0;0;0;0
0;0;0;0;0;0;0
0;0;0;0;0;0;0
0;0;0;0;0;0;0
0;0;0;0;0;0;0
0;0;0;0;0;0;0
0;0;0;0;0;0;0
0;0;0;0;0;0;0
0;0;0;0;0;0;0
0;0;0;0;0;0;0
0;0;0;0;0;0;0
18;18;18;18;18;18;0
24;24;24;24;24;24;0
3;3;3;3;3;3;0
3;3;3;3;3;3;0
2;2;2;2;2;2;0
0;0;0;0;0;0;0
2;2;2;2;2;2;0
1;1;1;1;1;1;0
1;1;1;1;1;1;0
27;27;27;27;27;27;0
10;10;10;10;10;10;0
1;1;1;1;1;1;0
2;2;2;2;2;2;0
3;3;3;3;3;3;0
4;4;4;4;4;4;0
27;27;27;27;27;27;0
2;2;2;2;2;2;0
4;4;4;4;4;4;0
6;6;6;6;6;6;0
5;5;5;5;5;5;0
5;5;5;5;5;5;0
5;5;5;5;5;5;0
32;32;32;32;32;32;0
2;2;2;2;2;2;0
5;5;5;5;5;5;0
6;6;6;6;6;6;0
3;3;3;3;3;3;0
0;0;0;0;0;0;0
0;0;0;0;0;0;0
3;3;3;3;3;3;0
17;17;17;17;17;17;0
1;1;1;1;1;1;0
4;4;4;4;4;4;0
11;11;11;11;11;11;0
9;9;9;9;9;9;0
7;7;7;7;7;7;0
10;10;10;10;10;10;0
7;7;7;7;7;7;0
18;18;18;18;18;18;0
18;18;18;18;18;18;0
17;17;17;17;17;17;0
1;1;1;1;1;1;0
0;0;0;0;0;0;0
0;0;0;0;0;0;0
0;0;0;0;0;0;0
0;0;0;0;0;0;0
0;0;0;0;0;0;0
0;0;0;0;0;0;0
0;0;0;0;0;0;0
0;0;0;0;0;0;0
0;0;0;0;0;0;0
0;0;0;0;0;0;0
0;0;0;0;0;0;0
4;4;4;4;4;4;0
1;1;1;1;1;1;0
12;12;12;12;12;12;0
1;1;1;1;1;1;0
7;7;7;7;7;7;0
6;6;6;6;6;6;0
8;8;8;8;8;8;0
6;6;6;6;6;6;0
6;6;6;6;6;6;0
6;6;6;6;6;6;0
25;25;25;25;25;25;0
7;7;7;7;7;7;0
7;7;7;7;7;7;0
7;7;7;7;7;7;0
8;8;8;8;8;8;0
8;8;8;8;8;8;0
8;8;8;8;8;8;0
13;13;13;13;13;13;0
25;25;25;25;25;25;0
2;2;2;2;2;2;0
2;2;2;2;2;2;0
7;7;7;7;7;7;0
46;46;46;46;46;46;0
0;0;0;0;0;0;0
1;1;1;1;1;1;0
3;3;3;3;3;3;0
5;5;5;5;5;5;0
2;2;2;2;2;2;0
1;1;1;1;1;1;0
25;25;25;25;25;25;0
25;25;25;25;25;25;0
2;2;2;2;2;2;0
1;1;1;1;1;1;0
2;2;2;2;2;2;0
2;2;2;2;2;2;0
2;2;2;2;2;2;0
17;17;17;17;17;17;0
6;6;6;6;6;6;0
0;0;0;0;0;0;0
41;41;41;41;41;41;0
26;26;26;26;26;26;0
6;6;6;6;6;6;0
1;1;1;1;1;1;0
2;2;2;2;2;2;0
1;1;1;1;1;1;0
10;10;10;10;10;10;0
1;1;1;1;1;1;0
1;1;1;1;1;1;0
12;12;12;12;12;12;0
2;2;2;2;2;2;0
0;0;0;0;0;0;0
4;4;4;4;4;4;0
12;12;12;12;12;12;0
14;14;14;14;14;14;0
14;14;14;14;14;14;0
14;14;14;14;14;14;0
36;36;36;36;36;36;0
2;2;2;2;2;2;0
9;9;9;9;9;9;0
24;24;24;24;24;24;0
6;6;6;6;6;6;0
5;5;5;5;5;5;0
5;5;5;5;5;5;0
6;6;6;6;6;6;0
0;0;0;0;0;0;0
1;1;1;1;1;1;0
2;2;2;2;2;2;0
20;20;20;20;20;20;0
2;2;2;2;2;2;0
42;42;42;42;42;42;0
20;20;20;20;20;20;0
2;2;2;2;2;2;0
42;42;42;42;42;42;0
21;21;21;21;21;21;0
2;2;2;2;2;2;0
44;44;44;44;44;44;0
0;0;0;0;0;0;0
0;0;0;0;0;0;0
20;20;20;20;20;20;0
0;0;0;0;0;0;0
20;20;20;20;20;20;0
2;2;2;2;2;2;0
3;3;3;3;3;3;0
3;3;3;3;3;3;0
1;1;1;1;1;1;0
0;0;0;0;0;0;0
1;1;1;1;1;1;0
1;1;1;1;1;1;0
1;1;1;1;1;1;0
2;2;2;2;2;2;0
3;3;3;3;3;3;0
1;1;1;1;1;1;0
1;1;1;1;1;1;0
0;0;0;0;0;0;0
0;0;0;0;0;0;0
0;0;0;0;0;0;0
1;1;1;1;1;1;0
7;7;7;7;7;7;0
1;1;1;1;1;1;0
6;6;6;6;6;6;0
2;2;2;2;2;2;0
4;4;4;4;4;4;0
0;0;0;0;0;0;0
4;4;4;4;4;4;0
31;31;31;31;31;31;0
31;31;31;31;31;31;0
31;31;31;31;31;31;0
1;1;1;1;1;1;0
4;4;4;4;4;4;0
2;2;2;2;2;2;0
6;6;6;6;6;6;0
1;1;1;1;1;1;0
0;0;0;0;0;0;0
2;2;2;2;2;2;0
1;1;1;1;1;1;0
5;5;5;5;5;5;0
5;5;5;5;5;5;0
29;29;29;29;29;29;0
34;34;34;34;34;34;0
32;32;32;32;32;32;0
9;9;9;9;9;9;0
24;24;24;24;24;24;0
6;6;6;6;6;6;0
5;5;5;5;5;5;0
5;5;5;5;5;5;0
6;6;6;6;6;6;0
0;0;0;0;0;0;0
1;1;1;1;1;1;0
2;2;2;2;2;2;0
3;3;3;3;3;3;0
12;12;12;12;12;12;0
5;5;5;5;5;5;0
3;3;3;3;3;3;0
12;12;12;12;12;12;0
5;5;5;5;5;5;0
20;20;20;20;20;20;0
20;20;20;20;20;20;0
20;20;20;20;20;20;0
20;20;20;20;20;20;0
0;0;0;0;0;0;0
0;0;0;0;0;0;0
0;0;0;0;0;0;0
0;0;0;0;0;0;0
0;0;0;0;0;0;0
0;0;0;0;0;0;0
0;0;0;0;0;0;0
0;0;0;0;0;0;0
0;0;0;0;0;0;0
0;0;0;0;0;0;0
0;0;0;0;0;0;0
0;0;0;0;0;0;0
0;0;0;0;0;0;0
0;0;0;0;0;0;0
0;0;0;0;0;0;0
0;0;0;0;0;0;0
0;0;0;0;0;0;0
0;0;0;0;0;0;0
0;0;0;0;0;0;0
0;0;0;0;0;0;0
0;0;0;0;0;0;0
0;0;0;0;0;0;0
2;2;2;2;2;2;0
0;0;0;0;0;0;0
0;0;0;0;0;0;0
0;0;0;0;0;0;0
0;0;0;0;0;0;0
2;2;2;2;2;2;0
1;1;1;1;1;1;0
0;0;0;0;0;0;0
0;0;0;0;0;0;0
0;0;0;0;0;0;0
0;0;0;0;0;0;0
2;2;2;2;2;2;0
4;4;4;4;4;4;0
2;2;2;2;2;2;0
1;1;1;1;1;1;0
1;1;1;1;1;1;0
2;2;2;2;2;2;0
2;2;2;2;2;2;0
12;12;12;12;12;12;0
0;0;0;0;0;0;0
1;1;1;1;1;1;0
0;0;0;0;0;0;0
16;16;16;16;16;16;0
11;11;11;11;11;11;0
9;9;9;9;9;9;0
7;7;7;7;7;7;0
4;4;4;4;4;4;0
11;11;11;11;11;11;0
6;6;6;6;6;6;0
4;4;4;4;4;4;0
4;4;4;4;4;4;0
4;4;4;4;4;4;0
2;2;2;2;2;2;0
0;0;0;0;0;0;0
0;0;0;0;0;0;0
0;0;0;0;0;0;0
0;0;0;0;0;0;0
0;0;0;0;0;0;0
0;0;0;0;0;0;0
0;0;0;0;0;0;0
0;0;0;0;0;0;0
0;0;0;0;0;0;0
0;0;0;0;0;0;0
0;0;0;0;0;0;0
0;0;0;0;0;0;0
0;0;0;0;0;0;0
0;0;0;0;0;0;0
0;0;0;0;0;0;0
0;0;0;0;0;0;0
0;0;0;0;0;0;0
0;0;0;0;0;0;0
0;0;0;0;0;0;0
0;0;0;0;0;0;0
0;0;0;0;0;0;0
0;0;0;0;0;0;0
0;0;0;0;0;0;0
0;0;0;0;0;0;0
0;0;0;0;0;0;0
0;0;0;0;0;0;0
0;0;0;0;0;0;0
0;0;0;0;0;0;0
0;0;0;0;0;0;0
0;0;0;0;0;0;0
0;0;0;0;0;0;0
0;0;0;0;0;0;0
0;0;0;0;0;0;0
1;1;1;1;1;1;0
0;0;0;0;0;0;0
0;0;0;0;0;0;0
0;0;0;0;0;0;0
0;0;0;0;0;0;0
0;0;0;0;0;0;0
0;0;0;0;0;0;0
0;0;0;0;0;0;0
0;0;0;0;0;0;0
1;1;1;1;1;1;0
0;0;0;0;0;0;0
0;0;0;0;0;0;0
0;0;0;0;0;0;0
0;0;0;0;0;0;0
0;0;0;0;0;0;0
0;0;0;0;0;0;0
0;0;0;0;0;0;0
0;0;0;0;0;0;0
1;1;1;1;1;1;0
0;0;0;0;0;0;0
0;0;0;0;0;0;0
0;0;0;0;0;0;0
0;0;0;0;0;0;0
0;0;0;0;0;0;0
0;0;0;0;0;0;0
0;0;0;0;0;0;0
0;0;0;0;0;0;0
1;1;1;1;1;1;0
0;0;0;0;0;0;0
0;0;0;0;0;0;0
0;0;0;0;0;0;0
0;0;0;0;0;0;0
0;0;0;0;0;0;0
0;0;0;0;0;0;0
0;0;0;0;0;0;0
0;0;0;0;0;0;0
1;1;1;1;1;1;0
0;0;0;0;0;0;0
0;0;0;0;0;0;0
0;0;0;0;0;0;0
0;0;0;0;0;0;0
0;0;0;0;0;0;0
0;0;0;0;0;0;0
0;0;0;0;0;0;0
0;0;0;0;0;0;0
1;1;1;1;1;1;0
2;2;2;2;2;2;0
2;2;2;2;2;2;0
2;2;2;2;2;2;0
2;2;2;2;2;2;0
2;2;2;2;2;2;0
0;0;0;0;0;0;0
1;1;1;1;1;1;0
0;0;0;0;0;0;0
0;0;0;0;0;0;0
1;1;1;1;1;1;0
1;1;1;1;1;1;0
2;2;2;2;2;2;0
2;2;2;2;2;2;0
2;2;2;2;2;2;0
2;2;2;2;2;2;0
3;3;3;3;3;3;0
3;3;3;3;3;3;0
3;3;3;3;3;3;0
3;3;3;3;3;3;0
3;3;3;3;3;3;0
3;3;3;3;3;3;0
3;3;3;3;3;3;0
3;3;3;3;3;3;0
3;3;3;3;3;3;0
3;3;3;3;3;3;0
3;3;3;3;3;3;0
3;3;3;3;3;3;0
3;3;3;3;3;3;0
3;3;3;3;3;3;0
3;3;3;3;3;3;0
3;3;3;3;3;3;0
9;9;9;9;9;9;0
3;3;3;3;3;3;0
1;1;1;1;1;1;0
7;7;7;7;7;7;0
2;2;2;2;2;2;0
1;1;1;1;1;1;0
1;1;1;1;1;1;0
2;2;2;2;2;2;0
17;17;17;17;17;17;0
43;43;43;43;43;43;0
1;1;1;1;1;1;0
4;4;4;4;4;4;0
1;1;1;1;1;1;0
0;0;0;0;0;0;0
17;17;17;17;17;17;0
8;8;8;8;8;8;0
2;2;2;2;2;2;0
6;6;6;6;6;6;0
4;4;4;4;4;4;0
0;0;0;0;0;0;0
0;0;0;0;0;0;0
0;0;0;0;0;0;0
0;0;0;0;0;0;0
0;0;0;0;0;0;0
2;2;2;2;2;2;0
0;0;0;0;0;0;0
2;2;2;2;2;2;0
5;5;5;5;5;5;0
3;3;3;3;3;3;0
0;0;0;0;0;0;0
0;0;0;0;0;0;0
0;0;0;0;0;0;0
2;2;2;2;2;2;0
2;2;2;2;2;2;0
3;3;3;3;3;3;0
2;2;2;2;2;2;0
3;3;3;3;3;3;0
8;8;8;8;8;8;0
6;6;6;6;6;6;0
0;0;0;0;0;0;0
0;0;0;0;0;0;0
0;0;0;0;0;0;0
3;3;3;3;3;3;0
3;3;3;3;3;3;0
1;1;1;1;1;1;0
2;2;2;2;2;2;0
0;0;0;0;0;0;0
1;1;1;1;1;1;0
0;0;0;0;0;0;0
3;3;3;3;3;3;0
0;0;0;0;0;0;0
11;11;11;11;11;11;0
2;2;2;2;2;2;0
9;9;9;9;9;9;0
0;0;0;0;0;0;0
1;1;1;1;1;1;0
1;1;1;1;1;1;0
0;0;0;0;0;0;0
1;1;1;1;1;1;0
3;3;3;3;3;3;0
4;4;4;4;4;4;0
8;8;8;8;8;8;0
7;7;7;7;7;7;0
2;2;2;2;2;2;0
3;3;3;3;3;3;0
0;0;0;0;0;0;0
0;0;0;0;0;0;0
5;5;5;5;5;5;0
12;12;12;12;12;12;0
1;1;1;1;1;1;0
0;0;0;0;0;0;0
4;4;4;4;4;4;0
2;2;2;2;2;2;0
2;2;2;2;2;2;0
24;24;24;24;24;24;0
24;24;24;24;24;24;0
0;0;0;0;0;0;0
0;0;0;0;0;0;0
0;0;0;0;0;0;0
0;0;0;0;0;0;0
0;0;0;0;0;0;0
0;0;0;0;0;0;0
0;0;0;0;0;0;0
25;25;25;25;25;25;0
0;0;0;0;0;0;0
1;1;1;1;1;1;0
81;81;81;81;81;81;0
82;82;82;82;82;82;0
0;0;0;0;0;0;0
1;1;1;1;1;1;0
1;1;1;1;1;1;0
1;1;1;1;1;1;0
1;1;1;1;1;1;0
1;1;1;1;1;1;0
0;0;0;0;0;0;0
0;0;0;0;0;0;0
0;0;0;0;0;0;0
0;0;0;0;0;0;0
0;0;0;0;0;0;0
0;0;0;0;0;0;0
1;1;1;1;1;1;0
0;0;0;0;0;0;0
7;7;7;7;7;7;0
0;0;0;0;0;0;0
0;0;0;0;0;0;0
10;10;10;10;10;10;0
1;1;1;1;1;1;0
1;1;1;1;1;1;0
1;1;1;1;1;1;0
1;1;1;1;1;1;0
1;1;1;1;1;1;0
1;1;1;1;1;1;0
1;1;1;1;1;1;0
1;1;1;1;1;1;0
1;1;1;1;1;1;0
1;1;1;1;1;1;0
1;1;1;1;1;1;0
1;1;1;1;1;1;0
1;1;1;1;1;1;0
1;1;1;1;1;1;0
1;1;1;1;1;1;0
1;1;1;1;1;1;0
1;1;1;1;1;1;0
1;1;1;1;1;1;0
1;1;1;1;1;1;0
1;1;1;1;1;1;0
1;1;1;1;1;1;0
1;1;1;1;1;1;0
1;1;1;1;1;1;0
1;1;1;1;1;1;0
1;1;1;1;1;1;0
1;1;1;1;1;1;0
1;1;1;1;1;1;0
1;1;1;1;1;1;0
1;1;1;1;1;1;0
1;1;1;1;1;1;0
1;1;1;1;1;1;0
1;1;1;1;1;1;0
1;1;1;1;1;1;0
1;1;1;1;1;1;0
1;1;1;1;1;1;0
1;1;1;1;1;1;0
1;1;1;1;1;1;0
1;1;1;1;1;1;0
1;1;1;1;1;1;0
1;1;1;1;1;1;0
1;1;1;1;1;1;0
1;1;1;1;1;1;0
1;1;1;1;1;1;0
1;1;1;1;1;1;0
1;1;1;1;1;1;0
1;1;1;1;1;1;0
1;1;1;1;1;1;0
2;2;2;2;2;2;0
1;1;1;1;1;1;0
2;2;2;2;2;2;0
0;0;0;0;0;0;0
10;10;10;10;10;10;0
2;2;2;2;2;2;0
4;4;4;4;4;4;0
4;4;4;4;4;4;0
2;2;2;2;2;2;0
4;4;4;4;4;4;0
4;4;4;4;4;4;0
1;1;1;1;1;1;0
1;1;1;1;1;1;0
0;0;0;0;0;0;0
1;1;1;1;1;1;0
1;1;1;1;1;1;0
3;3;3;3;3;3;0
3;3;3;3;3;3;0
2;2;2;2;2;2;0
1;1;1;1;1;1;0
3;3;3;3;3;3;0
1;1;1;1;1;1;0
1;1;1;1;1;1;0
0;0;0;0;0;0;0
0;0;0;0;0;0;0
0;0;0;0;0;0;0
0;0;0;0;0;0;0
0;0;0;0;0;0;0
0;0;0;0;0;0;0
0;0;0;0;0;0;0
0;0;0;0;0;0;0
4;4;4;4;4;4;0
2;2;2;2;2;2;0
3;3;3;3;3;3;0
2;2;2;2;2;2;0
4;4;4;4;4;4;0
2;2;2;2;2;2;0
5;5;5;5;5;5;0
2;2;2;2;2;2;0
0;0;0;0;0;0;0
0;0;0;0;0;0;0
0;0;0;0;0;0;0
8;8;8;8;8;8;0
1;1;1;1;1;1;0
1;1;1;1;1;1;0
0;0;0;0;0;0;0
13;13;13;13;13;13;0
1;1;1;1;1;1;0
1;1;1;1;1;1;0
1;1;1;1;1;1;0
1;1;1;1;1;1;0
0;0;0;0;0;0;0
0;0;0;0;0;0;0
0;0;0;0;0;0;0
0;0;0;0;0;0;0
2;2;2;2;2;2;0
2;2;2;2;2;2;0
2;2;2;2;2;2;0
2;2;2;2;2;2;0
2;2;2;2;2;2;0
2;2;2;2;2;2;0
2;2;2;2;2;2;0
2;2;2;2;2;2;0
4;4;4;4;4;4;0
4;4;4;4;4;4;0
4;4;4;4;4;4;0
2;2;2;2;2;2;0
15;15;15;15;15;15;0
1;1;1;1;1;1;0
4;4;4;4;4;4;0
1;1;1;1;1;1;0
0;0;0;0;0;0;0
3;3;3;3;3;3;0
1;1;1;1;1;1;0
0;0;0;0;0;0;0
0;0;0;0;0;0;0
0;0;0;0;0;0;0
0;0;0;0;0;0;0
0;0;0;0;0;0;0
0;0;0;0;0;0;0
0;0;0;0;0;0;0
0;0;0;0;0;0;0
0;0;0;0;0;0;0
0;0;0;0;0;0;0
0;0;0;0;0;0;0
0;0;0;0;0;0;0
0;0;0;0;0;0;0
1;1;1;1;1;1;0
0;0;0;0;0;0;0
0;0;0;0;0;0;0
0;0;0;0;0;0;0
0;0;0;0;0;0;0
1;1;1;1;1;1;0
1;1;1;1;1;1;0
1;1;1;1;1;1;0
0;0;0;0;0;0;0
0;0;0;0;0;0;0
0;0;0;0;0;0;0
0;0;0;0;0;0;0
1;1;1;1;1;1;0
1;1;1;1;1;1;0
1;1;1;1;1;1;0
0;0;0;0;0;0;0
0;0;0;0;0;0;0
0;0;0;0;0;0;0
0;0;0;0;0;0;0
1;1;1;1;1;1;0
1;1;1;1;1;1;0
1;1;1;1;1;1;0
0;0;0;0;0;0;0
0;0;0;0;0;0;0
0;0;0;0;0;0;0
0;0;0;0;0;0;0
1;1;1;1;1;1;0
1;1;1;1;1;1;0
1;1;1;1;1;1;0
0;0;0;0;0;0;0
0;0;0;0;0;0;0
0;0;0;0;0;0;0
0;0;0;0;0;0;0
1;1;1;1;1;1;0
1;1;1;1;1;1;0
1;1;1;1;1;1;0
0;0;0;0;0;0;0
0;0;0;0;0;0;0
0;0;0;0;0;0;0
0;0;0;0;0;0;0
1;1;1;1;1;1;0
1;1;1;1;1;1;0
1;1;1;1;1;1;0
0;0;0;0;0;0;0
0;0;0;0;0;0;0
0;0;0;0;0;0;0
0;0;0;0;0;0;0
1;1;1;1;1;1;0
1;1;1;1;1;1;0
1;1;1;1;1;1;0
0;0;0;0;0;0;0
0;0;0;0;0;0;0
0;0;0;0;0;0;0
0;0;0;0;0;0;0
1;1;1;1;1;1;0
1;1;1;1;1;1;0
1;1;1;1;1;1;0
0;0;0;0;0;0;0
0;0;0;0;0;0;0
0;0;0;0;0;0;0
0;0;0;0;0;0;0
1;1;1;1;1;1;0
1;1;1;1;1;1;0
1;1;1;1;1;1;0
0;0;0;0;0;0;0
0;0;0;0;0;0;0
0;0;0;0;0;0;0
0;0;0;0;0;0;0
1;1;1;1;1;1;0
1;1;1;1;1;1;0
0;0;0;0;0;0;0
0;0;0;0;0;0;0
0;0;0;0;0;0;0
0;0;0;0;0;0;0
0;0;0;0;0;0;0
0;0;0;0;0;0;0
0;0;0;0;0;0;0
0;0;0;0;0;0;0
0;0;0;0;0;0;0
0;0;0;0;0;0;0
0;0;0;0;0;0;0
0;0;0;0;0;0;0
0;0;0;0;0;0;0
1;1;1;1;1;1;0
1;1;1;1;1;1;0
1;1;1;1;1;1;0
1;1;1;1;1;1;0
1;1;1;1;1;1;0
2;2;2;2;2;2;0
1;1;1;1;1;1;0
2;2;2;2;2;2;0
1;1;1;1;1;1;0
1;1;1;1;1;1;0
1;1;1;1;1;1;0
1;1;1;1;1;1;0
1;1;1;1;1;1;0
2;2;2;2;2;2;0
1;1;1;1;1;1;0
2;2;2;2;2;2;0
1;1;1;1;1;1;0
1;1;1;1;1;1;0
1;1;1;1;1;1;0
1;1;1;1;1;1;0
1;1;1;1;1;1;0
2;2;2;2;2;2;0
1;1;1;1;1;1;0
2;2;2;2;2;2;0
1;1;1;1;1;1;0
1;1;1;1;1;1;0
1;1;1;1;1;1;0
1;1;1;1;1;1;0
1;1;1;1;1;1;0
2;2;2;2;2;2;0
1;1;1;1;1;1;0
2;2;2;2;2;2;0
1;1;1;1;1;1;0
1;1;1;1;1;1;0
1;1;1;1;1;1;0
1;1;1;1;1;1;0
1;1;1;1;1;1;0
2;2;2;2;2;2;0
1;1;1;1;1;1;0
2;2;2;2;2;2;0
1;1;1;1;1;1;0
1;1;1;1;1;1;0
1;1;1;1;1;1;0
1;1;1;1;1;1;0
1;1;1;1;1;1;0
2;2;2;2;2;2;0
1;1;1;1;1;1;0
2;2;2;2;2;2;0
1;1;1;1;1;1;0
1;1;1;1;1;1;0
1;1;1;1;1;1;0
1;1;1;1;1;1;0
1;1;1;1;1;1;0
2;2;2;2;2;2;0
1;1;1;1;1;1;0
2;2;2;2;2;2;0
1;1;1;1;1;1;0
1;1;1;1;1;1;0
1;1;1;1;1;1;0
1;1;1;1;1;1;0
1;1;1;1;1;1;0
2;2;2;2;2;2;0
1;1;1;1;1;1;0
2;2;2;2;2;2;0
1;1;1;1;1;1;0
1;1;1;1;1;1;0
1;1;1;1;1;1;0
1;1;1;1;1;1;0
1;1;1;1;1;1;0
2;2;2;2;2;2;0
1;1;1;1;1;1;0
2;2;2;2;2;2;0
1;1;1;1;1;1;0
1;1;1;1;1;1;0
1;1;1;1;1;1;0
1;1;1;1;1;1;0
1;1;1;1;1;1;0
2;2;2;2;2;2;0
1;1;1;1;1;1;0
2;2;2;2;2;2;0
1;1;1;1;1;1;0
1;1;1;1;1;1;0
1;1;1;1;1;1;0
1;1;1;1;1;1;0
1;1;1;1;1;1;0
1;1;1;1;1;1;0
1;1;1;1;1;1;0
1;1;1;1;1;1;0
1;1;1;1;1;1;0
1;1;1;1;1;1;0
1;1;1;1;1;1;0
1;1;1;1;1;1;0
1;1;1;1;1;1;0
1;1;1;1;1;1;0
1;1;1;1;1;1;0
1;1;1;1;1;1;0
1;1;1;1;1;1;0
1;1;1;1;1;1;0
1;1;1;1;1;1;0
1;1;1;1;1;1;0
1;1;1;1;1;1;0
1;1;1;1;1;1;0
1;1;1;1;1;1;0
1;1;1;1;1;1;0
0;0;0;0;0;0;0
1;1;1;1;1;1;0
1;1;1;1;1;1;0
0;0;0;0;0;0;0
2;2;2;2;2;2;0
0;0;0;0;0;0;0
0;0;0;0;0;0;0
5;5;5;5;5;5;0
0;0;0;0;0;0;0
2;2;2;2;2;2;0
118;118;118;118;118;118;0
8;8;8;8;8;8;0
2;2;2;2;2;2;0
2;2;2;2;2;2;0
2;2;2;2;2;2;0
28;28;28;28;28;28;0
28;28;28;28;28;28;0
7;7;7;7;7;7;0
2;2;2;2;2;2;0
2;2;2;2;2;2;0
1;1;1;1;1;1;0
3;3;3;3;3;3;0
1;1;1;1;1;1;0
1;1;1;1;1;1;0
1;1;1;1;1;1;0
2;2;2;2;2;2;0
1;1;1;1;1;1;0
0;0;0;0;0;0;0
0;0;0;0;0;0;0
0;0;0;0;0;0;0
1;1;1;1;1;1;0
1;1;1;1;1;1;0
2;2;2;2;2;2;0
1;1;1;1;1;1;0
1;1;1;1;1;1;0
1;1;1;1;1;1;0
6;6;6;6;6;6;0
7;7;7;7;7;7;0
2;2;2;2;2;2;0
0;0;0;0;0;0;0
0;0;0;0;0;0;0
0;0;0;0;0;0;0
0;0;0;0;0;0;0
0;0;0;0;0;0;0
0;0;0;0;0;0;0
0;0;0;0;0;0;0
0;0;0;0;0;0;0
0;0;0;0;0;0;0
0;0;0;0;0;0;0
0;0;0;0;0;0;0
0;0;0;0;0;0;0
0;0;0;0;0;0;0
2;2;2;2;2;2;0
0;0;0;0;0;0;0
1;1;1;1;1;1;0
0;0;0;0;0;0;0
4;4;4;4;4;4;0
0;0;0;0;0;0;0
2;2;2;2;2;2;0
1;1;1;1;1;1;0
0;0;0;0;0;0;0
0;0;0;0;0;0;0
0;0;0;0;0;0;0
0;0;0;0;0;0;0
3;3;3;3;3;3;0
1;1;1;1;1;1;0
0;0;0;0;0;0;0
0;0;0;0;0;0;0
0;0;0;0;0;0;0
11;11;11;11;11;11;0
4;4;4;4;4;4;0
11;11;11;11;11;11;0
9;9;9;9;9;9;0
9;9;9;9;9;9;0
4;4;4;4;4;4;0
5;5;5;5;5;5;0
11;11;11;11;11;11;0
9;9;9;9;9;9;0
4;4;4;4;4;4;0
8;8;8;8;8;8;0
0;0;0;0;0;0;0
0;0;0;0;0;0;0
0;0;0;0;0;0;0
1;1;1;1;1;1;0
0;0;0;0;0;0;0
1;1;1;1;1;1;0
9;9;9;9;9;9;0
0;0;0;0;0;0;0
0;0;0;0;0;0;0
0;0;0;0;0;0;0
0;0;0;0;0;0;0
0;0;0;0;0;0;0
0;0;0;0;0;0;0
0;0;0;0;0;0;0
0;0;0;0;0;0;0
4;4;4;4;4;4;0
0;0;0;0;0;0;0
1;1;1;1;1;1;0
0;0;0;0;0;0;0
0;0;0;0;0;0;0
0;0;0;0;0;0;0
1;1;1;1;1;1;0
0;0;0;0;0;0;0
0;0;0;0;0;0;0
1;1;1;1;1;1;0
13;13;13;13;13;13;0
13;13;13;13;13;13;0
1;1;1;1;1;1;0
1;1;1;1;1;1;0
1;1;1;1;1;1;0
0;0;0;0;0;0;0
8;8;8;8;8;8;0
2;2;2;2;2;2;0
1;1;1;1;1;1;0
0;0;0;0;0;0;0
0;0;0;0;0;0;0
12;12;12;12;12;12;0
11;11;11;11;11;11;0
0;0;0;0;0;0;0
0;0;0;0;0;0;0
1;1;1;1;1;1;0
7;7;7;7;7;7;0
8;8;8;8;8;8;0
7;7;7;7;7;7;0
6;6;6;6;6;6;0
1;1;1;1;1;1;0
9;9;9;9;9;9;0
6;6;6;6;6;6;0
0;0;0;0;0;0;0
0;0;0;0;0;0;0
0;0;0;0;0;0;0
34;34;34;34;34;34;0
34;34;34;34;34;34;0
3;3;3;3;3;3;0
17;17;17;17;17;17;0
17;17;17;17;17;17;0
0;0;0;0;0;0;0
1;1;1;1;1;1;0
1;1;1;1;1;1;0
1;1;1;1;1;1;0
1;1;1;1;1;1;0
1;1;1;1;1;1;0
0;0;0;0;0;0;0
0;0;0;0;0;0;0
7;7;7;7;7;7;0
0;0;0;0;0;0;0
7;7;7;7;7;7;0
12;12;12;12;12;12;0
1;1;1;1;1;1;0
1;1;1;1;1;1;0
27;27;27;27;27;27;0
1;1;1;1;1;1;0
1;1;1;1;1;1;0
4;4;4;4;4;4;0
7;7;7;7;7;7;0
1;1;1;1;1;1;0
1;1;1;1;1;1;0
0;0;0;0;0;0;0
2;2;2;2;2;2;0
0;0;0;0;0;0;0
0;0;0;0;0;0;0
0;0;0;0;0;0;0
14;14;14;14;14;14;0
14;14;14;14;14;14;0
1;1;1;1;1;1;0
0;0;0;0;0;0;0
1;1;1;1;1;1;0
0;0;0;0;0;0;0
12;12;12;12;12;12;0
24;24;24;24;24;24;0
1;1;1;1;1;1;0
1;1;1;1;1;1;0
1;1;1;1;1;1;0
0;0;0;0;0;0;0
8;8;8;8;8;8;0
1;1;1;1;1;1;0
9;9;9;9;9;9;0
9;9;9;9;9;9;0
1;1;1;1;1;1;0
1;1;1;1;1;1;0
3;3;3;3;3;3;0
1;1;1;1;1;1;0
1;1;1;1;1;1;0
1;1;1;1;1;1;0
0;0;0;0;0;0;0
0;0;0;0;0;0;0
0;0;0;0;0;0;0
0;0;0;0;0;0;0
0;0;0;0;0;0;0
0;0;0;0;0;0;0
0;0;0;0;0;0;0
1;1;1;1;1;1;0
1;1;1;1;1;1;0
1;1;1;1;1;1;0
1;1;1;1;1;1;0
0;0;0;0;0;0;0
0;0;0;0;0;0;0
1;1;1;1;1;1;0
0;0;0;0;0;0;0
1;1;1;1;1;1;0
0;0;0;0;0;0;0
1;1;1;1;1;1;0
0;0;0;0;0;0;0
0;0;0;0;0;0;0
0;0;0;0;0;0;0
0;0;0;0;0;0;0
0;0;0;0;0;0;0
0;0;0;0;0;0;0
0;0;0;0;0;0;0
0;0;0;0;0;0;0
0;0;0;0;0;0;0
0;0;0;0;0;0;0
0;0;0;0;0;0;0
16;16;16;16;16;16;0
23;23;23;23;23;23;0
1;1;1;1;1;1;0
1;1;1;1;1;1;0
1;1;1;1;1;1;0
0;0;0;0;0;0;0
2;2;2;2;2;2;0
1;1;1;1;1;1;0
1;1;1;1;1;1;0
8;8;8;8;8;8;0
15;15;15;15;15;15;0
1;1;1;1;1;1;0
2;2;2;2;2;2;0
4;4;4;4;4;4;0
8;8;8;8;8;8;0
8;8;8;8;8;8;0
2;2;2;2;2;2;0
6;6;6;6;6;6;0
6;6;6;6;6;6;0
6;6;6;6;6;6;0
6;6;6;6;6;6;0
6;6;6;6;6;6;0
14;14;14;14;14;14;0
1;1;1;1;1;1;0
5;5;5;5;5;5;0
6;6;6;6;6;6;0
3;3;3;3;3;3;0
0;0;0;0;0;0;0
0;0;0;0;0;0;0
1;1;1;1;1;1;0
7;7;7;7;7;7;0
1;1;1;1;1;1;0
4;4;4;4;4;4;0
3;3;3;3;3;3;0
3;3;3;3;3;3;0
11;11;11;11;11;11;0
29;29;29;29;29;29;0
52;52;52;52;52;52;0
0;0;0;0;0;0;0
0;0;0;0;0;0;0
0;0;0;0;0;0;0
1;1;1;1;1;1;0
0;0;0;0;0;0;0
0;0;0;0;0;0;0
0;0;0;0;0;0;0
0;0;0;0;0;0;0
0;0;0;0;0;0;0
0;0;0;0;0;0;0
0;0;0;0;0;0;0
0;0;0;0;0;0;0
0;0;0;0;0;0;0
0;0;0;0;0;0;0
0;0;0;0;0;0;0
2;2;2;2;2;2;0
1;1;1;1;1;1;0
10;10;10;10;10;10;0
1;1;1;1;1;1;0
7;7;7;7;7;7;0
5;5;5;5;5;5;0
7;7;7;7;7;7;0
5;5;5;5;5;5;0
5;5;5;5;5;5;0
5;5;5;5;5;5;0
19;19;19;19;19;19;0
2;2;2;2;2;2;0
2;2;2;2;2;2;0
2;2;2;2;2;2;0
3;3;3;3;3;3;0
3;3;3;3;3;3;0
3;3;3;3;3;3;0
9;9;9;9;9;9;0
56;56;56;56;56;56;0
2;2;2;2;2;2;0
2;2;2;2;2;2;0
21;21;21;21;21;21;0
132;132;132;132;132;132;0
0;0;0;0;0;0;0
0;0;0;0;0;0;0
3;3;3;3;3;3;0
9;9;9;9;9;9;0
0;0;0;0;0;0;0
1;1;1;1;1;1;0
15;15;15;15;15;15;0
15;15;15;15;15;15;0
1;1;1;1;1;1;0
1;1;1;1;1;1;0
1;1;1;1;1;1;0
2;2;2;2;2;2;0
1;1;1;1;1;1;0
2;2;2;2;2;2;0
1;1;1;1;1;1;0
0;0;0;0;0;0;0
10;10;10;10;10;10;0
7;7;7;7;7;7;0
0;0;0;0;0;0;0
0;0;0;0;0;0;0
2;2;2;2;2;2;0
1;1;1;1;1;1;0
5;5;5;5;5;5;0
1;1;1;1;1;1;0
1;1;1;1;1;1;0
8;8;8;8;8;8;0
0;0;0;0;0;0;0
0;0;0;0;0;0;0
2;2;2;2;2;2;0
8;8;8;8;8;8;0
10;10;10;10;10;10;0
10;10;10;10;10;10;0
10;10;10;10;10;10;0
11;11;11;11;11;11;0
0;0;0;0;0;0;0
7;7;7;7;7;7;0
35;35;35;35;35;35;0
0;0;0;0;0;0;0
4;4;4;4;4;4;0
1;1;1;1;1;1;0
5;5;5;5;5;5;0
0;0;0;0;0;0;0
1;1;1;1;1;1;0
2;2;2;2;2;2;0
12;12;12;12;12;12;0
1;1;1;1;1;1;0
1;1;1;1;1;1;0
12;12;12;12;12;12;0
1;1;1;1;1;1;0
1;1;1;1;1;1;0
13;13;13;13;13;13;0
1;1;1;1;1;1;0
1;1;1;1;1;1;0
0;0;0;0;0;0;0
0;0;0;0;0;0;0
12;12;12;12;12;12;0
0;0;0;0;0;0;0
20;20;20;20;20;20;0
1;1;1;1;1;1;0
1;1;1;1;1;1;0
2;2;2;2;2;2;0
0;0;0;0;0;0;0
0;0;0;0;0;0;0
1;1;1;1;1;1;0
0;0;0;0;0;0;0
0;0;0;0;0;0;0
4;4;4;4;4;4;0
2;2;2;2;2;2;0
1;1;1;1;1;1;0
1;1;1;1;1;1;0
0;0;0;0;0;0;0
0;0;0;0;0;0;0
0;0;0;0;0;0;0
0;0;0;0;0;0;0
4;4;4;4;4;4;0
12;12;12;12;12;12;0
1;1;1;1;1;1;0
0;0;0;0;0;0;0
1;1;1;1;1;1;0
0;0;0;0;0;0;0
2;2;2;2;2;2;0
0;0;0;0;0;0;0
27;27;27;27;27;27;0
27;27;27;27;27;27;0
1;1;1;1;1;1;0
2;2;2;2;2;2;0
4;4;4;4;4;4;0
10;10;10;10;10;10;0
2;2;2;2;2;2;0
0;0;0;0;0;0;0
0;0;0;0;0;0;0
1;1;1;1;1;1;0
0;0;0;0;0;0;0
0;0;0;0;0;0;0
9;9;9;9;9;9;0
11;11;11;11;11;11;0
11;11;11;11;11;11;0
7;7;7;7;7;7;0
35;35;35;35;35;35;0
0;0;0;0;0;0;0
4;4;4;4;4;4;0
1;1;1;1;1;1;0
5;5;5;5;5;5;0
0;0;0;0;0;0;0
1;1;1;1;1;1;0
2;2;2;2;2;2;0
1;1;1;1;1;1;0
6;6;6;6;6;6;0
1;1;1;1;1;1;0
1;1;1;1;1;1;0
6;6;6;6;6;6;0
1;1;1;1;1;1;0
0;0;0;0;0;0;0
0;0;0;0;0;0;0
0;0;0;0;0;0;0
0;0;0;0;0;0;0
0;0;0;0;0;0;0
0;0;0;0;0;0;0
0;0;0;0;0;0;0
0;0;0;0;0;0;0
0;0;0;0;0;0;0
0;0;0;0;0;0;0
0;0;0;0;0;0;0
0;0;0;0;0;0;0
0;0;0;0;0;0;0
0;0;0;0;0;0;0
0;0;0;0;0;0;0
0;0;0;0;0;0;0
0;0;0;0;0;0;0
0;0;0;0;0;0;0
0;0;0;0;0;0;0
0;0;0;0;0;0;0
0;0;0;0;0;0;0
0;0;0;0;0;0;0
0;0;0;0;0;0;0
0;0;0;0;0;0;0
0;0;0;0;0;0;0
0;0;0;0;0;0;0
0;0;0;0;0;0;0
0;0;0;0;0;0;0
0;0;0;0;0;0;0
0;0;0;0;0;0;0
0;0;0;0;0;0;0
0;0;0;0;0;0;0
0;0;0;0;0;0;0
0;0;0;0;0;0;0
0;0;0;0;0;0;0
0;0;0;0;0;0;0
0;0;0;0;0;0;0
2;2;2;2;2;2;0
3;3;3;3;3;3;0
2;2;2;2;2;2;0
1;1;1;1;1;1;0
0;0;0;0;0;0;0
13;13;13;13;13;13;0
18;18;18;18;18;18;0
10;10;10;10;10;10;0
0;0;0;0;0;0;0
0;0;0;0;0;0;0
0;0;0;0;0;0;0
0;0;0;0;0;0;0
0;0;0;0;0;0;0
0;0;0;0;0;0;0
1;1;1;1;1;1;0
5;5;5;5;5;5;0
0;0;0;0;0;0;0
2;2;2;2;2;2;0
2;2;2;2;2;2;0
15;15;15;15;15;15;0
0;0;0;0;0;0;0
0;0;0;0;0;0;0
0;0;0;0;0;0;0
7;7;7;7;7;7;0
7;7;7;7;7;7;0
8;8;8;8;8;8;0
6;6;6;6;6;6;0
2;2;2;2;2;2;0
4;4;4;4;4;4;0
3;3;3;3;3;3;0
1;1;1;1;1;1;0
4;4;4;4;4;4;0
2;2;2;2;2;2;0
1;1;1;1;1;1;0
0;0;0;0;0;0;0
0;0;0;0;0;0;0
0;0;0;0;0;0;0
0;0;0;0;0;0;0
0;0;0;0;0;0;0
0;0;0;0;0;0;0
0;0;0;0;0;0;0
0;0;0;0;0;0;0
0;0;0;0;0;0;0
0;0;0;0;0;0;0
0;0;0;0;0;0;0
0;0;0;0;0;0;0
0;0;0;0;0;0;0
0;0;0;0;0;0;0
0;0;0;0;0;0;0
0;0;0;0;0;0;0
0;0;0;0;0;0;0
0;0;0;0;0;0;0
0;0;0;0;0;0;0
0;0;0;0;0;0;0
0;0;0;0;0;0;0
0;0;0;0;0;0;0
0;0;0;0;0;0;0
0;0;0;0;0;0;0
0;0;0;0;0;0;0
0;0;0;0;0;0;0
0;0;0;0;0;0;0
0;0;0;0;0;0;0
0;0;0;0;0;0;0
0;0;0;0;0;0;0
0;0;0;0;0;0;0
0;0;0;0;0;0;0
0;0;0;0;0;0;0
0;0;0;0;0;0;0
0;0;0;0;0;0;0
0;0;0;0;0;0;0
0;0;0;0;0;0;0
0;0;0;0;0;0;0
0;0;0;0;0;0;0
0;0;0;0;0;0;0
0;0;0;0;0;0;0
0;0;0;0;0;0;0
0;0;0;0;0;0;0
0;0;0;0;0;0;0
0;0;0;0;0;0;0
0;0;0;0;0;0;0
0;0;0;0;0;0;0
0;0;0;0;0;0;0
0;0;0;0;0;0;0
0;0;0;0;0;0;0
0;0;0;0;0;0;0
0;0;0;0;0;0;0
0;0;0;0;0;0;0
0;0;0;0;0;0;0
0;0;0;0;0;0;0
0;0;0;0;0;0;0
0;0;0;0;0;0;0
0;0;0;0;0;0;0
0;0;0;0;0;0;0
0;0;0;0;0;0;0
0;0;0;0;0;0;0
0;0;0;0;0;0;0
0;0;0;0;0;0;0
0;0;0;0;0;0;0
0;0;0;0;0;0;0
0;0;0;0;0;0;0
0;0;0;0;0;0;0
0;0;0;0;0;0;0
0;0;0;0;0;0;0
0;0;0;0;0;0;0
0;0;0;0;0;0;0
0;0;0;0;0;0;0
0;0;0;0;0;0;0
0;0;0;0;0;0;0
0;0;0;0;0;0;0
0;0;0;0;0;0;0
0;0;0;0;0;0;0
0;0;0;0;0;0;0
0;0;0;0;0;0;0
2;2;2;2;2;2;0
2;2;2;2;2;2;0
2;2;2;2;2;2;0
2;2;2;2;2;2;0
2;2;2;2;2;2;0
0;0;0;0;0;0;0
0;0;0;0;0;0;0
0;0;0;0;0;0;0
0;0;0;0;0;0;0
0;0;0;0;0;0;0
0;0;0;0;0;0;0
2;2;2;2;2;2;0
2;2;2;2;2;2;0
2;2;2;2;2;2;0
2;2;2;2;2;2;0
2;2;2;2;2;2;0
2;2;2;2;2;2;0
2;2;2;2;2;2;0
2;2;2;2;2;2;0
2;2;2;2;2;2;0
2;2;2;2;2;2;0
2;2;2;2;2;2;0
2;2;2;2;2;2;0
2;2;2;2;2;2;0
2;2;2;2;2;2;0
2;2;2;2;2;2;0
2;2;2;2;2;2;0
2;2;2;2;2;2;0
2;2;2;2;2;2;0
2;2;2;2;2;2;0
2;2;2;2;2;2;0
6;6;6;6;6;6;0
2;2;2;2;2;2;0
0;0;0;0;0;0;0
3;3;3;3;3;3;0
2;2;2;2;2;2;0
0;0;0;0;0;0;0
0;0;0;0;0;0;0
0;0;0;0;0;0;0
5;5;5;5;5;5;0
11;11;11;11;11;11;0
1;1;1;1;1;1;0
2;2;2;2;2;2;0
0;0;0;0;0;0;0
2;2;2;2;2;2;0
0;0;0;0;0;0;0
12;12;12;12;12;12;0
7;7;7;7;7;7;0
1;1;1;1;1;1;0
1;1;1;1;1;1;0
0;0;0;0;0;0;0
0;0;0;0;0;0;0
0;0;0;0;0;0;0
0;0;0;0;0;0;0
0;0;0;0;0;0;0
0;0;0;0;0;0;0
1;1;1;1;1;1;0
0;0;0;0;0;0;0
1;1;1;1;1;1;0
2;2;2;2;2;2;0
2;2;2;2;2;2;0
0;0;0;0;0;0;0
0;0;0;0;0;0;0
0;0;0;0;0;0;0
2;2;2;2;2;2;0
2;2;2;2;2;2;0
3;3;3;3;3;3;0
2;2;2;2;2;2;0
3;3;3;3;3;3;0
5;5;5;5;5;5;0
4;4;4;4;4;4;0
0;0;0;0;0;0;0
0;0;0;0;0;0;0
0;0;0;0;0;0;0
2;2;2;2;2;2;0
2;2;2;2;2;2;0
1;1;1;1;1;1;0
2;2;2;2;2;2;0
0;0;0;0;0;0;0
1;1;1;1;1;1;0
0;0;0;0;0;0;0
2;2;2;2;2;2;0
0;0;0;0;0;0;0
8;8;8;8;8;8;0
1;1;1;1;1;1;0
6;6;6;6;6;6;0
0;0;0;0;0;0;0
1;1;1;1;1;1;0
1;1;1;1;1;1;0
0;0;0;0;0;0;0
1;1;1;1;1;1;0
3;3;3;3;3;3;0
0;0;0;0;0;0;0
3;3;3;3;3;3;0
0;0;0;0;0;0;0
0;0;0;0;0;0;0
0;0;0;0;0;0;0
0;0;0;0;0;0;0
0;0;0;0;0;0;0
0;0;0;0;0;0;1
0;0;0;0;0;0;1
0;0;0;0;0;0;1
0;0;0;0;0;0;1
0;0;0;0;0;0;1
0;0;0;0;0;0;1
0;0;0;0;0;0;1
0;0;0;0;0;0;1
0;0;0;0;0;0;1
0;0;0;0;0;0;1
0;0;0;0;0;0;1
0;0;0;0;0;0;1
0;0;0;0;0;0;1
0;0;0;0;0;0;1
6;6;6;6;6;6;1
1;1;1;1;1;1;1
1;1;1;1;1;1;1
0;0;0;0;0;0;1
6;6;6;6;6;6;1
1;1;1;1;1;1;1
1;1;1;1;1;1;1
0;0;0;0;0;0;1
6;6;6;6;6;6;1
1;1;1;1;1;1;1
1;1;1;1;1;1;1
1;1;1;1;1;1;1
0;0;0;0;0;0;1
6;6;6;6;6;6;1
1;1;1;1;1;1;1
1;1;1;1;1;1;1
1;1;1;1;1;1;1
0;0;0;0;0;0;1
0;0;0;0;0;0;1
0;0;0;0;0;0;1
0;0;0;0;0;0;1
0;0;0;0;0;0;1
6;6;6;6;6;6;1
6;6;6;6;6;6;1
6;6;6;6;6;6;1
6;6;6;6;6;6;1
7;7;7;7;7;7;1
7;7;7;7;7;7;1
7;7;7;7;7;7;1
0;0;0;0;0;0;1
7;7;7;7;7;7;1
7;7;7;7;7;7;1
7;7;7;7;7;7;1
0;0;0;0;0;0;1
7;7;7;7;7;7;1
7;7;7;7;7;7;1
7;7;7;7;7;7;1
0;0;0;0;0;0;1
7;7;7;7;7;7;1
7;7;7;7;7;7;1
7;7;7;7;7;7;1
0;0;0;0;0;0;1
0;0;0;0;0;0;1
0;0;0;0;0;0;1
0;0;0;0;0;0;1
0;0;0;0;0;0;1
0;0;0;0;0;0;1
0;0;0;0;0;0;1
0;0;0;0;0;0;1
0;0;0;0;0;0;1
1;1;1;1;1;1;1
1;1;1;1;1;1;1
1;1;1;1;1;1;1
1;1;1;1;1;1;1
0;0;0;0;0;0;1
0;0;0;0;0;0;1
0;0;0;0;0;0;1
0;0;0;0;0;0;1
0;0;0;0;0;0;1
0;0;0;0;0;0;1
0;0;0;0;0;0;1
0;0;0;0;0;0;1
0;0;0;0;0;0;1
0;0;0;0;0;0;1
4;4;4;4;4;4;1
4;4;4;4;4;4;1
0;0;0;0;0;0;1
1;1;1;1;1;1;1
0;0;0;0;0;0;1
1;1;1;1;1;1;1
0;0;0;0;0;0;1
1;1;1;1;1;1;1
0;0;0;0;0;0;1
1;1;1;1;1;1;1
4;4;4;4;4;4;1
4;4;4;4;4;4;1
