0;0;0;0;0;0;0;0
0;0;0;0;0;0;0;0
0;0;0;0;0;0;0;0
0;0;0;0;0;0;0;0
0;0;0;0;0;0;0;0
0;0;0;0;0;0;0;0
0;0;0;0;0;0;0;0
0;0;0;0;0;0;0;0
0;0;0;0;0;0;0;0
0;0;0;0;0;0;0;0
0;0;0;0;0;0;0;0
0;0;0;0;0;0;0;0
0;0;0;0;0;0;0;0
0;0;0;0;0;0;0;0
0;0;0;0;0;0;0;0
0;0;0;0;0;0;0;0
0;0;0;0;0;0;0;0
0;0;0;0;0;0;0;0
0;0;0;0;0;0;0;0
0;0;0;0;0;0;0;0
0;0;0;0;0;0;0;0
0;0;0;0;0;0;0;0
0;0;0;0;0;0;0;0
0;0;0;0;0;0;0;0
0;0;0;0;0;0;0;0
0;0;0;0;0;0;0;0
0;0;0;0;0;0;0;0
0;0;0;0;0;0;0;0
0;0;0;0;0;0;0;0
0;0;0;0;0;0;0;0
0;0;0;0;0;0;0;0
0;0;0;0;0;0;0;0
0;0;0;0;0;0;0;0
0;0;0;0;0;0;0;0
0;0;0;0;0;0;0;0
0;0;0;0;0;0;0;0
0;0;0;0;0;0;0;0
0;0;0;0;0;0;0;0
0;0;0;0;0;0;0;0
0;0;0;0;0;0;0;0
0;0;0;0;0;0;0;0
0;0;0;0;0;0;0;0
0;0;0;0;0;0;0;0
0;0;0;0;0;0;0;0
0;0;0;0;0;0;0;0
0;0;0;0;0;0;0;0
0;0;0;0;0;0;0;0
0;0;0;0;0;0;0;0
0;0;0;0;0;0;0;0
0;0;0;0;0;0;0;0
0;0;0;0;0;0;0;0
0;0;0;0;0;0;0;0
0;0;0;0;0;0;0;0
0;0;0;0;0;0;0;0
0;0;0;0;0;0;0;0
0;0;0;0;0;0;0;0
0;0;0;0;0;0;0;0
0;0;0;0;0;0;0;0
0;0;0;0;0;0;0;0
0;0;0;0;0;0;0;0
0;0;0;0;0;0;0;0
0;0;0;0;0;0;0;0
0;0;0;0;0;0;0;0
0;0;0;0;0;0;0;0
0;0;0;0;0;0;0;0
0;0;0;0;0;0;0;0
0;0;0;0;0;0;0;0
0;0;0;0;0;0;0;0
0;0;0;0;0;0;0;0
0;0;0;0;0;0;0;0
0;0;0;0;0;0;0;0
0;0;0;0;0;0;0;0
0;0;0;0;0;0;0;0
0;0;0;0;0;0;0;0
0;0;0;0;0;0;0;0
0;0;0;0;0;0;0;0
0;0;0;0;0;0;0;0
0;0;0;0;0;0;0;0
0;0;0;0;0;0;0;0
0;0;0;0;0;0;0;0
0;0;0;0;0;0;0;0
0;0;0;0;0;0;0;0
0;0;0;0;0;0;0;0
0;0;0;0;0;0;0;0
0;0;0;0;0;0;0;0
0;0;0;0;0;0;0;0
0;0;0;0;0;0;0;0
0;0;0;0;0;0;0;0
0;0;0;0;0;0;0;0
0;0;0;0;0;0;0;0
0;0;0;0;0;0;0;0
0;0;0;0;0;0;0;0
0;0;0;0;0;0;0;0
0;0;0;0;0;0;0;0
0;0;0;0;0;0;0;0
0;0;0;0;0;0;0;0
0;0;0;0;0;0;0;0
0;0;0;0;0;0;0;0
0;0;0;0;0;0;0;0
1;0;0;0;0;0;0;0
0;0;0;0;0;0;0;0
0;0;0;0;0;0;0;0
0;0;0;0;0;0;0;0
0;0;0;0;0;0;0;0
1;1;25;0;0;0;0;0
0;0;0;0;0;0;0;0
0;0;0;0;0;0;0;0
1;0;0;0;0;0;0;0
1;0;0;0;0;0;0;0
1;0;0;0;0;0;0;0
1;0;0;0;0;0;0;0
1;0;0;0;0;0;0;0
1;0;0;0;0;0;0;0
1;0;0;0;0;0;0;0
1;0;0;0;0;0;0;0
1;0;0;0;0;0;0;0
1;0;0;0;0;0;0;0
0;0;0;0;0;0;0;0
0;0;0;0;0;0;0;0
0;0;0;0;0;0;0;0
0;0;0;0;0;0;0;0
0;0;0;0;0;0;0;0
0;0;0;0;0;0;0;0
0;0;0;0;0;0;0;0
0;0;0;0;0;0;0;0
0;0;0;0;0;0;0;0
0;0;0;0;0;0;0;0
0;0;0;0;0;0;0;0
0;0;0;0;0;0;0;0
0;0;0;0;0;0;0;0
0;0;0;0;0;0;0;0
0;0;0;0;0;0;0;0
0;0;0;0;0;0;0;0
0;0;0;0;0;0;0;0
0;0;0;0;0;0;0;0
1;1;11;0;0;0;0;0
1;0;0;0;0;0;0;0
2;2;8;0;2;0;0;0
0;0;0;0;0;0;0;0
0;0;0;0;0;0;0;0
0;0;0;0;0;0;0;0
1;0;0;0;0;0;0;0
1;0;0;0;2;0;0;0
1;0;0;0;0;0;0;0
0;0;0;0;0;0;0;0
0;0;0;0;0;0;0;0
0;0;0;0;0;0;0;0
0;0;0;0;0;0;0;0
0;0;0;0;0;0;0;0
0;0;0;0;0;0;0;0
0;0;0;0;0;0;0;0
0;0;0;0;0;0;0;0
0;0;0;0;0;0;0;0
0;0;0;0;0;0;0;0
0;0;0;0;0;0;0;0
0;0;0;0;0;0;0;0
0;0;0;0;0;0;0;0
0;0;0;0;0;0;0;0
0;0;0;0;0;0;0;0
0;0;0;0;0;0;0;0
0;0;0;0;0;0;0;0
0;0;0;0;0;0;0;0
0;0;0;0;0;0;0;0
0;0;0;0;0;0;0;0
0;0;0;0;0;0;0;0
0;0;0;0;0;0;0;0
0;0;0;0;0;0;0;0
0;0;0;0;0;0;0;0
0;0;0;0;0;0;0;0
0;0;0;0;0;0;0;0
0;0;0;0;0;0;0;0
0;0;0;0;0;0;0;0
0;0;0;0;0;0;0;0
0;0;0;0;0;0;0;0
0;0;0;0;0;0;0;0
0;0;0;0;0;0;0;0
0;0;0;0;0;0;0;0
0;0;0;0;0;0;0;0
0;0;0;0;0;0;0;0
0;0;0;0;0;0;0;0
0;0;0;0;0;0;0;0
0;0;0;0;0;0;0;0
0;0;0;0;0;0;0;0
0;0;0;0;0;0;0;0
0;0;0;0;0;0;0;0
0;0;0;0;0;0;0;0
0;0;0;0;0;0;0;0
0;0;0;0;0;0;0;0
0;0;0;0;0;0;0;0
0;0;0;0;0;0;0;0
0;0;0;0;0;0;0;0
0;0;0;0;0;0;0;0
0;0;0;0;0;0;0;0
0;0;0;0;0;0;0;0
0;0;0;0;0;0;0;0
0;0;0;0;0;0;0;0
0;0;0;0;0;0;0;0
0;0;0;0;0;0;0;0
0;0;0;0;0;0;0;0
0;0;0;0;0;0;0;0
0;0;0;0;0;0;0;0
0;0;0;0;0;0;0;0
0;0;0;0;0;0;0;0
0;0;0;0;0;0;0;0
0;0;0;0;0;0;0;0
0;0;0;0;0;0;0;0
0;0;0;0;0;0;0;0
0;0;0;0;0;0;0;0
0;0;0;0;0;0;0;0
0;0;0;0;0;0;0;0
0;0;0;0;0;0;0;0
0;0;0;0;0;0;0;0
0;0;0;0;0;0;0;0
0;0;0;0;0;0;0;0
0;0;0;0;0;0;0;0
0;0;0;0;0;0;0;0
0;0;0;0;0;0;0;0
0;0;0;0;0;0;0;0
0;0;0;0;0;0;0;0
0;0;0;0;0;0;0;0
0;0;0;0;0;0;0;0
0;0;0;0;0;0;0;0
0;0;0;0;0;0;0;0
0;0;0;0;0;0;0;0
0;0;0;0;0;0;0;0
0;0;0;0;0;0;0;0
0;0;0;0;0;0;0;0
0;0;0;0;0;0;0;0
0;0;0;0;0;0;0;0
0;0;0;0;0;0;0;0
0;0;0;0;0;0;0;0
0;0;0;0;0;0;0;0
0;0;0;0;0;0;0;0
0;0;0;0;0;0;0;0
0;0;0;0;0;0;0;0
0;0;0;0;0;0;0;0
0;0;0;0;0;0;0;0
0;0;0;0;0;0;0;0
0;0;0;0;0;0;0;0
0;0;0;0;0;0;0;0
0;0;0;0;0;0;0;0
0;0;0;0;0;0;0;0
0;0;0;0;0;0;0;0
0;0;0;0;0;0;0;0
0;0;0;0;0;0;0;0
0;0;0;0;0;0;0;0
0;0;0;0;0;0;0;0
0;0;0;0;0;0;0;0
0;0;0;0;0;0;0;0
0;0;0;0;0;0;0;0
0;0;0;0;0;0;0;0
0;0;0;0;0;0;0;0
0;0;0;0;0;0;0;0
0;0;0;0;0;0;0;0
0;0;0;0;0;0;0;0
0;0;0;0;0;0;0;0
0;0;0;0;0;0;0;0
0;0;0;0;0;0;0;0
0;0;0;0;0;0;0;0
0;0;0;0;0;0;0;0
0;0;0;0;0;0;0;0
0;0;0;0;0;0;0;0
0;0;0;0;0;0;0;0
0;0;0;0;0;0;0;0
1;1;25;0;0;0;0;0
0;0;0;0;0;0;0;0
0;0;0;0;0;0;0;0
0;0;0;0;0;0;0;0
0;0;0;0;0;0;0;0
0;0;0;0;0;0;0;0
1;0;0;0;0;0;0;0
1;1;25;0;0;0;0;0
0;0;0;0;0;0;0;0
0;0;0;0;0;0;0;0
1;1;25;0;0;0;0;0
0;0;0;0;0;0;0;0
1;1;7;0;0;0;0;0
2;2;9;0;0;0;0;0
0;0;0;0;0;0;0;0
1;0;0;0;0;0;0;0
1;0;0;0;0;0;0;0
1;0;0;0;0;0;0;0
1;0;0;0;0;0;0;0
1;0;0;0;0;0;0;0
0;0;0;0;0;0;0;0
0;0;0;0;0;0;0;0
0;0;0;0;0;0;0;0
0;0;0;0;0;0;0;0
0;0;0;0;0;0;0;0
0;0;0;0;0;0;0;0
0;0;0;0;0;0;0;0
0;0;0;0;0;0;0;0
0;0;0;0;0;0;0;0
0;0;0;0;0;0;0;0
0;0;0;0;0;0;0;0
0;0;0;0;0;0;0;0
0;0;0;0;0;0;0;0
0;0;0;0;0;0;0;0
0;0;0;0;0;0;0;0
0;0;0;0;0;0;0;0
0;0;0;0;0;0;0;0
0;0;0;0;0;0;0;0
0;0;0;0;0;0;0;0
0;0;0;0;0;0;0;0
0;0;0;0;0;0;0;0
0;0;0;0;0;0;0;0
0;0;0;0;0;0;0;0
0;0;0;0;0;0;0;0
0;0;0;0;0;0;0;0
0;0;0;0;0;0;0;0
0;0;0;0;0;0;0;0
0;0;0;0;0;0;0;0
0;0;0;0;0;0;0;0
0;0;0;0;0;0;0;0
0;0;0;0;0;0;0;0
0;0;0;0;0;0;0;0
0;0;0;0;0;0;0;0
0;0;0;0;0;0;0;0
0;0;0;0;0;0;0;0
0;0;0;0;0;0;0;0
0;0;0;0;0;0;0;0
0;0;0;0;0;0;0;0
0;0;0;0;0;0;0;0
0;0;0;0;0;0;0;0
0;0;0;0;0;0;0;0
0;0;0;0;0;0;0;0
0;0;0;0;0;0;0;0
0;0;0;0;0;0;0;0
0;0;0;0;0;0;0;0
0;0;0;0;0;0;0;0
0;0;0;0;0;0;0;0
0;0;0;0;0;0;0;0
0;0;0;0;0;0;0;0
0;0;0;0;0;0;0;0
0;0;0;0;0;0;0;0
0;0;0;0;0;0;0;0
0;0;0;0;0;0;0;0
0;0;0;0;0;0;0;0
0;0;0;0;0;0;0;0
0;0;0;0;0;0;0;0
0;0;0;0;0;0;0;0
0;0;0;0;0;0;0;0
0;0;0;0;0;0;0;0
0;0;0;0;0;0;0;0
2;2;4;0;1;0;0;0
1;0;0;0;0;0;0;0
1;0;0;0;1;0;0;0
0;0;0;0;0;0;0;0
0;0;0;0;0;0;0;0
0;0;0;0;0;0;0;0
0;0;0;0;0;0;0;0
0;0;0;0;0;0;0;0
0;0;0;0;0;0;0;0
0;0;0;0;0;0;0;0
0;0;0;0;0;0;0;0
0;0;0;0;0;0;0;0
0;0;0;0;0;0;0;0
0;0;0;0;0;0;0;0
0;0;0;0;0;0;0;0
0;0;0;0;0;0;0;0
0;0;0;0;0;0;0;0
0;0;0;0;0;0;0;0
0;0;0;0;0;0;0;0
0;0;0;0;0;0;0;0
0;0;0;0;0;0;0;0
0;0;0;0;0;0;0;0
6;6;12;1;0;0;0;0
0;0;0;0;0;0;0;0
0;0;0;0;0;0;0;0
1;0;0;0;0;0;0;0
1;0;0;0;0;0;0;0
1;0;0;0;0;0;0;0
1;0;0;0;0;0;0;0
1;0;0;0;0;0;0;0
1;0;0;1;0;0;0;0
0;0;0;0;0;0;0;0
0;0;0;0;0;0;0;0
0;0;0;0;0;0;0;0
0;0;0;0;0;0;0;0
0;0;0;0;0;0;0;0
0;0;0;0;0;0;0;0
0;0;0;0;0;0;0;0
0;0;0;0;0;0;0;0
0;0;0;0;0;0;0;0
0;0;0;0;0;0;0;0
0;0;0;0;0;0;0;0
0;0;0;0;0;0;0;0
0;0;0;0;0;0;0;0
0;0;0;0;0;0;0;0
0;0;0;0;0;0;0;0
1;1;7;0;1;0;0;0
1;0;0;0;1;0;0;0
0;0;0;0;0;0;0;0
0;0;0;0;0;0;0;0
0;0;0;0;0;0;0;0
0;0;0;0;0;0;0;0
0;0;0;0;0;0;0;0
0;0;0;0;0;0;0;0
0;0;0;0;0;0;0;0
0;0;0;0;0;0;0;0
4;4;9;1;0;0;0;0
0;0;0;0;0;0;0;0
1;0;0;0;0;0;0;0
1;0;0;0;0;0;0;0
1;0;0;0;0;0;0;0
1;0;0;1;0;0;0;0
0;0;0;0;0;0;0;0
0;0;0;0;0;0;0;0
0;0;0;0;0;0;0;0
0;0;0;0;0;0;0;0
0;0;0;0;0;0;0;0
0;0;0;0;0;0;0;0
0;0;0;0;0;0;0;0
0;0;0;0;0;0;0;0
0;0;0;0;0;0;0;0
0;0;0;0;0;0;0;0
0;0;0;0;0;0;0;0
0;0;0;0;0;0;0;0
0;0;0;0;0;0;0;0
0;0;0;0;0;0;0;0
0;0;0;0;0;0;0;0
0;0;0;0;0;0;0;0
0;0;0;0;0;0;0;0
0;0;0;0;0;0;0;0
0;0;0;0;0;0;0;0
0;0;0;0;0;0;0;0
0;0;0;0;0;0;0;0
0;0;0;0;0;0;0;0
0;0;0;0;0;0;0;0
0;0;0;0;0;0;0;0
0;0;0;0;0;0;0;0
0;0;0;0;0;0;0;0
0;0;0;0;0;0;0;0
0;0;0;0;0;0;0;0
0;0;0;0;0;0;0;0
0;0;0;0;0;0;0;0
0;0;0;0;0;0;0;0
0;0;0;0;0;0;0;0
0;0;0;0;0;0;0;0
0;0;0;0;0;0;0;0
0;0;0;0;0;0;0;0
0;0;0;0;0;0;0;0
0;0;0;0;0;0;0;0
0;0;0;0;0;0;0;0
0;0;0;0;0;0;0;0
0;0;0;0;0;0;0;0
0;0;0;0;0;0;0;0
0;0;0;0;0;0;0;0
0;0;0;0;0;0;0;0
0;0;0;0;0;0;0;0
0;0;0;0;0;0;0;0
0;0;0;0;0;0;0;0
0;0;0;0;0;0;0;0
0;0;0;0;0;0;0;0
0;0;0;0;0;0;0;0
0;0;0;0;0;0;0;0
0;0;0;0;0;0;0;0
0;0;0;0;0;0;0;0
0;0;0;0;0;0;0;0
0;0;0;0;0;0;0;0
0;0;0;0;0;0;0;0
0;0;0;0;0;0;0;0
0;0;0;0;0;0;0;0
0;0;0;0;0;0;0;0
0;0;0;0;0;0;0;0
0;0;0;0;0;0;0;0
0;0;0;0;0;0;0;0
0;0;0;0;0;0;0;0
0;0;0;0;0;0;0;0
0;0;0;0;0;0;0;0
0;0;0;0;0;0;0;0
0;0;0;0;0;0;0;0
0;0;0;0;0;0;0;0
0;0;0;0;0;0;0;0
0;0;0;0;0;0;0;0
0;0;0;0;0;0;0;0
0;0;0;0;0;0;0;0
0;0;0;0;0;0;0;0
0;0;0;0;0;0;0;0
0;0;0;0;0;0;0;0
0;0;0;0;0;0;0;0
0;0;0;0;0;0;0;0
0;0;0;0;0;0;0;0
0;0;0;0;0;0;0;0
0;0;0;0;0;0;0;0
0;0;0;0;0;0;0;0
0;0;0;0;0;0;0;0
0;0;0;0;0;0;0;0
0;0;0;0;0;0;0;0
0;0;0;0;0;0;0;0
0;0;0;0;0;0;0;0
0;0;0;0;0;0;0;0
0;0;0;0;0;0;0;0
0;0;0;0;0;0;0;0
0;0;0;0;0;0;0;0
0;0;0;0;0;0;0;0
0;0;0;0;0;0;0;0
0;0;0;0;0;0;0;0
0;0;0;0;0;0;0;0
0;0;0;0;0;0;0;0
0;0;0;0;0;0;0;0
0;0;0;0;0;0;0;0
0;0;0;0;0;0;0;0
0;0;0;0;0;0;0;0
0;0;0;0;0;0;0;0
0;0;0;0;0;0;0;0
0;0;0;0;0;0;0;0
0;0;0;0;0;0;0;0
0;0;0;0;0;0;0;0
0;0;0;0;0;0;0;0
0;0;0;0;0;0;0;0
0;0;0;0;0;0;0;0
0;0;0;0;0;0;0;0
0;0;0;0;0;0;0;0
0;0;0;0;0;0;0;0
0;0;0;0;0;0;0;0
0;0;0;0;0;0;0;0
0;0;0;0;0;0;0;0
0;0;0;0;0;0;0;0
0;0;0;0;0;0;0;0
0;0;0;0;0;0;0;0
0;0;0;0;0;0;0;0
0;0;0;0;0;0;0;0
0;0;0;0;0;0;0;0
0;0;0;0;0;0;0;0
0;0;0;0;0;0;0;0
0;0;0;0;0;0;0;0
0;0;0;0;0;0;0;0
0;0;0;0;0;0;0;0
0;0;0;0;0;0;0;0
0;0;0;0;0;0;0;0
0;0;0;0;0;0;0;0
0;0;0;0;0;0;0;0
0;0;0;0;0;0;0;0
0;0;0;0;0;0;0;0
0;0;0;0;0;0;0;0
0;0;0;0;0;0;0;0
0;0;0;0;0;0;0;0
0;0;0;0;0;0;0;0
0;0;0;0;0;0;0;0
0;0;0;0;0;0;0;0
0;0;0;0;0;0;0;0
0;0;0;0;0;0;0;0
0;0;0;0;0;0;0;0
0;0;0;0;0;0;0;0
0;0;0;0;0;0;0;0
0;0;0;0;0;0;0;0
0;0;0;0;0;0;0;0
0;0;0;0;0;0;0;0
0;0;0;0;0;0;0;0
0;0;0;0;0;0;0;0
0;0;0;0;0;0;0;0
0;0;0;0;0;0;0;0
0;0;0;0;0;0;0;0
0;0;0;0;0;0;0;0
0;0;0;0;0;0;0;0
0;0;0;0;0;0;0;0
0;0;0;0;0;0;0;0
0;0;0;0;0;0;0;0
0;0;0;0;0;0;0;0
0;0;0;0;0;0;0;0
0;0;0;0;0;0;0;0
0;0;0;0;0;0;0;0
0;0;0;0;0;0;0;0
0;0;0;0;0;0;0;0
0;0;0;0;0;0;0;0
0;0;0;0;0;0;0;0
0;0;0;0;0;0;0;0
0;0;0;0;0;0;0;0
0;0;0;0;0;0;0;0
0;0;0;0;0;0;0;0
0;0;0;0;0;0;0;0
0;0;0;0;0;0;0;0
0;0;0;0;0;0;0;0
0;0;0;0;0;0;0;0
0;0;0;0;0;0;0;0
0;0;0;0;0;0;0;0
0;0;0;0;0;0;0;0
0;0;0;0;0;0;0;0
0;0;0;0;0;0;0;0
0;0;0;0;0;0;0;0
0;0;0;0;0;0;0;0
0;0;0;0;0;0;0;0
0;0;0;0;0;0;0;0
0;0;0;0;0;0;0;0
0;0;0;0;0;0;0;0
0;0;0;0;0;0;0;0
0;0;0;0;0;0;0;0
0;0;0;0;0;0;0;0
0;0;0;0;0;0;0;0
0;0;0;0;0;0;0;0
0;0;0;0;0;0;0;0
0;0;0;0;0;0;0;0
0;0;0;0;0;0;0;0
0;0;0;0;0;0;0;0
0;0;0;0;0;0;0;0
0;0;0;0;0;0;0;0
0;0;0;0;0;0;0;0
0;0;0;0;0;0;0;0
0;0;0;0;0;0;0;0
0;0;0;0;0;0;0;0
0;0;0;0;0;0;0;0
0;0;0;0;0;0;0;0
0;0;0;0;0;0;0;0
0;0;0;0;0;0;0;0
0;0;0;0;0;0;0;0
0;0;0;0;0;0;0;0
0;0;0;0;0;0;0;0
0;0;0;0;0;0;0;0
0;0;0;0;0;0;0;0
0;0;0;0;0;0;0;0
0;0;0;0;0;0;0;0
0;0;0;0;0;0;0;0
0;0;0;0;0;0;0;0
0;0;0;0;0;0;0;0
0;0;0;0;0;0;0;0
0;0;0;0;0;0;0;0
0;0;0;0;0;0;0;0
0;0;0;0;0;0;0;0
0;0;0;0;0;0;0;0
0;0;0;0;0;0;0;0
0;0;0;0;0;0;0;0
0;0;0;0;0;0;0;0
0;0;0;0;0;0;0;0
0;0;0;0;0;0;0;0
0;0;0;0;0;0;0;0
0;0;0;0;0;0;0;0
0;0;0;0;0;0;0;0
0;0;0;0;0;0;0;0
0;0;0;0;0;0;0;0
0;0;0;0;0;0;0;0
0;0;0;0;0;0;0;0
0;0;0;0;0;0;0;0
0;0;0;0;0;0;0;0
0;0;0;0;0;0;0;0
0;0;0;0;0;0;0;0
0;0;0;0;0;0;0;0
0;0;0;0;0;0;0;0
0;0;0;0;0;0;0;0
0;0;0;0;0;0;0;0
0;0;0;0;0;0;0;0
0;0;0;0;0;0;0;0
0;0;0;0;0;0;0;0
0;0;0;0;0;0;0;0
0;0;0;0;0;0;0;0
0;0;0;0;0;0;0;0
0;0;0;0;0;0;0;0
0;0;0;0;0;0;0;0
0;0;0;0;0;0;0;0
0;0;0;0;0;0;0;0
0;0;0;0;0;0;0;0
0;0;0;0;0;0;0;0
0;0;0;0;0;0;0;0
0;0;0;0;0;0;0;0
0;0;0;0;0;0;0;0
0;0;0;0;0;0;0;0
0;0;0;0;0;0;0;0
0;0;0;0;0;0;0;0
0;0;0;0;0;0;0;0
0;0;0;0;0;0;0;0
0;0;0;0;0;0;0;0
0;0;0;0;0;0;0;0
0;0;0;0;0;0;0;0
0;0;0;0;0;0;0;0
0;0;0;0;0;0;0;0
0;0;0;0;0;0;0;0
0;0;0;0;0;0;0;0
0;0;0;0;0;0;0;0
0;0;0;0;0;0;0;0
0;0;0;0;0;0;0;0
0;0;0;0;0;0;0;0
0;0;0;0;0;0;0;0
0;0;0;0;0;0;0;0
0;0;0;0;0;0;0;0
0;0;0;0;0;0;0;0
0;0;0;0;0;0;0;0
0;0;0;0;0;0;0;0
0;0;0;0;0;0;0;0
0;0;0;0;0;0;0;0
0;0;0;0;0;0;0;0
0;0;0;0;0;0;0;0
0;0;0;0;0;0;0;0
0;0;0;0;0;0;0;0
0;0;0;0;0;0;0;0
0;0;0;0;0;0;0;0
1;2;40;0;0;0;0;0
0;0;0;0;0;0;0;0
0;0;0;0;0;0;0;0
0;0;0;0;0;0;0;0
0;0;0;0;0;0;0;0
0;0;0;0;0;0;0;0
1;0;0;0;0;0;0;0
0;0;0;0;0;0;0;0
0;0;0;0;0;0;0;0
0;0;0;0;0;0;0;0
0;0;0;0;0;0;0;0
0;0;0;0;0;0;0;0
0;0;0;0;0;0;0;0
0;0;0;0;0;0;0;0
0;0;0;0;0;0;0;0
0;0;0;0;0;0;0;0
0;0;0;0;0;0;0;0
0;0;0;0;0;0;0;0
0;0;0;0;0;0;0;0
0;0;0;0;0;0;0;0
0;0;0;0;0;0;0;0
0;0;0;0;0;0;0;0
0;0;0;0;0;0;0;0
0;0;0;0;0;0;0;0
0;0;0;0;0;0;0;0
0;0;0;0;0;0;0;0
0;0;0;0;0;0;0;0
0;0;0;0;0;0;0;0
0;0;0;0;0;0;0;0
0;0;0;0;0;0;0;0
0;0;0;0;0;0;0;0
0;0;0;0;0;0;0;0
0;0;0;0;0;0;0;0
0;0;0;0;0;0;0;0
0;0;0;0;0;0;0;0
0;0;0;0;0;0;0;0
0;0;0;0;0;0;0;0
0;0;0;0;0;0;0;0
0;0;0;0;0;0;0;0
0;0;0;0;0;0;0;0
0;0;0;0;0;0;0;0
0;0;0;0;0;0;0;0
0;0;0;0;0;0;0;0
0;0;0;0;0;0;0;0
0;0;0;0;0;0;0;0
0;0;0;0;0;0;0;0
0;0;0;0;0;0;0;0
0;0;0;0;0;0;0;0
0;0;0;0;0;0;0;0
0;0;0;0;0;0;0;0
0;0;0;0;0;0;0;0
0;0;0;0;0;0;0;0
0;0;0;0;0;0;0;0
0;0;0;0;0;0;0;0
0;0;0;0;0;0;0;0
0;0;0;0;0;0;0;0
0;0;0;0;0;0;0;0
0;0;0;0;0;0;0;0
0;0;0;0;0;0;0;0
0;0;0;0;0;0;0;0
0;0;0;0;0;0;0;0
0;0;0;0;0;0;0;0
0;0;0;0;0;0;0;0
0;0;0;0;0;0;0;0
0;0;0;0;0;0;0;0
0;0;0;0;0;0;0;0
0;0;0;0;0;0;0;0
0;0;0;0;0;0;0;0
0;0;0;0;0;0;0;0
0;0;0;0;0;0;0;0
0;0;0;0;0;0;0;0
0;0;0;0;0;0;0;0
0;0;0;0;0;0;0;0
0;0;0;0;0;0;0;0
0;0;0;0;0;0;0;0
0;0;0;0;0;0;0;0
0;0;0;0;0;0;0;0
0;0;0;0;0;0;0;0
0;0;0;0;0;0;0;0
0;0;0;0;0;0;0;0
0;0;0;0;0;0;0;0
0;0;0;0;0;0;0;0
0;0;0;0;0;0;0;0
0;0;0;0;0;0;0;0
0;0;0;0;0;0;0;0
0;0;0;0;0;0;0;0
0;0;0;0;0;0;0;0
0;0;0;0;0;0;0;0
0;0;0;0;0;0;0;0
0;0;0;0;0;0;0;0
0;0;0;0;0;0;0;0
0;0;0;0;0;0;0;0
0;0;0;0;0;0;0;0
0;0;0;0;0;0;0;0
0;0;0;0;0;0;0;0
0;0;0;0;0;0;0;0
0;0;0;0;0;0;0;0
0;0;0;0;0;0;0;0
0;0;0;0;0;0;0;0
0;0;0;0;0;0;0;0
0;0;0;0;0;0;0;0
0;0;0;0;0;0;0;0
0;0;0;0;0;0;0;0
0;0;0;0;0;0;0;0
0;0;0;0;0;0;0;0
0;0;0;0;0;0;0;0
0;0;0;0;0;0;0;0
0;0;0;0;0;0;0;0
0;0;0;0;0;0;0;0
0;0;0;0;0;0;0;0
0;0;0;0;0;0;0;0
0;0;0;0;0;0;0;0
0;0;0;0;0;0;0;0
0;0;0;0;0;0;0;0
0;0;0;0;0;0;0;0
0;0;0;0;0;0;0;0
0;0;0;0;0;0;0;0
0;0;0;0;0;0;0;0
0;0;0;0;0;0;0;0
0;0;0;0;0;0;0;0
1;1;20;0;0;0;0;0
1;0;0;0;0;0;0;0
0;0;0;0;0;0;0;0
0;0;0;0;0;0;0;0
0;0;0;0;0;0;0;0
2;5;31;0;0;0;0;0
0;0;0;0;0;0;0;0
0;0;0;0;0;0;0;0
1;0;0;0;0;0;0;0
1;0;0;0;0;0;0;0
0;0;0;0;0;0;0;0
0;0;0;0;0;0;0;0
0;0;0;0;0;0;0;0
0;0;0;0;0;0;0;0
0;0;0;0;0;0;0;0
0;0;0;0;0;0;0;0
0;0;0;0;0;0;0;0
0;0;0;0;0;0;0;0
0;0;0;0;0;0;0;0
0;0;0;0;0;0;0;0
0;0;0;0;0;0;0;0
0;0;0;0;0;0;0;0
0;0;0;0;0;0;0;0
1;1;25;0;0;0;0;0
2;2;15;0;0;0;0;0
0;0;0;0;0;0;0;0
1;0;0;0;0;0;0;0
1;0;0;0;0;0;0;0
1;0;0;0;0;0;0;0
0;0;0;0;0;0;0;0
0;0;0;0;0;0;0;0
0;0;0;0;0;0;0;0
0;0;0;0;0;0;0;0
0;0;0;0;0;0;0;0
0;0;0;0;0;0;0;0
0;0;0;0;0;0;0;0
0;0;0;0;0;0;0;0
0;0;0;0;0;0;0;0
0;0;0;0;0;0;0;0
1;1;25;0;0;0;0;0
1;1;25;0;0;0;0;0
1;0;0;0;0;0;0;0
1;0;0;0;0;0;0;0
0;0;0;0;0;0;0;0
0;0;0;0;0;0;0;0
0;0;0;0;0;0;0;0
0;0;0;0;0;0;0;0
0;0;0;0;0;0;0;0
0;0;0;0;0;0;0;0
0;0;0;0;0;0;0;0
0;0;0;0;0;0;0;0
0;0;0;0;0;0;0;0
0;0;0;0;0;0;0;0
0;0;0;0;0;0;0;0
0;0;0;0;0;0;0;0
0;0;0;0;0;0;0;0
0;0;0;0;0;0;0;0
0;0;0;0;0;0;0;0
0;0;0;0;0;0;0;0
0;0;0;0;0;0;0;0
0;0;0;0;0;0;0;0
0;0;0;0;0;0;0;0
0;0;0;0;0;0;0;0
0;0;0;0;0;0;0;0
0;0;0;0;0;0;0;0
0;0;0;0;0;0;0;0
0;0;0;0;0;0;0;0
0;0;0;0;0;0;0;0
0;0;0;0;0;0;0;0
0;0;0;0;0;0;0;0
0;0;0;0;0;0;0;0
0;0;0;0;0;0;0;0
0;0;0;0;0;0;0;0
0;0;0;0;0;0;0;0
0;0;0;0;0;0;0;0
0;0;0;0;0;0;0;0
0;0;0;0;0;0;0;0
0;0;0;0;0;0;0;0
0;0;0;0;0;0;0;0
0;0;0;0;0;0;0;0
0;0;0;0;0;0;0;0
0;0;0;0;0;0;0;0
0;0;0;0;0;0;0;0
0;0;0;0;0;0;0;0
0;0;0;0;0;0;0;0
0;0;0;0;0;0;0;0
0;0;0;0;0;0;0;0
0;0;0;0;0;0;0;0
0;0;0;0;0;0;0;0
0;0;0;0;0;0;0;0
0;0;0;0;0;0;0;0
0;0;0;0;0;0;0;0
0;0;0;0;0;0;0;0
0;0;0;0;0;0;0;0
0;0;0;0;0;0;0;0
0;0;0;0;0;0;0;0
0;0;0;0;0;0;0;0
0;0;0;0;0;0;0;0
0;0;0;0;0;0;0;0
0;0;0;0;0;0;0;0
0;0;0;0;0;0;0;0
0;0;0;0;0;0;0;0
0;0;0;0;0;0;0;0
0;0;0;0;0;0;0;0
0;0;0;0;0;0;0;0
0;0;0;0;0;0;0;0
0;0;0;0;0;0;0;0
0;0;0;0;0;0;0;0
0;0;0;0;0;0;0;0
0;0;0;0;0;0;0;0
0;0;0;0;0;0;0;0
0;0;0;0;0;0;0;0
0;0;0;0;0;0;0;0
0;0;0;0;0;0;0;0
0;0;0;0;0;0;0;0
0;0;0;0;0;0;0;0
0;0;0;0;0;0;0;0
0;0;0;0;0;0;0;0
0;0;0;0;0;0;0;0
0;0;0;0;0;0;0;0
0;0;0;0;0;0;0;0
0;0;0;0;0;0;0;0
0;0;0;0;0;0;0;0
0;0;0;0;0;0;0;0
0;0;0;0;0;0;0;0
0;0;0;0;0;0;0;0
0;0;0;0;0;0;0;0
0;0;0;0;0;0;0;0
0;0;0;0;0;0;0;0
0;0;0;0;0;0;0;0
0;0;0;0;0;0;0;0
0;0;0;0;0;0;0;0
0;0;0;0;0;0;0;0
0;0;0;0;0;0;0;0
0;0;0;0;0;0;0;0
0;0;0;0;0;0;0;0
0;0;0;0;0;0;0;0
0;0;0;0;0;0;0;0
0;0;0;0;0;0;0;0
0;0;0;0;0;0;0;0
0;0;0;0;0;0;0;0
0;0;0;0;0;0;0;0
0;0;0;0;0;0;0;0
0;0;0;0;0;0;0;0
0;0;0;0;0;0;0;0
0;0;0;0;0;0;0;0
0;0;0;0;0;0;0;0
0;0;0;0;0;0;0;0
0;0;0;0;0;0;0;0
0;0;0;0;0;0;0;0
0;0;0;0;0;0;0;0
0;0;0;0;0;0;0;0
0;0;0;0;0;0;0;0
0;0;0;0;0;0;0;0
0;0;0;0;0;0;0;0
0;0;0;0;0;0;0;0
0;0;0;0;0;0;0;0
0;0;0;0;0;0;0;0
0;0;0;0;0;0;0;0
0;0;0;0;0;0;0;0
0;0;0;0;0;0;0;0
0;0;0;0;0;0;0;0
0;0;0;0;0;0;0;0
1;0;0;0;0;0;0;0
0;0;0;0;0;0;0;0
0;0;0;0;0;0;0;0
0;0;0;0;0;0;0;0
0;0;0;0;0;0;0;0
1;1;25;0;0;0;0;0
0;0;0;0;0;0;0;0
0;0;0;0;0;0;0;0
1;0;0;0;0;0;0;0
1;0;0;0;0;0;0;0
1;0;0;0;0;0;0;0
1;0;0;0;0;0;0;0
1;0;0;0;0;0;0;0
1;0;0;0;0;0;0;0
1;0;0;0;0;0;0;0
1;0;0;0;0;0;0;0
1;0;0;0;0;0;0;0
1;0;0;0;0;0;0;0
0;0;0;0;0;0;0;0
0;0;0;0;0;0;0;0
0;0;0;0;0;0;0;0
0;0;0;0;0;0;0;0
0;0;0;0;0;0;0;0
0;0;0;0;0;0;0;0
0;0;0;0;0;0;0;0
0;0;0;0;0;0;0;0
0;0;0;0;0;0;0;0
0;0;0;0;0;0;0;0
0;0;0;0;0;0;0;0
0;0;0;0;0;0;0;0
0;0;0;0;0;0;0;0
0;0;0;0;0;0;0;0
0;0;0;0;0;0;0;0
0;0;0;0;0;0;0;0
0;0;0;0;0;0;0;0
0;0;0;0;0;0;0;0
1;1;11;0;0;0;0;0
1;0;0;0;0;0;0;0
2;2;8;0;2;0;0;0
0;0;0;0;0;0;0;0
0;0;0;0;0;0;0;0
0;0;0;0;0;0;0;0
1;0;0;0;0;0;0;0
1;0;0;0;2;0;0;0
1;0;0;0;0;0;0;0
0;0;0;0;0;0;0;0
0;0;0;0;0;0;0;0
0;0;0;0;0;0;0;0
0;0;0;0;0;0;0;0
0;0;0;0;0;0;0;0
0;0;0;0;0;0;0;0
0;0;0;0;0;0;0;0
0;0;0;0;0;0;0;0
0;0;0;0;0;0;0;0
0;0;0;0;0;0;0;0
0;0;0;0;0;0;0;0
0;0;0;0;0;0;0;0
0;0;0;0;0;0;0;0
0;0;0;0;0;0;0;0
0;0;0;0;0;0;0;0
0;0;0;0;0;0;0;0
0;0;0;0;0;0;0;0
0;0;0;0;0;0;0;0
0;0;0;0;0;0;0;0
0;0;0;0;0;0;0;0
0;0;0;0;0;0;0;0
0;0;0;0;0;0;0;0
0;0;0;0;0;0;0;0
0;0;0;0;0;0;0;0
0;0;0;0;0;0;0;0
0;0;0;0;0;0;0;0
0;0;0;0;0;0;0;0
0;0;0;0;0;0;0;0
0;0;0;0;0;0;0;0
0;0;0;0;0;0;0;0
0;0;0;0;0;0;0;0
0;0;0;0;0;0;0;0
0;0;0;0;0;0;0;0
0;0;0;0;0;0;0;0
0;0;0;0;0;0;0;0
0;0;0;0;0;0;0;0
0;0;0;0;0;0;0;0
0;0;0;0;0;0;0;0
0;0;0;0;0;0;0;0
0;0;0;0;0;0;0;0
0;0;0;0;0;0;0;0
0;0;0;0;0;0;0;0
0;0;0;0;0;0;0;0
0;0;0;0;0;0;0;0
0;0;0;0;0;0;0;0
0;0;0;0;0;0;0;0
0;0;0;0;0;0;0;0
0;0;0;0;0;0;0;0
0;0;0;0;0;0;0;0
0;0;0;0;0;0;0;0
0;0;0;0;0;0;0;0
0;0;0;0;0;0;0;0
0;0;0;0;0;0;0;0
0;0;0;0;0;0;0;0
0;0;0;0;0;0;0;0
0;0;0;0;0;0;0;0
0;0;0;0;0;0;0;0
0;0;0;0;0;0;0;0
0;0;0;0;0;0;0;0
0;0;0;0;0;0;0;0
0;0;0;0;0;0;0;0
0;0;0;0;0;0;0;0
0;0;0;0;0;0;0;0
0;0;0;0;0;0;0;0
0;0;0;0;0;0;0;0
0;0;0;0;0;0;0;0
0;0;0;0;0;0;0;0
0;0;0;0;0;0;0;0
0;0;0;0;0;0;0;0
0;0;0;0;0;0;0;0
0;0;0;0;0;0;0;0
0;0;0;0;0;0;0;0
0;0;0;0;0;0;0;0
0;0;0;0;0;0;0;0
0;0;0;0;0;0;0;0
0;0;0;0;0;0;0;0
0;0;0;0;0;0;0;0
0;0;0;0;0;0;0;0
0;0;0;0;0;0;0;0
0;0;0;0;0;0;0;0
0;0;0;0;0;0;0;0
0;0;0;0;0;0;0;0
0;0;0;0;0;0;0;0
0;0;0;0;0;0;0;0
0;0;0;0;0;0;0;0
0;0;0;0;0;0;0;0
0;0;0;0;0;0;0;0
0;0;0;0;0;0;0;0
0;0;0;0;0;0;0;0
0;0;0;0;0;0;0;0
0;0;0;0;0;0;0;0
0;0;0;0;0;0;0;0
0;0;0;0;0;0;0;0
0;0;0;0;0;0;0;0
0;0;0;0;0;0;0;0
0;0;0;0;0;0;0;0
0;0;0;0;0;0;0;0
0;0;0;0;0;0;0;0
0;0;0;0;0;0;0;0
0;0;0;0;0;0;0;0
0;0;0;0;0;0;0;0
0;0;0;0;0;0;0;0
0;0;0;0;0;0;0;0
0;0;0;0;0;0;0;0
0;0;0;0;0;0;0;0
0;0;0;0;0;0;0;0
0;0;0;0;0;0;0;0
0;0;0;0;0;0;0;0
0;0;0;0;0;0;0;0
0;0;0;0;0;0;0;0
0;0;0;0;0;0;0;0
0;0;0;0;0;0;0;0
0;0;0;0;0;0;0;0
0;0;0;0;0;0;0;0
0;0;0;0;0;0;0;0
0;0;0;0;0;0;0;0
0;0;0;0;0;0;0;0
0;0;0;0;0;0;0;0
0;0;0;0;0;0;0;0
0;0;0;0;0;0;0;0
1;1;25;0;0;0;0;0
0;0;0;0;0;0;0;0
0;0;0;0;0;0;0;0
0;0;0;0;0;0;0;0
0;0;0;0;0;0;0;0
0;0;0;0;0;0;0;0
1;0;0;0;0;0;0;0
1;1;25;0;0;0;0;0
0;0;0;0;0;0;0;0
0;0;0;0;0;0;0;0
1;1;25;0;0;0;0;0
0;0;0;0;0;0;0;0
1;1;7;0;0;0;0;0
2;2;9;0;0;0;0;0
0;0;0;0;0;0;0;0
1;0;0;0;0;0;0;0
1;0;0;0;0;0;0;0
1;0;0;0;0;0;0;0
1;0;0;0;0;0;0;0
1;0;0;0;0;0;0;0
0;0;0;0;0;0;0;0
0;0;0;0;0;0;0;0
0;0;0;0;0;0;0;0
0;0;0;0;0;0;0;0
0;0;0;0;0;0;0;0
0;0;0;0;0;0;0;0
0;0;0;0;0;0;0;0
0;0;0;0;0;0;0;0
0;0;0;0;0;0;0;0
0;0;0;0;0;0;0;0
0;0;0;0;0;0;0;0
0;0;0;0;0;0;0;0
0;0;0;0;0;0;0;0
0;0;0;0;0;0;0;0
0;0;0;0;0;0;0;0
0;0;0;0;0;0;0;0
0;0;0;0;0;0;0;0
0;0;0;0;0;0;0;0
0;0;0;0;0;0;0;0
0;0;0;0;0;0;0;0
0;0;0;0;0;0;0;0
0;0;0;0;0;0;0;0
0;0;0;0;0;0;0;0
0;0;0;0;0;0;0;0
0;0;0;0;0;0;0;0
0;0;0;0;0;0;0;0
0;0;0;0;0;0;0;0
0;0;0;0;0;0;0;0
0;0;0;0;0;0;0;0
0;0;0;0;0;0;0;0
0;0;0;0;0;0;0;0
0;0;0;0;0;0;0;0
0;0;0;0;0;0;0;0
0;0;0;0;0;0;0;0
0;0;0;0;0;0;0;0
0;0;0;0;0;0;0;0
0;0;0;0;0;0;0;0
0;0;0;0;0;0;0;0
0;0;0;0;0;0;0;0
0;0;0;0;0;0;0;0
0;0;0;0;0;0;0;0
0;0;0;0;0;0;0;0
0;0;0;0;0;0;0;0
0;0;0;0;0;0;0;0
0;0;0;0;0;0;0;0
0;0;0;0;0;0;0;0
0;0;0;0;0;0;0;0
0;0;0;0;0;0;0;0
0;0;0;0;0;0;0;0
0;0;0;0;0;0;0;0
0;0;0;0;0;0;0;0
0;0;0;0;0;0;0;0
0;0;0;0;0;0;0;0
0;0;0;0;0;0;0;0
0;0;0;0;0;0;0;0
0;0;0;0;0;0;0;0
0;0;0;0;0;0;0;0
0;0;0;0;0;0;0;0
0;0;0;0;0;0;0;0
0;0;0;0;0;0;0;0
2;2;4;0;1;0;0;0
1;0;0;0;0;0;0;0
1;0;0;0;1;0;0;0
0;0;0;0;0;0;0;0
0;0;0;0;0;0;0;0
0;0;0;0;0;0;0;0
0;0;0;0;0;0;0;0
0;0;0;0;0;0;0;0
0;0;0;0;0;0;0;0
0;0;0;0;0;0;0;0
0;0;0;0;0;0;0;0
0;0;0;0;0;0;0;0
0;0;0;0;0;0;0;0
0;0;0;0;0;0;0;0
0;0;0;0;0;0;0;0
0;0;0;0;0;0;0;0
0;0;0;0;0;0;0;0
0;0;0;0;0;0;0;0
0;0;0;0;0;0;0;0
0;0;0;0;0;0;0;0
0;0;0;0;0;0;0;0
0;0;0;0;0;0;0;0
6;6;12;1;0;0;0;0
0;0;0;0;0;0;0;0
0;0;0;0;0;0;0;0
1;0;0;0;0;0;0;0
1;0;0;0;0;0;0;0
1;0;0;0;0;0;0;0
1;0;0;0;0;0;0;0
1;0;0;0;0;0;0;0
1;0;0;1;0;0;0;0
0;0;0;0;0;0;0;0
0;0;0;0;0;0;0;0
0;0;0;0;0;0;0;0
0;0;0;0;0;0;0;0
0;0;0;0;0;0;0;0
0;0;0;0;0;0;0;0
0;0;0;0;0;0;0;0
0;0;0;0;0;0;0;0
0;0;0;0;0;0;0;0
0;0;0;0;0;0;0;0
0;0;0;0;0;0;0;0
0;0;0;0;0;0;0;0
0;0;0;0;0;0;0;0
0;0;0;0;0;0;0;0
0;0;0;0;0;0;0;0
1;1;7;0;1;0;0;0
1;0;0;0;1;0;0;0
0;0;0;0;0;0;0;0
0;0;0;0;0;0;0;0
0;0;0;0;0;0;0;0
0;0;0;0;0;0;0;0
0;0;0;0;0;0;0;0
0;0;0;0;0;0;0;0
0;0;0;0;0;0;0;0
0;0;0;0;0;0;0;0
4;4;9;1;0;0;0;0
0;0;0;0;0;0;0;0
1;0;0;0;0;0;0;0
1;0;0;0;0;0;0;0
1;0;0;0;0;0;0;0
1;0;0;1;0;0;0;0
0;0;0;0;0;0;0;0
0;0;0;0;0;0;0;0
0;0;0;0;0;0;0;0
0;0;0;0;0;0;0;0
0;0;0;0;0;0;0;0
0;0;0;0;0;0;0;0
0;0;0;0;0;0;0;0
0;0;0;0;0;0;0;0
0;0;0;0;0;0;0;0
0;0;0;0;0;0;0;0
0;0;0;0;0;0;0;0
0;0;0;0;0;0;0;0
0;0;0;0;0;0;0;0
0;0;0;0;0;0;0;0
0;0;0;0;0;0;0;0
0;0;0;0;0;0;0;0
0;0;0;0;0;0;0;0
0;0;0;0;0;0;0;0
0;0;0;0;0;0;0;0
0;0;0;0;0;0;0;0
0;0;0;0;0;0;0;0
0;0;0;0;0;0;0;0
0;0;0;0;0;0;0;0
0;0;0;0;0;0;0;0
0;0;0;0;0;0;0;0
0;0;0;0;0;0;0;0
0;0;0;0;0;0;0;0
0;0;0;0;0;0;0;0
0;0;0;0;0;0;0;0
0;0;0;0;0;0;0;0
0;0;0;0;0;0;0;0
0;0;0;0;0;0;0;0
0;0;0;0;0;0;0;0
0;0;0;0;0;0;0;0
0;0;0;0;0;0;0;0
0;0;0;0;0;0;0;0
0;0;0;0;0;0;0;0
0;0;0;0;0;0;0;0
0;0;0;0;0;0;0;0
0;0;0;0;0;0;0;0
0;0;0;0;0;0;0;0
0;0;0;0;0;0;0;0
0;0;0;0;0;0;0;0
0;0;0;0;0;0;0;0
0;0;0;0;0;0;0;0
0;0;0;0;0;0;0;0
0;0;0;0;0;0;0;0
0;0;0;0;0;0;0;0
0;0;0;0;0;0;0;0
0;0;0;0;0;0;0;0
0;0;0;0;0;0;0;0
0;0;0;0;0;0;0;0
0;0;0;0;0;0;0;0
0;0;0;0;0;0;0;0
0;0;0;0;0;0;0;0
0;0;0;0;0;0;0;0
0;0;0;0;0;0;0;0
0;0;0;0;0;0;0;0
0;0;0;0;0;0;0;0
0;0;0;0;0;0;0;0
0;0;0;0;0;0;0;0
0;0;0;0;0;0;0;0
0;0;0;0;0;0;0;0
0;0;0;0;0;0;0;0
0;0;0;0;0;0;0;0
0;0;0;0;0;0;0;0
0;0;0;0;0;0;0;0
0;0;0;0;0;0;0;0
0;0;0;0;0;0;0;0
0;0;0;0;0;0;0;0
0;0;0;0;0;0;0;0
0;0;0;0;0;0;0;0
0;0;0;0;0;0;0;0
0;0;0;0;0;0;0;0
0;0;0;0;0;0;0;0
0;0;0;0;0;0;0;0
0;0;0;0;0;0;0;0
0;0;0;0;0;0;0;0
0;0;0;0;0;0;0;0
0;0;0;0;0;0;0;0
0;0;0;0;0;0;0;0
0;0;0;0;0;0;0;0
0;0;0;0;0;0;0;0
0;0;0;0;0;0;0;0
0;0;0;0;0;0;0;0
0;0;0;0;0;0;0;0
0;0;0;0;0;0;0;0
0;0;0;0;0;0;0;0
0;0;0;0;0;0;0;0
0;0;0;0;0;0;0;0
0;0;0;0;0;0;0;0
0;0;0;0;0;0;0;0
0;0;0;0;0;0;0;0
0;0;0;0;0;0;0;0
0;0;0;0;0;0;0;0
0;0;0;0;0;0;0;0
0;0;0;0;0;0;0;0
0;0;0;0;0;0;0;0
0;0;0;0;0;0;0;0
0;0;0;0;0;0;0;0
0;0;0;0;0;0;0;0
0;0;0;0;0;0;0;0
0;0;0;0;0;0;0;0
0;0;0;0;0;0;0;0
0;0;0;0;0;0;0;0
0;0;0;0;0;0;0;0
0;0;0;0;0;0;0;0
0;0;0;0;0;0;0;0
0;0;0;0;0;0;0;0
0;0;0;0;0;0;0;0
0;0;0;0;0;0;0;0
0;0;0;0;0;0;0;0
0;0;0;0;0;0;0;0
0;0;0;0;0;0;0;0
0;0;0;0;0;0;0;0
0;0;0;0;0;0;0;0
0;0;0;0;0;0;0;0
0;0;0;0;0;0;0;0
0;0;0;0;0;0;0;0
0;0;0;0;0;0;0;0
0;0;0;0;0;0;0;0
0;0;0;0;0;0;0;0
0;0;0;0;0;0;0;0
0;0;0;0;0;0;0;0
0;0;0;0;0;0;0;0
0;0;0;0;0;0;0;0
0;0;0;0;0;0;0;0
0;0;0;0;0;0;0;0
0;0;0;0;0;0;0;0
0;0;0;0;0;0;0;0
0;0;0;0;0;0;0;0
0;0;0;0;0;0;0;0
0;0;0;0;0;0;0;0
0;0;0;0;0;0;0;0
0;0;0;0;0;0;0;0
0;0;0;0;0;0;0;0
0;0;0;0;0;0;0;0
0;0;0;0;0;0;0;0
0;0;0;0;0;0;0;0
0;0;0;0;0;0;0;0
0;0;0;0;0;0;0;0
0;0;0;0;0;0;0;0
0;0;0;0;0;0;0;0
0;0;0;0;0;0;0;0
0;0;0;0;0;0;0;0
0;0;0;0;0;0;0;0
0;0;0;0;0;0;0;0
0;0;0;0;0;0;0;0
0;0;0;0;0;0;0;0
0;0;0;0;0;0;0;0
0;0;0;0;0;0;0;0
0;0;0;0;0;0;0;0
0;0;0;0;0;0;0;0
0;0;0;0;0;0;0;0
0;0;0;0;0;0;0;0
0;0;0;0;0;0;0;0
0;0;0;0;0;0;0;0
0;0;0;0;0;0;0;0
0;0;0;0;0;0;0;0
0;0;0;0;0;0;0;0
0;0;0;0;0;0;0;0
0;0;0;0;0;0;0;0
0;0;0;0;0;0;0;0
0;0;0;0;0;0;0;0
0;0;0;0;0;0;0;0
0;0;0;0;0;0;0;0
0;0;0;0;0;0;0;0
0;0;0;0;0;0;0;0
0;0;0;0;0;0;0;0
0;0;0;0;0;0;0;0
0;0;0;0;0;0;0;0
0;0;0;0;0;0;0;0
0;0;0;0;0;0;0;0
0;0;0;0;0;0;0;0
0;0;0;0;0;0;0;0
0;0;0;0;0;0;0;0
0;0;0;0;0;0;0;0
0;0;0;0;0;0;0;0
0;0;0;0;0;0;0;0
0;0;0;0;0;0;0;0
0;0;0;0;0;0;0;0
0;0;0;0;0;0;0;0
0;0;0;0;0;0;0;0
0;0;0;0;0;0;0;0
0;0;0;0;0;0;0;0
0;0;0;0;0;0;0;0
0;0;0;0;0;0;0;0
0;0;0;0;0;0;0;0
0;0;0;0;0;0;0;0
0;0;0;0;0;0;0;0
0;0;0;0;0;0;0;0
0;0;0;0;0;0;0;0
0;0;0;0;0;0;0;0
0;0;0;0;0;0;0;0
0;0;0;0;0;0;0;0
0;0;0;0;0;0;0;0
0;0;0;0;0;0;0;0
0;0;0;0;0;0;0;0
0;0;0;0;0;0;0;0
0;0;0;0;0;0;0;0
0;0;0;0;0;0;0;0
0;0;0;0;0;0;0;0
0;0;0;0;0;0;0;0
0;0;0;0;0;0;0;0
0;0;0;0;0;0;0;0
0;0;0;0;0;0;0;0
0;0;0;0;0;0;0;0
0;0;0;0;0;0;0;0
0;0;0;0;0;0;0;0
0;0;0;0;0;0;0;0
0;0;0;0;0;0;0;0
0;0;0;0;0;0;0;0
0;0;0;0;0;0;0;0
0;0;0;0;0;0;0;0
0;0;0;0;0;0;0;0
0;0;0;0;0;0;0;0
0;0;0;0;0;0;0;0
0;0;0;0;0;0;0;0
0;0;0;0;0;0;0;0
0;0;0;0;0;0;0;0
0;0;0;0;0;0;0;0
0;0;0;0;0;0;0;0
0;0;0;0;0;0;0;0
0;0;0;0;0;0;0;0
0;0;0;0;0;0;0;0
0;0;0;0;0;0;0;0
0;0;0;0;0;0;0;0
0;0;0;0;0;0;0;0
0;0;0;0;0;0;0;0
0;0;0;0;0;0;0;0
0;0;0;0;0;0;0;0
0;0;0;0;0;0;0;0
0;0;0;0;0;0;0;0
0;0;0;0;0;0;0;0
0;0;0;0;0;0;0;0
0;0;0;0;0;0;0;0
0;0;0;0;0;0;0;0
0;0;0;0;0;0;0;0
0;0;0;0;0;0;0;0
0;0;0;0;0;0;0;0
0;0;0;0;0;0;0;0
0;0;0;0;0;0;0;0
0;0;0;0;0;0;0;0
0;0;0;0;0;0;0;0
0;0;0;0;0;0;0;0
0;0;0;0;0;0;0;0
0;0;0;0;0;0;0;0
0;0;0;0;0;0;0;0
0;0;0;0;0;0;0;0
0;0;0;0;0;0;0;0
0;0;0;0;0;0;0;0
0;0;0;0;0;0;0;0
0;0;0;0;0;0;0;0
0;0;0;0;0;0;0;0
0;0;0;0;0;0;0;0
0;0;0;0;0;0;0;0
0;0;0;0;0;0;0;0
0;0;0;0;0;0;0;0
0;0;0;0;0;0;0;0
0;0;0;0;0;0;0;0
0;0;0;0;0;0;0;0
0;0;0;0;0;0;0;0
0;0;0;0;0;0;0;0
0;0;0;0;0;0;0;0
0;0;0;0;0;0;0;0
0;0;0;0;0;0;0;0
0;0;0;0;0;0;0;0
0;0;0;0;0;0;0;0
0;0;0;0;0;0;0;0
0;0;0;0;0;0;0;0
0;0;0;0;0;0;0;0
0;0;0;0;0;0;0;0
0;0;0;0;0;0;0;0
0;0;0;0;0;0;0;0
0;0;0;0;0;0;0;0
0;0;0;0;0;0;0;0
0;0;0;0;0;0;0;0
0;0;0;0;0;0;0;0
0;0;0;0;0;0;0;0
1;2;40;0;0;0;0;0
0;0;0;0;0;0;0;0
0;0;0;0;0;0;0;0
0;0;0;0;0;0;0;0
0;0;0;0;0;0;0;0
0;0;0;0;0;0;0;0
1;0;0;0;0;0;0;0
0;0;0;0;0;0;0;0
0;0;0;0;0;0;0;0
0;0;0;0;0;0;0;0
0;0;0;0;0;0;0;0
0;0;0;0;0;0;0;0
0;0;0;0;0;0;0;0
0;0;0;0;0;0;0;0
0;0;0;0;0;0;0;0
0;0;0;0;0;0;0;0
0;0;0;0;0;0;0;0
0;0;0;0;0;0;0;0
0;0;0;0;0;0;0;0
0;0;0;0;0;0;0;0
0;0;0;0;0;0;0;0
0;0;0;0;0;0;0;0
0;0;0;0;0;0;0;0
0;0;0;0;0;0;0;0
0;0;0;0;0;0;0;0
0;0;0;0;0;0;0;0
0;0;0;0;0;0;0;0
0;0;0;0;0;0;0;0
0;0;0;0;0;0;0;0
0;0;0;0;0;0;0;0
0;0;0;0;0;0;0;0
0;0;0;0;0;0;0;0
0;0;0;0;0;0;0;0
0;0;0;0;0;0;0;0
0;0;0;0;0;0;0;0
0;0;0;0;0;0;0;0
0;0;0;0;0;0;0;0
0;0;0;0;0;0;0;0
0;0;0;0;0;0;0;0
0;0;0;0;0;0;0;0
0;0;0;0;0;0;0;0
0;0;0;0;0;0;0;0
0;0;0;0;0;0;0;0
0;0;0;0;0;0;0;0
0;0;0;0;0;0;0;0
0;0;0;0;0;0;0;0
0;0;0;0;0;0;0;0
0;0;0;0;0;0;0;0
0;0;0;0;0;0;0;0
0;0;0;0;0;0;0;0
0;0;0;0;0;0;0;0
0;0;0;0;0;0;0;0
0;0;0;0;0;0;0;0
0;0;0;0;0;0;0;0
0;0;0;0;0;0;0;0
0;0;0;0;0;0;0;0
0;0;0;0;0;0;0;0
0;0;0;0;0;0;0;0
0;0;0;0;0;0;0;0
0;0;0;0;0;0;0;0
0;0;0;0;0;0;0;0
0;0;0;0;0;0;0;0
0;0;0;0;0;0;0;0
0;0;0;0;0;0;0;0
0;0;0;0;0;0;0;0
0;0;0;0;0;0;0;0
0;0;0;0;0;0;0;0
0;0;0;0;0;0;0;0
0;0;0;0;0;0;0;0
0;0;0;0;0;0;0;0
0;0;0;0;0;0;0;0
0;0;0;0;0;0;0;0
0;0;0;0;0;0;0;0
0;0;0;0;0;0;0;0
0;0;0;0;0;0;0;0
0;0;0;0;0;0;0;0
0;0;0;0;0;0;0;0
0;0;0;0;0;0;0;0
0;0;0;0;0;0;0;0
0;0;0;0;0;0;0;0
0;0;0;0;0;0;0;0
0;0;0;0;0;0;0;0
0;0;0;0;0;0;0;0
0;0;0;0;0;0;0;0
0;0;0;0;0;0;0;0
0;0;0;0;0;0;0;0
0;0;0;0;0;0;0;0
0;0;0;0;0;0;0;0
0;0;0;0;0;0;0;0
0;0;0;0;0;0;0;0
0;0;0;0;0;0;0;0
0;0;0;0;0;0;0;0
0;0;0;0;0;0;0;0
0;0;0;0;0;0;0;0
0;0;0;0;0;0;0;0
0;0;0;0;0;0;0;0
0;0;0;0;0;0;0;0
0;0;0;0;0;0;0;0
0;0;0;0;0;0;0;0
0;0;0;0;0;0;0;0
0;0;0;0;0;0;0;0
0;0;0;0;0;0;0;0
0;0;0;0;0;0;0;0
0;0;0;0;0;0;0;0
0;0;0;0;0;0;0;0
0;0;0;0;0;0;0;0
0;0;0;0;0;0;0;0
0;0;0;0;0;0;0;0
0;0;0;0;0;0;0;0
0;0;0;0;0;0;0;0
0;0;0;0;0;0;0;0
0;0;0;0;0;0;0;0
0;0;0;0;0;0;0;0
0;0;0;0;0;0;0;0
0;0;0;0;0;0;0;0
0;0;0;0;0;0;0;0
0;0;0;0;0;0;0;0
0;0;0;0;0;0;0;0
0;0;0;0;0;0;0;0
0;0;0;0;0;0;0;0
1;1;20;0;0;0;0;0
1;0;0;0;0;0;0;0
0;0;0;0;0;0;0;0
0;0;0;0;0;0;0;0
0;0;0;0;0;0;0;0
2;5;31;0;0;0;0;0
0;0;0;0;0;0;0;0
0;0;0;0;0;0;0;0
1;0;0;0;0;0;0;0
1;0;0;0;0;0;0;0
0;0;0;0;0;0;0;0
0;0;0;0;0;0;0;0
0;0;0;0;0;0;0;0
0;0;0;0;0;0;0;0
0;0;0;0;0;0;0;0
0;0;0;0;0;0;0;0
0;0;0;0;0;0;0;0
0;0;0;0;0;0;0;0
0;0;0;0;0;0;0;0
0;0;0;0;0;0;0;0
0;0;0;0;0;0;0;0
0;0;0;0;0;0;0;0
0;0;0;0;0;0;0;0
1;1;25;0;0;0;0;0
2;2;15;0;0;0;0;0
0;0;0;0;0;0;0;0
1;0;0;0;0;0;0;0
1;0;0;0;0;0;0;0
1;0;0;0;0;0;0;0
0;0;0;0;0;0;0;0
0;0;0;0;0;0;0;0
0;0;0;0;0;0;0;0
0;0;0;0;0;0;0;0
0;0;0;0;0;0;0;0
0;0;0;0;0;0;0;0
0;0;0;0;0;0;0;0
0;0;0;0;0;0;0;0
0;0;0;0;0;0;0;0
0;0;0;0;0;0;0;0
1;1;25;0;0;0;0;0
1;1;25;0;0;0;0;0
1;0;0;0;0;0;0;0
1;0;0;0;0;0;0;0
0;0;0;0;0;0;0;0
0;0;0;0;0;0;0;0
0;0;0;0;0;0;0;0
0;0;0;0;0;0;0;0
0;0;0;0;0;0;0;0
0;0;0;0;0;0;0;0
0;0;0;0;0;0;0;0
0;0;0;0;0;0;0;0
0;0;0;0;0;0;0;0
0;0;0;0;0;0;0;0
0;0;0;0;0;0;0;0
0;0;0;0;0;0;0;0
0;0;0;0;0;0;0;0
0;0;0;0;0;0;0;0
0;0;0;0;0;0;0;0
0;0;0;0;0;0;0;0
0;0;0;0;0;0;0;0
0;0;0;0;0;0;0;0
0;0;0;0;0;0;0;0
0;0;0;0;0;0;0;0
0;0;0;0;0;0;0;0
0;0;0;0;0;0;0;0
0;0;0;0;0;0;0;0
0;0;0;0;0;0;0;0
0;0;0;0;0;0;0;0
0;0;0;0;0;0;0;0
0;0;0;0;0;0;0;0
0;0;0;0;0;0;0;0
0;0;0;0;0;0;0;0
0;0;0;0;0;0;0;0
0;0;0;0;0;0;0;0
0;0;0;0;0;0;0;0
0;0;0;0;0;0;0;0
0;0;0;0;0;0;0;0
0;0;0;0;0;0;0;0
0;0;0;0;0;0;0;0
0;0;0;0;0;0;0;0
0;0;0;0;0;0;0;0
0;0;0;0;0;0;0;0
0;0;0;0;0;0;0;0
0;0;0;0;0;0;0;0
0;0;0;0;0;0;0;0
0;0;0;0;0;0;0;0
0;0;0;0;0;0;0;0
0;0;0;0;0;0;0;0
0;0;0;0;0;0;0;0
0;0;0;0;0;0;0;0
0;0;0;0;0;0;0;0
0;0;0;0;0;0;0;0
0;0;0;0;0;0;0;0
0;0;0;0;0;0;0;0
0;0;0;0;0;0;0;0
0;0;0;0;0;0;0;0
0;0;0;0;0;0;0;0
0;0;0;0;0;0;0;0
0;0;0;0;0;0;0;0
0;0;0;0;0;0;0;0
0;0;0;0;0;0;0;0
0;0;0;0;0;0;0;0
0;0;0;0;0;0;0;0
0;0;0;0;0;0;0;0
0;0;0;0;0;0;0;0
0;0;0;0;0;0;0;0
0;0;0;0;0;0;0;0
0;0;0;0;0;0;0;0
0;0;0;0;0;0;0;0
0;0;0;0;0;0;0;0
0;0;0;0;0;0;0;0
0;0;0;0;0;0;0;0
0;0;0;0;0;0;0;0
0;0;0;0;0;0;0;0
0;0;0;0;0;0;0;0
0;0;0;0;0;0;0;0
0;0;0;0;0;0;0;0
0;0;0;0;0;0;0;0
0;0;0;0;0;0;0;0
0;0;0;0;0;0;0;0
0;0;0;0;0;0;0;0
0;0;0;0;0;0;0;0
0;0;0;0;0;0;0;0
0;0;0;0;0;0;0;0
0;0;0;0;0;0;0;0
0;0;0;0;0;0;0;0
0;0;0;0;0;0;0;0
0;0;0;0;0;0;0;0
0;0;0;0;0;0;0;0
0;0;0;0;0;0;0;0
0;0;0;0;0;0;0;0
0;0;0;0;0;0;0;0
0;0;0;0;0;0;0;0
0;0;0;0;0;0;0;0
0;0;0;0;0;0;0;0
0;0;0;0;0;0;0;0
0;0;0;0;0;0;0;0
0;0;0;0;0;0;0;0
0;0;0;0;0;0;0;0
0;0;0;0;0;0;0;0
0;0;0;0;0;0;0;0
0;0;0;0;0;0;0;0
0;0;0;0;0;0;0;0
0;0;0;0;0;0;0;0
0;0;0;0;0;0;0;0
0;0;0;0;0;0;0;0
0;0;0;0;0;0;0;0
0;0;0;0;0;0;0;0
0;0;0;0;0;0;0;0
0;0;0;0;0;0;0;0
0;0;0;0;0;0;0;0
0;0;0;0;0;0;0;0
0;0;0;0;0;0;0;0
0;0;0;0;0;0;0;0
0;0;0;0;0;0;0;0
0;0;0;0;0;0;0;0
0;0;0;0;0;0;0;0
0;0;0;0;0;0;0;0
0;0;0;0;0;0;0;0
0;0;0;0;0;0;0;0
0;0;0;0;0;0;0;0
0;0;0;0;0;0;0;0
0;0;0;0;0;0;0;0
1;0;0;0;0;0;0;0
0;0;0;0;0;0;0;0
0;0;0;0;0;0;0;0
0;0;0;0;0;0;0;0
0;0;0;0;0;0;0;0
1;1;25;0;0;0;0;0
0;0;0;0;0;0;0;0
0;0;0;0;0;0;0;0
1;0;0;0;0;0;0;0
1;0;0;0;0;0;0;0
1;0;0;0;0;0;0;0
1;0;0;0;0;0;0;0
1;0;0;0;0;0;0;0
1;0;0;0;0;0;0;0
1;0;0;0;0;0;0;0
1;0;0;0;0;0;0;0
1;0;0;0;0;0;0;0
1;0;0;0;0;0;0;0
0;0;0;0;0;0;0;0
0;0;0;0;0;0;0;0
0;0;0;0;0;0;0;0
0;0;0;0;0;0;0;0
0;0;0;0;0;0;0;0
0;0;0;0;0;0;0;0
0;0;0;0;0;0;0;0
0;0;0;0;0;0;0;0
0;0;0;0;0;0;0;0
0;0;0;0;0;0;0;0
0;0;0;0;0;0;0;0
0;0;0;0;0;0;0;0
0;0;0;0;0;0;0;0
0;0;0;0;0;0;0;0
0;0;0;0;0;0;0;0
0;0;0;0;0;0;0;0
0;0;0;0;0;0;0;0
0;0;0;0;0;0;0;0
0;0;0;0;0;0;0;0
0;0;0;0;0;0;0;0
0;0;0;0;0;0;0;0
0;0;0;0;0;0;0;0
0;0;0;0;0;0;0;0
0;0;0;0;0;0;0;0
0;0;0;0;0;0;0;0
0;0;0;0;0;0;0;0
0;0;0;0;0;0;0;0
0;0;0;0;0;0;0;0
0;0;0;0;0;0;0;0
0;0;0;0;0;0;0;0
0;0;0;0;0;0;0;0
0;0;0;0;0;0;0;0
0;0;0;0;0;0;0;0
0;0;0;0;0;0;0;0
1;1;11;0;0;0;0;0
1;0;0;0;0;0;0;0
2;2;8;0;2;0;0;0
0;0;0;0;0;0;0;0
0;0;0;0;0;0;0;0
0;0;0;0;0;0;0;0
1;0;0;0;0;0;0;0
1;0;0;0;2;0;0;0
1;0;0;0;0;0;0;0
0;0;0;0;0;0;0;0
0;0;0;0;0;0;0;0
0;0;0;0;0;0;0;0
0;0;0;0;0;0;0;0
0;0;0;0;0;0;0;0
0;0;0;0;0;0;0;0
0;0;0;0;0;0;0;0
0;0;0;0;0;0;0;0
0;0;0;0;0;0;0;0
0;0;0;0;0;0;0;0
0;0;0;0;0;0;0;0
0;0;0;0;0;0;0;0
0;0;0;0;0;0;0;0
0;0;0;0;0;0;0;0
0;0;0;0;0;0;0;0
0;0;0;0;0;0;0;0
0;0;0;0;0;0;0;0
0;0;0;0;0;0;0;0
0;0;0;0;0;0;0;0
0;0;0;0;0;0;0;0
0;0;0;0;0;0;0;0
0;0;0;0;0;0;0;0
0;0;0;0;0;0;0;0
0;0;0;0;0;0;0;0
0;0;0;0;0;0;0;0
0;0;0;0;0;0;0;0
0;0;0;0;0;0;0;0
0;0;0;0;0;0;0;0
0;0;0;0;0;0;0;0
0;0;0;0;0;0;0;0
0;0;0;0;0;0;0;0
0;0;0;0;0;0;0;0
0;0;0;0;0;0;0;0
0;0;0;0;0;0;0;0
0;0;0;0;0;0;0;0
0;0;0;0;0;0;0;0
0;0;0;0;0;0;0;0
0;0;0;0;0;0;0;0
0;0;0;0;0;0;0;0
0;0;0;0;0;0;0;0
0;0;0;0;0;0;0;0
0;0;0;0;0;0;0;0
0;0;0;0;0;0;0;0
0;0;0;0;0;0;0;0
0;0;0;0;0;0;0;0
0;0;0;0;0;0;0;0
0;0;0;0;0;0;0;0
0;0;0;0;0;0;0;0
0;0;0;0;0;0;0;0
0;0;0;0;0;0;0;0
0;0;0;0;0;0;0;0
0;0;0;0;0;0;0;0
0;0;0;0;0;0;0;0
0;0;0;0;0;0;0;0
0;0;0;0;0;0;0;0
0;0;0;0;0;0;0;0
0;0;0;0;0;0;0;0
0;0;0;0;0;0;0;0
0;0;0;0;0;0;0;0
0;0;0;0;0;0;0;0
0;0;0;0;0;0;0;0
0;0;0;0;0;0;0;0
0;0;0;0;0;0;0;0
0;0;0;0;0;0;0;0
0;0;0;0;0;0;0;0
0;0;0;0;0;0;0;0
0;0;0;0;0;0;0;0
0;0;0;0;0;0;0;0
0;0;0;0;0;0;0;0
0;0;0;0;0;0;0;0
0;0;0;0;0;0;0;0
0;0;0;0;0;0;0;0
0;0;0;0;0;0;0;0
0;0;0;0;0;0;0;0
0;0;0;0;0;0;0;0
0;0;0;0;0;0;0;0
0;0;0;0;0;0;0;0
0;0;0;0;0;0;0;0
0;0;0;0;0;0;0;0
0;0;0;0;0;0;0;0
0;0;0;0;0;0;0;0
0;0;0;0;0;0;0;0
0;0;0;0;0;0;0;0
0;0;0;0;0;0;0;0
0;0;0;0;0;0;0;0
0;0;0;0;0;0;0;0
0;0;0;0;0;0;0;0
0;0;0;0;0;0;0;0
0;0;0;0;0;0;0;0
0;0;0;0;0;0;0;0
0;0;0;0;0;0;0;0
0;0;0;0;0;0;0;0
0;0;0;0;0;0;0;0
0;0;0;0;0;0;0;0
0;0;0;0;0;0;0;0
0;0;0;0;0;0;0;0
0;0;0;0;0;0;0;0
0;0;0;0;0;0;0;0
0;0;0;0;0;0;0;0
0;0;0;0;0;0;0;0
0;0;0;0;0;0;0;0
0;0;0;0;0;0;0;0
0;0;0;0;0;0;0;0
0;0;0;0;0;0;0;0
0;0;0;0;0;0;0;0
0;0;0;0;0;0;0;0
0;0;0;0;0;0;0;0
0;0;0;0;0;0;0;0
0;0;0;0;0;0;0;0
0;0;0;0;0;0;0;0
0;0;0;0;0;0;0;0
0;0;0;0;0;0;0;0
0;0;0;0;0;0;0;0
0;0;0;0;0;0;0;0
0;0;0;0;0;0;0;0
0;0;0;0;0;0;0;0
0;0;0;0;0;0;0;0
0;0;0;0;0;0;0;0
0;0;0;0;0;0;0;0
0;0;0;0;0;0;0;0
0;0;0;0;0;0;0;0
0;0;0;0;0;0;0;0
0;0;0;0;0;0;0;0
0;0;0;0;0;0;0;0
0;0;0;0;0;0;0;0
0;0;0;0;0;0;0;0
0;0;0;0;0;0;0;0
0;0;0;0;0;0;0;0
0;0;0;0;0;0;0;0
0;0;0;0;0;0;0;0
0;0;0;0;0;0;0;0
0;0;0;0;0;0;0;0
0;0;0;0;0;0;0;0
0;0;0;0;0;0;0;0
0;0;0;0;0;0;0;0
0;0;0;0;0;0;0;0
0;0;0;0;0;0;0;0
0;0;0;0;0;0;0;0
0;0;0;0;0;0;0;0
0;0;0;0;0;0;0;0
0;0;0;0;0;0;0;0
0;0;0;0;0;0;0;0
0;0;0;0;0;0;0;0
0;0;0;0;0;0;0;0
0;0;0;0;0;0;0;0
0;0;0;0;0;0;0;0
0;0;0;0;0;0;0;0
0;0;0;0;0;0;0;0
0;0;0;0;0;0;0;0
0;0;0;0;0;0;0;0
0;0;0;0;0;0;0;0
0;0;0;0;0;0;0;0
0;0;0;0;0;0;0;0
0;0;0;0;0;0;0;0
0;0;0;0;0;0;0;0
0;0;0;0;0;0;0;0
0;0;0;0;0;0;0;0
0;0;0;0;0;0;0;0
0;0;0;0;0;0;0;0
0;0;0;0;0;0;0;0
0;0;0;0;0;0;0;0
0;0;0;0;0;0;0;0
0;0;0;0;0;0;0;0
0;0;0;0;0;0;0;0
0;0;0;0;0;0;0;0
0;0;0;0;0;0;0;0
0;0;0;0;0;0;0;0
0;0;0;0;0;0;0;0
0;0;0;0;0;0;0;0
0;0;0;0;0;0;0;0
0;0;0;0;0;0;0;0
0;0;0;0;0;0;0;0
0;0;0;0;0;0;0;0
0;0;0;0;0;0;0;0
0;0;0;0;0;0;0;0
0;0;0;0;0;0;0;0
0;0;0;0;0;0;0;0
0;0;0;0;0;0;0;0
0;0;0;0;0;0;0;0
0;0;0;0;0;0;0;0
0;0;0;0;0;0;0;0
0;0;0;0;0;0;0;0
0;0;0;0;0;0;0;0
0;0;0;0;0;0;0;0
0;0;0;0;0;0;0;0
0;0;0;0;0;0;0;0
0;0;0;0;0;0;0;0
0;0;0;0;0;0;0;0
0;0;0;0;0;0;0;0
0;0;0;0;0;0;0;0
0;0;0;0;0;0;0;0
0;0;0;0;0;0;0;0
0;0;0;0;0;0;0;0
0;0;0;0;0;0;0;0
0;0;0;0;0;0;0;0
0;0;0;0;0;0;0;0
0;0;0;0;0;0;0;0
0;0;0;0;0;0;0;0
0;0;0;0;0;0;0;0
0;0;0;0;0;0;0;0
0;0;0;0;0;0;0;0
0;0;0;0;0;0;0;0
0;0;0;0;0;0;0;0
0;0;0;0;0;0;0;0
0;0;0;0;0;0;0;0
0;0;0;0;0;0;0;0
0;0;0;0;0;0;0;0
0;0;0;0;0;0;0;0
0;0;0;0;0;0;0;0
0;0;0;0;0;0;0;0
0;0;0;0;0;0;0;0
0;0;0;0;0;0;0;0
0;0;0;0;0;0;0;0
0;0;0;0;0;0;0;0
0;0;0;0;0;0;0;0
0;0;0;0;0;0;0;0
0;0;0;0;0;0;0;0
0;0;0;0;0;0;0;0
0;0;0;0;0;0;0;0
0;0;0;0;0;0;0;0
0;0;0;0;0;0;0;0
0;0;0;0;0;0;0;0
0;0;0;0;0;0;0;0
0;0;0;0;0;0;0;0
0;0;0;0;0;0;0;0
1;1;25;0;0;0;0;0
0;0;0;0;0;0;0;0
0;0;0;0;0;0;0;0
0;0;0;0;0;0;0;0
0;0;0;0;0;0;0;0
0;0;0;0;0;0;0;0
1;0;0;0;0;0;0;0
1;1;25;0;0;0;0;0
0;0;0;0;0;0;0;0
0;0;0;0;0;0;0;0
1;1;25;0;0;0;0;0
0;0;0;0;0;0;0;0
1;1;7;0;0;0;0;0
2;2;9;1;0;0;1;0
0;0;0;0;0;0;0;0
1;0;0;0;0;0;0;0
1;0;0;0;0;0;0;0
1;0;0;0;0;0;0;0
1;0;0;1;0;0;0;0
1;0;0;0;0;0;0;0
0;0;0;0;0;0;0;0
0;0;0;0;0;0;0;0
0;0;0;0;0;0;0;0
0;0;0;0;0;0;0;0
0;0;0;0;0;0;0;0
0;0;0;0;0;0;0;0
0;0;0;0;0;0;0;0
0;0;0;0;0;0;0;0
0;0;0;0;0;0;0;0
0;0;0;0;0;0;0;0
0;0;0;0;0;0;0;0
0;0;0;0;0;0;0;0
0;0;0;0;0;0;0;0
0;0;0;0;0;0;0;0
0;0;0;0;0;0;0;0
0;0;0;0;0;0;0;0
0;0;0;0;0;0;0;0
0;0;0;0;0;0;0;0
0;0;0;0;0;0;0;0
0;0;0;0;0;0;0;0
0;0;0;0;0;0;0;0
0;0;0;0;0;0;0;0
0;0;0;0;0;0;0;0
0;0;0;0;0;0;0;0
0;0;0;0;0;0;0;0
0;0;0;0;0;0;0;0
0;0;0;0;0;0;0;0
0;0;0;0;0;0;0;0
0;0;0;0;0;0;0;0
0;0;0;0;0;0;0;0
0;0;0;0;0;0;0;0
0;0;0;0;0;0;0;0
0;0;0;0;0;0;0;0
0;0;0;0;0;0;0;0
0;0;0;0;0;0;0;0
0;0;0;0;0;0;0;0
0;0;0;0;0;0;0;0
0;0;0;0;0;0;0;0
0;0;0;0;0;0;0;0
0;0;0;0;0;0;0;0
0;0;0;0;0;0;0;0
0;0;0;0;0;0;0;0
0;0;0;0;0;0;0;0
0;0;0;0;0;0;0;0
0;0;0;0;0;0;0;0
0;0;0;0;0;0;0;0
0;0;0;0;0;0;0;0
0;0;0;0;0;0;0;0
0;0;0;0;0;0;0;0
0;0;0;0;0;0;0;0
0;0;0;0;0;0;0;0
0;0;0;0;0;0;0;0
0;0;0;0;0;0;0;0
0;0;0;0;0;0;0;0
0;0;0;0;0;0;0;0
0;0;0;0;0;0;0;0
0;0;0;0;0;0;0;0
0;0;0;0;0;0;0;0
0;0;0;0;0;0;0;0
0;0;0;0;0;0;0;0
0;0;0;0;0;0;0;0
0;0;0;0;0;0;0;0
0;0;0;0;0;0;0;0
0;0;0;0;0;0;0;0
0;0;0;0;0;0;0;0
0;0;0;0;0;0;0;0
0;0;0;0;0;0;0;0
2;2;4;0;1;0;0;0
1;0;0;0;0;0;0;0
1;0;0;0;1;0;0;0
0;0;0;0;0;0;0;0
0;0;0;0;0;0;0;0
0;0;0;0;0;0;0;0
0;0;0;0;0;0;0;0
0;0;0;0;0;0;0;0
0;0;0;0;0;0;0;0
0;0;0;0;0;0;0;0
0;0;0;0;0;0;0;0
0;0;0;0;0;0;0;0
0;0;0;0;0;0;0;0
0;0;0;0;0;0;0;0
0;0;0;0;0;0;0;0
0;0;0;0;0;0;0;0
0;0;0;0;0;0;0;0
0;0;0;0;0;0;0;0
0;0;0;0;0;0;0;0
0;0;0;0;0;0;0;0
0;0;0;0;0;0;0;0
0;0;0;0;0;0;0;0
6;6;12;1;0;0;0;0
0;0;0;0;0;0;0;0
0;0;0;0;0;0;0;0
1;0;0;0;0;0;0;0
1;0;0;0;0;0;0;0
1;0;0;0;0;0;0;0
1;0;0;0;0;0;0;0
1;0;0;0;0;0;0;0
1;0;0;1;0;0;0;0
0;0;0;0;0;0;0;0
0;0;0;0;0;0;0;0
0;0;0;0;0;0;0;0
0;0;0;0;0;0;0;0
0;0;0;0;0;0;0;0
0;0;0;0;0;0;0;0
0;0;0;0;0;0;0;0
0;0;0;0;0;0;0;0
0;0;0;0;0;0;0;0
0;0;0;0;0;0;0;0
0;0;0;0;0;0;0;0
0;0;0;0;0;0;0;0
0;0;0;0;0;0;0;0
0;0;0;0;0;0;0;0
0;0;0;0;0;0;0;0
1;1;7;0;1;0;0;0
1;0;0;0;1;0;0;0
0;0;0;0;0;0;0;0
0;0;0;0;0;0;0;0
0;0;0;0;0;0;0;0
0;0;0;0;0;0;0;0
0;0;0;0;0;0;0;0
0;0;0;0;0;0;0;0
0;0;0;0;0;0;0;0
0;0;0;0;0;0;0;0
4;4;9;1;0;0;0;0
0;0;0;0;0;0;0;0
1;0;0;0;0;0;0;0
1;0;0;0;0;0;0;0
1;0;0;0;0;0;0;0
1;0;0;1;0;0;0;0
0;0;0;0;0;0;0;0
0;0;0;0;0;0;0;0
0;0;0;0;0;0;0;0
0;0;0;0;0;0;0;0
0;0;0;0;0;0;0;0
0;0;0;0;0;0;0;0
0;0;0;0;0;0;0;0
0;0;0;0;0;0;0;0
0;0;0;0;0;0;0;0
0;0;0;0;0;0;0;0
0;0;0;0;0;0;0;0
0;0;0;0;0;0;0;0
0;0;0;0;0;0;0;0
0;0;0;0;0;0;0;0
0;0;0;0;0;0;0;0
0;0;0;0;0;0;0;0
0;0;0;0;0;0;0;0
0;0;0;0;0;0;0;0
0;0;0;0;0;0;0;0
0;0;0;0;0;0;0;0
0;0;0;0;0;0;0;0
0;0;0;0;0;0;0;0
0;0;0;0;0;0;0;0
0;0;0;0;0;0;0;0
0;0;0;0;0;0;0;0
0;0;0;0;0;0;0;0
0;0;0;0;0;0;0;0
0;0;0;0;0;0;0;0
0;0;0;0;0;0;0;0
0;0;0;0;0;0;0;0
0;0;0;0;0;0;0;0
0;0;0;0;0;0;0;0
0;0;0;0;0;0;0;0
0;0;0;0;0;0;0;0
0;0;0;0;0;0;0;0
0;0;0;0;0;0;0;0
0;0;0;0;0;0;0;0
0;0;0;0;0;0;0;0
0;0;0;0;0;0;0;0
0;0;0;0;0;0;0;0
0;0;0;0;0;0;0;0
0;0;0;0;0;0;0;0
0;0;0;0;0;0;0;0
0;0;0;0;0;0;0;0
0;0;0;0;0;0;0;0
0;0;0;0;0;0;0;0
0;0;0;0;0;0;0;0
0;0;0;0;0;0;0;0
0;0;0;0;0;0;0;0
0;0;0;0;0;0;0;0
0;0;0;0;0;0;0;0
0;0;0;0;0;0;0;0
0;0;0;0;0;0;0;0
0;0;0;0;0;0;0;0
0;0;0;0;0;0;0;0
0;0;0;0;0;0;0;0
0;0;0;0;0;0;0;0
0;0;0;0;0;0;0;0
0;0;0;0;0;0;0;0
0;0;0;0;0;0;0;0
0;0;0;0;0;0;0;0
0;0;0;0;0;0;0;0
0;0;0;0;0;0;0;0
0;0;0;0;0;0;0;0
0;0;0;0;0;0;0;0
0;0;0;0;0;0;0;0
0;0;0;0;0;0;0;0
0;0;0;0;0;0;0;0
0;0;0;0;0;0;0;0
0;0;0;0;0;0;0;0
0;0;0;0;0;0;0;0
0;0;0;0;0;0;0;0
0;0;0;0;0;0;0;0
0;0;0;0;0;0;0;0
0;0;0;0;0;0;0;0
0;0;0;0;0;0;0;0
0;0;0;0;0;0;0;0
0;0;0;0;0;0;0;0
0;0;0;0;0;0;0;0
0;0;0;0;0;0;0;0
0;0;0;0;0;0;0;0
0;0;0;0;0;0;0;0
0;0;0;0;0;0;0;0
0;0;0;0;0;0;0;0
0;0;0;0;0;0;0;0
0;0;0;0;0;0;0;0
0;0;0;0;0;0;0;0
0;0;0;0;0;0;0;0
0;0;0;0;0;0;0;0
0;0;0;0;0;0;0;0
0;0;0;0;0;0;0;0
0;0;0;0;0;0;0;0
0;0;0;0;0;0;0;0
0;0;0;0;0;0;0;0
0;0;0;0;0;0;0;0
0;0;0;0;0;0;0;0
0;0;0;0;0;0;0;0
0;0;0;0;0;0;0;0
0;0;0;0;0;0;0;0
0;0;0;0;0;0;0;0
0;0;0;0;0;0;0;0
0;0;0;0;0;0;0;0
0;0;0;0;0;0;0;0
0;0;0;0;0;0;0;0
0;0;0;0;0;0;0;0
0;0;0;0;0;0;0;0
0;0;0;0;0;0;0;0
0;0;0;0;0;0;0;0
0;0;0;0;0;0;0;0
0;0;0;0;0;0;0;0
0;0;0;0;0;0;0;0
0;0;0;0;0;0;0;0
0;0;0;0;0;0;0;0
0;0;0;0;0;0;0;0
0;0;0;0;0;0;0;0
0;0;0;0;0;0;0;0
0;0;0;0;0;0;0;0
0;0;0;0;0;0;0;0
0;0;0;0;0;0;0;0
0;0;0;0;0;0;0;0
0;0;0;0;0;0;0;0
0;0;0;0;0;0;0;0
0;0;0;0;0;0;0;0
0;0;0;0;0;0;0;0
0;0;0;0;0;0;0;0
0;0;0;0;0;0;0;0
0;0;0;0;0;0;0;0
0;0;0;0;0;0;0;0
0;0;0;0;0;0;0;0
0;0;0;0;0;0;0;0
0;0;0;0;0;0;0;0
0;0;0;0;0;0;0;0
0;0;0;0;0;0;0;0
0;0;0;0;0;0;0;0
0;0;0;0;0;0;0;0
0;0;0;0;0;0;0;0
0;0;0;0;0;0;0;0
0;0;0;0;0;0;0;0
0;0;0;0;0;0;0;0
0;0;0;0;0;0;0;0
0;0;0;0;0;0;0;0
0;0;0;0;0;0;0;0
0;0;0;0;0;0;0;0
0;0;0;0;0;0;0;0
0;0;0;0;0;0;0;0
0;0;0;0;0;0;0;0
0;0;0;0;0;0;0;0
0;0;0;0;0;0;0;0
0;0;0;0;0;0;0;0
0;0;0;0;0;0;0;0
0;0;0;0;0;0;0;0
0;0;0;0;0;0;0;0
0;0;0;0;0;0;0;0
0;0;0;0;0;0;0;0
0;0;0;0;0;0;0;0
0;0;0;0;0;0;0;0
0;0;0;0;0;0;0;0
0;0;0;0;0;0;0;0
0;0;0;0;0;0;0;0
0;0;0;0;0;0;0;0
0;0;0;0;0;0;0;0
0;0;0;0;0;0;0;0
0;0;0;0;0;0;0;0
0;0;0;0;0;0;0;0
0;0;0;0;0;0;0;0
0;0;0;0;0;0;0;0
0;0;0;0;0;0;0;0
0;0;0;0;0;0;0;0
0;0;0;0;0;0;0;0
0;0;0;0;0;0;0;0
0;0;0;0;0;0;0;0
0;0;0;0;0;0;0;0
0;0;0;0;0;0;0;0
0;0;0;0;0;0;0;0
0;0;0;0;0;0;0;0
0;0;0;0;0;0;0;0
0;0;0;0;0;0;0;0
0;0;0;0;0;0;0;0
0;0;0;0;0;0;0;0
0;0;0;0;0;0;0;0
0;0;0;0;0;0;0;0
0;0;0;0;0;0;0;0
0;0;0;0;0;0;0;0
0;0;0;0;0;0;0;0
0;0;0;0;0;0;0;0
0;0;0;0;0;0;0;0
0;0;0;0;0;0;0;0
0;0;0;0;0;0;0;0
0;0;0;0;0;0;0;0
0;0;0;0;0;0;0;0
0;0;0;0;0;0;0;0
0;0;0;0;0;0;0;0
0;0;0;0;0;0;0;0
0;0;0;0;0;0;0;0
0;0;0;0;0;0;0;0
0;0;0;0;0;0;0;0
0;0;0;0;0;0;0;0
0;0;0;0;0;0;0;0
0;0;0;0;0;0;0;0
0;0;0;0;0;0;0;0
0;0;0;0;0;0;0;0
0;0;0;0;0;0;0;0
0;0;0;0;0;0;0;0
0;0;0;0;0;0;0;0
0;0;0;0;0;0;0;0
0;0;0;0;0;0;0;0
0;0;0;0;0;0;0;0
0;0;0;0;0;0;0;0
0;0;0;0;0;0;0;0
0;0;0;0;0;0;0;0
0;0;0;0;0;0;0;0
0;0;0;0;0;0;0;0
0;0;0;0;0;0;0;0
0;0;0;0;0;0;0;0
0;0;0;0;0;0;0;0
0;0;0;0;0;0;0;0
0;0;0;0;0;0;0;0
0;0;0;0;0;0;0;0
0;0;0;0;0;0;0;0
0;0;0;0;0;0;0;0
0;0;0;0;0;0;0;0
0;0;0;0;0;0;0;0
0;0;0;0;0;0;0;0
0;0;0;0;0;0;0;0
0;0;0;0;0;0;0;0
0;0;0;0;0;0;0;0
0;0;0;0;0;0;0;0
0;0;0;0;0;0;0;0
0;0;0;0;0;0;0;0
0;0;0;0;0;0;0;0
0;0;0;0;0;0;0;0
0;0;0;0;0;0;0;0
0;0;0;0;0;0;0;0
0;0;0;0;0;0;0;0
0;0;0;0;0;0;0;0
0;0;0;0;0;0;0;0
0;0;0;0;0;0;0;0
0;0;0;0;0;0;0;0
0;0;0;0;0;0;0;0
0;0;0;0;0;0;0;0
0;0;0;0;0;0;0;0
0;0;0;0;0;0;0;0
0;0;0;0;0;0;0;0
0;0;0;0;0;0;0;0
0;0;0;0;0;0;0;0
0;0;0;0;0;0;0;0
0;0;0;0;0;0;0;0
0;0;0;0;0;0;0;0
0;0;0;0;0;0;0;0
0;0;0;0;0;0;0;0
0;0;0;0;0;0;0;0
0;0;0;0;0;0;0;0
0;0;0;0;0;0;0;0
0;0;0;0;0;0;0;0
0;0;0;0;0;0;0;0
0;0;0;0;0;0;0;0
0;0;0;0;0;0;0;0
0;0;0;0;0;0;0;0
0;0;0;0;0;0;0;0
0;0;0;0;0;0;0;0
0;0;0;0;0;0;0;0
0;0;0;0;0;0;0;0
0;0;0;0;0;0;0;0
0;0;0;0;0;0;0;0
0;0;0;0;0;0;0;0
0;0;0;0;0;0;0;0
0;0;0;0;0;0;0;0
0;0;0;0;0;0;0;0
0;0;0;0;0;0;0;0
0;0;0;0;0;0;0;0
0;0;0;0;0;0;0;0
0;0;0;0;0;0;0;0
0;0;0;0;0;0;0;0
0;0;0;0;0;0;0;0
0;0;0;0;0;0;0;0
0;0;0;0;0;0;0;0
0;0;0;0;0;0;0;0
0;0;0;0;0;0;0;0
0;0;0;0;0;0;0;0
0;0;0;0;0;0;0;0
0;0;0;0;0;0;0;0
0;0;0;0;0;0;0;0
0;0;0;0;0;0;0;0
0;0;0;0;0;0;0;0
0;0;0;0;0;0;0;0
0;0;0;0;0;0;0;0
0;0;0;0;0;0;0;0
0;0;0;0;0;0;0;0
0;0;0;0;0;0;0;0
0;0;0;0;0;0;0;0
0;0;0;0;0;0;0;0
1;2;40;0;0;0;0;0
0;0;0;0;0;0;0;0
0;0;0;0;0;0;0;0
0;0;0;0;0;0;0;0
0;0;0;0;0;0;0;0
0;0;0;0;0;0;0;0
1;0;0;0;0;0;0;0
0;0;0;0;0;0;0;0
0;0;0;0;0;0;0;0
0;0;0;0;0;0;0;0
0;0;0;0;0;0;0;0
0;0;0;0;0;0;0;0
0;0;0;0;0;0;0;0
0;0;0;0;0;0;0;0
0;0;0;0;0;0;0;0
0;0;0;0;0;0;0;0
0;0;0;0;0;0;0;0
0;0;0;0;0;0;0;0
0;0;0;0;0;0;0;0
0;0;0;0;0;0;0;0
0;0;0;0;0;0;0;0
0;0;0;0;0;0;0;0
0;0;0;0;0;0;0;0
0;0;0;0;0;0;0;0
0;0;0;0;0;0;0;0
0;0;0;0;0;0;0;0
0;0;0;0;0;0;0;0
0;0;0;0;0;0;0;0
0;0;0;0;0;0;0;0
0;0;0;0;0;0;0;0
0;0;0;0;0;0;0;0
0;0;0;0;0;0;0;0
0;0;0;0;0;0;0;0
0;0;0;0;0;0;0;0
0;0;0;0;0;0;0;0
0;0;0;0;0;0;0;0
0;0;0;0;0;0;0;0
0;0;0;0;0;0;0;0
0;0;0;0;0;0;0;0
0;0;0;0;0;0;0;0
0;0;0;0;0;0;0;0
0;0;0;0;0;0;0;0
0;0;0;0;0;0;0;0
0;0;0;0;0;0;0;0
0;0;0;0;0;0;0;0
0;0;0;0;0;0;0;0
0;0;0;0;0;0;0;0
0;0;0;0;0;0;0;0
0;0;0;0;0;0;0;0
0;0;0;0;0;0;0;0
0;0;0;0;0;0;0;0
0;0;0;0;0;0;0;0
0;0;0;0;0;0;0;0
0;0;0;0;0;0;0;0
0;0;0;0;0;0;0;0
0;0;0;0;0;0;0;0
0;0;0;0;0;0;0;0
0;0;0;0;0;0;0;0
0;0;0;0;0;0;0;0
0;0;0;0;0;0;0;0
0;0;0;0;0;0;0;0
0;0;0;0;0;0;0;0
0;0;0;0;0;0;0;0
0;0;0;0;0;0;0;0
0;0;0;0;0;0;0;0
0;0;0;0;0;0;0;0
0;0;0;0;0;0;0;0
0;0;0;0;0;0;0;0
0;0;0;0;0;0;0;0
0;0;0;0;0;0;0;0
0;0;0;0;0;0;0;0
0;0;0;0;0;0;0;0
0;0;0;0;0;0;0;0
0;0;0;0;0;0;0;0
0;0;0;0;0;0;0;0
0;0;0;0;0;0;0;0
0;0;0;0;0;0;0;0
0;0;0;0;0;0;0;0
0;0;0;0;0;0;0;0
0;0;0;0;0;0;0;0
0;0;0;0;0;0;0;0
0;0;0;0;0;0;0;0
0;0;0;0;0;0;0;0
0;0;0;0;0;0;0;0
0;0;0;0;0;0;0;0
0;0;0;0;0;0;0;0
0;0;0;0;0;0;0;0
0;0;0;0;0;0;0;0
0;0;0;0;0;0;0;0
0;0;0;0;0;0;0;0
0;0;0;0;0;0;0;0
0;0;0;0;0;0;0;0
0;0;0;0;0;0;0;0
0;0;0;0;0;0;0;0
0;0;0;0;0;0;0;0
0;0;0;0;0;0;0;0
0;0;0;0;0;0;0;0
0;0;0;0;0;0;0;0
0;0;0;0;0;0;0;0
0;0;0;0;0;0;0;0
0;0;0;0;0;0;0;0
0;0;0;0;0;0;0;0
0;0;0;0;0;0;0;0
0;0;0;0;0;0;0;0
0;0;0;0;0;0;0;0
0;0;0;0;0;0;0;0
0;0;0;0;0;0;0;0
0;0;0;0;0;0;0;0
0;0;0;0;0;0;0;0
0;0;0;0;0;0;0;0
0;0;0;0;0;0;0;0
0;0;0;0;0;0;0;0
0;0;0;0;0;0;0;0
0;0;0;0;0;0;0;0
0;0;0;0;0;0;0;0
0;0;0;0;0;0;0;0
0;0;0;0;0;0;0;0
0;0;0;0;0;0;0;0
0;0;0;0;0;0;0;0
0;0;0;0;0;0;0;0
1;1;20;0;0;0;1;0
1;0;0;0;0;0;0;0
0;0;0;0;0;0;0;0
0;0;0;0;0;0;0;0
0;0;0;0;0;0;0;0
2;5;31;0;0;0;0;0
0;0;0;0;0;0;0;0
0;0;0;0;0;0;0;0
1;0;0;0;0;0;0;0
1;0;0;0;0;0;0;0
0;0;0;0;0;0;0;0
0;0;0;0;0;0;0;0
0;0;0;0;0;0;1;0
0;0;0;0;0;0;1;0
0;0;0;0;0;0;1;0
0;0;0;0;0;0;0;0
0;0;0;0;0;0;0;0
0;0;0;0;0;0;0;0
0;0;0;0;0;0;0;0
0;0;0;0;0;0;0;0
0;0;0;0;0;0;0;0
0;0;0;0;0;0;0;0
0;0;0;0;0;0;0;0
0;0;0;0;0;0;0;0
1;1;25;0;0;0;0;0
2;2;15;0;0;0;0;0
0;0;0;0;0;0;0;0
1;0;0;0;0;0;0;0
1;0;0;0;0;0;0;0
1;0;0;0;0;0;0;0
0;0;0;0;0;0;0;0
0;0;0;0;0;0;0;0
0;0;0;0;0;0;0;0
0;0;0;0;0;0;0;0
0;0;0;0;0;0;0;0
0;0;0;0;0;0;0;0
0;0;0;0;0;0;0;0
0;0;0;0;0;0;0;0
0;0;0;0;0;0;0;0
0;0;0;0;0;0;0;0
1;1;25;0;0;0;0;0
1;1;25;0;0;0;0;0
1;0;0;0;0;0;0;0
1;0;0;0;0;0;0;0
0;0;0;0;0;0;0;0
0;0;0;0;0;0;0;0
0;0;0;0;0;0;0;0
0;0;0;0;0;0;0;0
0;0;0;0;0;0;0;0
0;0;0;0;0;0;0;0
0;0;0;0;0;0;0;0
0;0;0;0;0;0;0;0
0;0;0;0;0;0;0;0
0;0;0;0;0;0;0;0
0;0;0;0;0;0;0;0
0;0;0;0;0;0;0;0
0;0;0;0;0;0;0;0
0;0;0;0;0;0;0;0
0;0;0;0;0;0;0;0
0;0;0;0;0;0;0;0
0;0;0;0;0;0;0;0
0;0;0;0;0;0;0;0
0;0;0;0;0;0;0;0
0;0;0;0;0;0;0;0
0;0;0;0;0;0;0;0
0;0;0;0;0;0;0;1
0;0;0;0;0;0;0;1
0;0;0;0;0;0;0;1
0;0;0;0;0;0;0;1
0;0;0;0;0;0;0;1
0;0;0;0;0;0;0;1
0;0;0;0;0;0;0;1
0;0;0;0;0;0;0;1
0;0;0;0;0;0;0;1
0;0;0;0;0;0;0;1
0;0;0;0;0;0;0;1
0;0;0;0;0;0;0;1
0;0;0;0;0;0;0;1
0;0;0;0;0;0;0;1
0;0;0;0;0;0;0;1
0;0;0;0;0;0;0;1
0;0;0;0;0;0;0;1
1;4;36;0;0;0;0;1
0;0;0;0;0;0;0;1
0;0;0;0;0;0;0;1
0;0;0;0;0;0;0;1
1;4;36;0;0;0;0;1
0;0;0;0;0;0;0;1
0;0;0;0;0;0;0;1
0;0;0;0;0;0;0;1
0;0;0;0;0;0;0;1
1;4;36;0;0;0;0;1
0;0;0;0;0;0;0;1
0;0;0;0;0;0;0;1
0;0;0;0;0;0;0;1
0;0;0;0;0;0;0;1
1;4;36;0;0;0;0;1
1;4;36;0;0;0;0;1
1;4;36;0;0;0;0;1
1;4;36;0;0;0;0;1
1;4;36;0;0;0;0;1
0;0;0;0;0;0;0;1
0;0;0;0;0;0;0;1
0;0;0;0;0;0;0;1
0;0;0;0;0;0;0;1
0;0;0;0;0;0;0;1
0;0;0;0;0;0;0;1
0;0;0;0;0;0;0;1
0;0;0;0;0;0;0;1
0;0;0;0;0;0;0;1
0;0;0;0;0;0;0;1
0;0;0;0;0;0;0;1
0;0;0;0;0;0;0;1
0;0;0;0;0;0;0;1
0;0;0;0;0;0;0;1
0;0;0;0;0;0;0;1
0;0;0;0;0;0;0;1
0;0;0;0;0;0;0;1
0;0;0;0;0;0;0;1
0;0;0;0;0;0;0;1
0;0;0;0;0;0;0;1
0;0;0;0;0;0;0;1
0;0;0;0;0;0;0;1
0;0;0;0;0;0;0;1
0;0;0;0;0;0;0;1
0;0;0;0;0;0;0;1
0;0;0;0;0;0;0;1
0;0;0;0;0;0;0;1
0;0;0;0;0;0;0;1
0;0;0;0;0;0;0;1
0;0;0;0;0;0;0;1
0;0;0;0;0;0;0;1
0;0;0;0;0;0;0;1
0;0;0;0;0;0;0;1
0;0;0;0;0;0;0;1
0;0;0;0;0;0;0;1
0;0;0;0;0;0;0;1
0;0;0;0;0;0;0;1
0;0;0;0;0;0;0;1
0;0;0;0;0;0;0;1
0;0;0;0;0;0;0;1
0;0;0;0;0;0;0;1
0;0;0;0;0;0;0;1
0;0;0;0;0;0;0;1
0;0;0;0;0;0;0;1
0;0;0;0;0;0;0;1
0;0;0;0;0;0;0;1
0;0;0;0;0;0;0;1
0;0;0;0;0;0;0;1
0;0;0;0;0;0;0;1
0;0;0;0;0;0;0;1
0;0;0;0;0;0;0;1
0;0;0;0;0;0;0;1
0;0;0;0;0;0;0;1
0;0;0;0;0;0;0;1
