0;0;0;0;0;0;0;0;0;0;0;0;0;0;14;0;0;14;14;0
1;0;0;0;0;0;0;0;0;0;0;0;0;0;2;0;10;28;20;0
1;0;0;0;0;0;0;0;0;0;0;0;0;0;1;0;10;28;20;0
1;0;0;0;0;0;0;0;0;0;0;0;0;0;1;0;10;28;20;0
10;0;1;0;0;2;0;0;0;0;0;0;0;6;3;0;10;28;20;0
0;0;0;0;0;0;0;0;0;0;0;0;0;0;2;0;10;28;20;0
0;6;1;0;3;0;0;0;0;0;0;0;0;7;11;0;10;28;20;0
0;0;0;0;0;0;0;0;0;0;0;0;0;0;1;0;3;16;4;0
0;0;0;0;0;0;0;0;0;0;0;0;0;0;1;0;3;16;4;0
0;0;0;0;0;0;0;0;0;0;0;0;0;0;1;0;3;16;4;0
0;0;0;0;0;0;0;0;0;0;0;0;0;0;1;0;3;16;4;0
1;0;0;0;0;0;0;0;0;0;0;0;0;0;1;0;0;34;16;0
0;0;0;0;0;0;0;0;0;0;0;0;0;0;1;0;0;34;16;0
10;3;0;0;0;0;0;0;0;0;0;0;0;28;4;0;0;34;16;0
0;0;0;0;0;0;0;0;0;0;0;0;0;0;1;0;0;34;16;0
3;1;0;0;0;0;0;0;0;0;0;0;0;0;5;0;0;34;16;0
1;0;0;0;0;0;0;0;0;0;0;0;0;0;1;0;0;34;16;0
1;0;0;0;0;0;0;0;0;0;0;0;0;0;1;0;0;34;16;0
1;0;0;0;0;0;0;0;0;0;0;0;0;0;1;0;0;34;16;0
1;0;0;0;0;0;0;0;0;0;0;0;0;0;1;0;0;34;16;0
0;0;0;0;0;0;0;0;0;0;0;0;0;0;1;1;23;114;29;0
5;1;4;1;0;0;0;0;0;0;0;0;0;12;3;1;23;114;29;0
9;1;1;0;0;0;0;0;0;0;0;0;0;0;1;1;23;114;29;0
0;0;0;0;0;0;0;0;0;0;0;0;0;0;1;1;23;114;29;0
0;0;0;0;0;0;0;0;0;0;0;0;0;0;1;1;23;114;29;0
8;2;0;0;0;0;0;0;0;0;0;0;0;16;6;1;23;114;29;0
23;6;0;0;0;0;0;0;0;0;0;0;0;15;9;1;23;114;29;0
4;0;0;0;0;0;0;0;0;0;0;0;0;0;1;1;23;114;29;0
2;0;0;0;0;0;0;0;0;0;0;0;0;0;1;1;23;114;29;0
2;0;0;0;0;0;0;0;0;0;0;0;0;0;2;1;23;114;29;0
14;0;0;0;0;0;0;0;0;0;0;0;0;20;3;1;23;114;29;0
0;0;0;0;0;0;0;0;0;0;0;0;0;0;1;2;1;26;8;0
0;0;0;0;0;0;0;0;0;0;0;0;0;0;1;2;1;26;8;0
5;1;0;0;0;0;0;0;0;0;0;0;0;0;2;2;1;26;8;0
4;0;0;0;0;0;0;0;0;0;0;0;0;0;1;2;1;26;8;0
3;0;0;0;0;0;0;0;0;0;0;0;0;0;1;2;1;26;8;0
1;0;0;0;0;0;0;0;0;0;0;0;0;0;2;2;1;26;8;0
2;0;0;0;0;0;0;0;0;0;0;0;0;0;1;1;0;1;1;0
4;0;0;0;0;0;0;0;0;0;0;0;0;0;1;1;0;1;1;0
0;0;0;0;0;0;0;0;0;0;0;0;0;33;1;0;0;7;3;0
3;0;0;0;0;0;0;0;0;0;0;0;0;0;2;0;0;7;3;0
3;0;0;0;0;0;0;0;0;0;0;0;0;0;1;0;15;7;6;0
0;0;0;0;0;0;0;0;0;0;0;0;0;0;1;0;15;7;6;0
0;0;0;0;0;0;0;0;0;0;0;0;0;0;1;0;15;7;6;0
0;0;0;0;0;0;0;0;0;0;0;0;0;0;1;0;15;7;6;0
0;0;0;0;0;0;0;0;0;0;0;0;0;0;1;0;15;7;6;0
0;0;0;0;0;0;0;0;0;0;0;0;0;0;1;0;15;7;6;0
0;0;1;0;0;0;0;0;0;0;0;0;0;10;5;0;0;34;9;0
0;0;0;0;0;0;0;0;0;0;0;0;0;7;2;0;0;34;9;0
0;0;0;0;0;0;0;0;0;0;0;0;0;20;1;0;0;34;9;0
0;0;0;0;0;0;0;0;0;0;0;0;0;0;1;0;0;34;9;0
0;0;0;0;0;0;0;0;0;0;0;0;0;0;1;0;0;2;1;0
0;0;0;0;0;0;0;0;0;0;0;0;0;0;1;0;0;0;0;0
0;0;0;0;0;0;0;0;0;0;0;0;0;0;1;0;0;0;0;0
0;0;0;0;0;0;0;0;0;0;0;0;0;0;1;0;0;0;0;0
0;0;0;0;0;0;0;0;0;0;0;0;0;0;1;0;0;0;0;0
0;0;1;1;0;0;0;0;0;0;0;0;0;0;1;0;0;14;6;0
0;0;1;0;0;0;0;0;0;0;0;0;0;0;1;0;0;14;6;0
0;0;1;0;0;0;0;0;0;0;0;0;0;0;1;0;0;14;6;0
0;0;1;0;0;0;0;0;0;0;0;0;0;0;1;0;0;14;6;0
0;0;2;0;0;0;0;0;0;0;0;0;0;7;2;0;0;14;6;0
0;0;0;0;0;0;0;0;0;0;0;0;0;0;1;1;25;76;18;0
4;0;3;1;0;0;0;0;0;0;0;0;0;0;2;1;25;76;18;0
0;0;0;0;0;0;0;0;0;0;0;0;0;0;3;1;25;76;18;0
4;1;0;0;0;0;0;0;0;0;0;0;0;0;2;1;25;76;18;0
0;0;0;0;0;0;0;0;0;0;0;0;0;0;1;1;25;76;18;0
0;0;0;0;0;0;0;0;0;0;0;0;0;0;1;1;25;76;18;0
10;1;0;0;0;0;0;0;0;0;0;0;0;4;2;1;25;76;18;0
14;2;2;0;0;0;0;0;0;0;0;0;0;16;4;1;25;76;18;0
3;0;0;0;0;0;0;0;0;0;0;0;0;0;1;1;25;76;18;0
2;0;0;0;0;0;0;0;0;0;0;0;0;0;1;1;25;76;18;0
6;2;4;0;0;0;0;0;0;0;0;0;0;0;3;2;13;29;10;0
0;0;0;0;0;0;0;0;0;0;0;0;0;0;1;2;13;29;10;0
0;0;0;0;0;0;0;0;0;0;0;0;0;0;1;2;13;29;10;0
1;0;0;0;0;0;0;0;0;0;0;0;0;0;1;2;13;29;10;0
0;0;0;0;0;0;0;0;0;0;0;0;0;0;1;2;13;29;10;0
0;0;0;0;0;0;0;0;0;0;0;0;0;0;1;2;13;29;10;0
1;0;0;0;0;0;0;0;0;0;0;0;0;0;2;2;13;29;10;0
0;0;0;0;0;0;0;0;0;0;0;0;0;0;1;2;8;11;5;0
0;0;0;0;0;0;0;0;0;0;0;0;0;0;1;2;8;11;5;0
0;0;0;0;0;0;0;0;0;0;0;0;0;0;1;2;8;11;5;0
0;0;0;0;0;0;0;0;0;0;0;0;0;0;1;2;8;11;5;0
0;0;0;0;0;0;0;0;0;0;0;0;0;0;1;2;8;11;5;0
0;0;0;0;0;0;0;0;0;0;0;0;0;0;1;0;0;1;1;0
1;0;0;0;0;0;0;0;0;0;0;0;0;0;1;0;1;15;6;0
1;0;0;0;0;0;0;0;0;0;0;0;0;0;1;0;1;15;6;0
0;0;0;0;0;0;0;0;0;0;0;0;0;0;1;0;1;15;6;0
1;1;0;0;0;0;0;0;0;0;0;0;0;0;1;0;1;15;6;0
1;0;0;0;0;0;0;0;0;0;0;0;0;0;1;0;1;15;6;0
1;0;0;0;0;0;0;0;0;0;0;0;0;0;1;0;1;15;6;0
1;0;0;0;0;0;0;0;0;0;0;0;0;0;1;0;0;27;12;0
1;0;0;0;0;0;0;0;0;0;0;0;0;0;1;0;0;27;12;0
2;1;0;0;0;0;0;0;0;0;0;0;0;0;5;0;0;27;12;0
2;2;0;0;0;0;0;0;0;0;0;0;0;0;1;0;0;27;12;0
5;1;0;0;0;0;2;2;13;0;0;0;0;6;2;0;0;27;12;0
1;0;0;0;0;0;0;0;0;0;0;0;0;0;1;0;0;27;12;0
1;0;0;0;0;0;0;0;0;0;0;0;0;0;1;0;0;27;12;0
0;0;0;0;0;0;1;0;0;0;0;0;0;0;1;0;0;27;12;0
0;0;0;0;0;0;1;0;0;0;0;0;0;0;1;0;0;27;12;0
0;0;0;0;0;0;0;0;0;0;0;0;0;0;1;0;0;0;0;0
0;0;0;0;0;0;0;0;0;0;0;0;0;0;1;0;0;0;0;0
0;0;0;0;0;0;0;0;0;0;0;0;0;0;1;0;0;0;0;0
0;0;0;0;0;0;0;0;0;0;0;0;0;0;1;0;0;0;0;0
0;0;0;0;0;0;0;0;0;0;0;0;0;0;1;0;0;0;0;0
0;0;0;0;0;0;0;0;0;0;0;0;0;0;1;0;0;0;0;0
22;2;0;0;0;0;0;0;0;0;0;0;0;0;7;0;22;46;28;0
3;0;0;0;0;0;0;0;0;0;0;0;0;0;2;0;22;46;28;0
4;0;0;0;0;0;0;0;0;0;0;0;0;0;2;0;22;46;28;0
0;0;0;0;0;0;0;0;0;0;0;0;0;5;4;0;22;46;28;0
0;0;0;0;0;0;0;0;0;0;0;0;0;0;3;0;22;46;28;0
0;0;0;0;1;1;0;0;0;0;0;0;0;0;4;0;22;46;28;0
0;0;0;0;0;0;0;0;0;0;0;0;0;0;3;0;22;46;28;0
0;0;0;0;0;0;0;0;0;0;0;0;0;0;3;0;22;46;28;0
1;0;0;0;0;0;0;0;0;0;0;0;0;0;1;0;0;31;17;0
1;0;0;0;0;0;0;0;0;0;0;0;0;0;1;0;0;31;17;0
6;1;0;0;0;0;0;0;0;0;0;0;0;0;4;0;0;31;17;0
11;1;0;0;0;0;0;0;0;0;0;0;0;8;9;0;0;31;17;0
1;0;0;0;0;0;0;0;0;0;0;0;0;0;1;0;0;31;17;0
1;0;0;0;0;0;0;0;0;0;0;0;0;0;1;0;0;31;17;0
0;0;0;0;0;0;0;0;0;0;0;0;0;0;1;0;0;0;0;0
0;0;0;0;0;0;0;0;0;0;0;0;0;0;1;0;0;0;0;0
0;0;0;0;0;0;0;0;0;0;0;0;0;0;1;0;0;0;0;0
0;0;0;0;0;0;0;0;0;0;0;0;0;0;1;0;1;3;3;0
0;0;0;0;0;0;0;0;0;0;0;0;0;0;1;0;1;3;3;0
0;0;0;0;0;0;0;0;0;0;0;0;0;0;1;0;1;3;3;0
0;0;0;0;0;0;1;1;20;0;0;0;0;0;1;0;6;43;18;0
11;1;1;0;0;0;0;0;0;0;0;0;0;12;3;0;6;43;18;0
2;0;0;0;0;0;0;0;0;0;0;0;0;0;3;0;6;43;18;0
0;0;0;0;0;0;0;0;0;0;0;0;0;2;5;0;6;43;18;0
1;0;0;0;0;0;0;0;0;0;0;0;0;3;6;0;6;43;18;0
1;0;0;0;0;0;1;0;0;0;0;0;0;0;1;0;6;43;18;0
5;1;0;0;0;1;0;0;0;0;0;0;0;20;8;1;1;33;17;0
5;1;0;0;0;1;1;7;15;0;1;0;0;13;8;1;1;33;17;0
2;0;0;0;0;0;1;1;11;0;0;0;0;0;1;1;1;33;17;0
6;2;0;0;0;0;0;0;0;0;0;0;0;0;3;0;44;125;53;0
0;2;0;0;0;0;0;0;0;0;0;0;0;0;3;0;44;125;53;0
0;0;0;0;0;0;0;0;0;0;0;0;0;0;1;0;44;125;53;0
7;1;0;0;0;0;0;0;0;0;0;0;0;0;6;0;44;125;53;0
6;0;0;0;0;0;0;0;0;0;0;0;0;13;7;0;44;125;53;0
3;0;0;0;0;0;0;0;0;0;0;0;0;0;3;0;44;125;53;0
1;0;0;0;2;0;0;0;0;0;0;0;0;0;1;0;44;125;53;0
0;0;0;0;0;0;0;0;0;0;0;0;0;0;1;0;44;125;53;0
0;0;0;0;0;0;0;0;0;0;0;0;0;0;1;0;44;125;53;0
2;0;0;0;0;0;0;0;0;0;0;0;0;0;3;0;44;125;53;0
6;1;0;0;0;0;0;0;0;0;0;0;0;52;3;0;44;125;53;0
3;0;0;0;0;0;0;0;0;0;0;0;0;0;2;0;44;125;53;0
0;0;0;0;0;0;0;0;0;0;0;0;0;0;5;0;44;125;53;0
0;0;0;0;0;0;0;0;0;0;0;0;0;0;2;0;44;125;53;0
6;0;0;0;0;0;0;0;0;0;0;0;0;0;7;0;44;125;53;0
7;0;0;0;0;0;0;0;0;0;0;0;0;0;5;0;44;125;53;0
2;0;0;0;0;0;1;0;0;0;1;0;0;0;1;1;1;33;17;0
0;0;0;0;0;0;1;0;0;0;0;0;0;0;1;1;1;33;17;0
0;0;0;0;0;0;0;0;0;0;0;0;0;0;1;0;0;0;0;0
0;0;0;0;0;0;0;0;0;0;0;0;0;0;1;0;0;0;0;0
0;0;0;0;0;0;0;0;0;0;0;0;0;0;1;0;1;2;2;0
0;0;0;0;0;0;0;0;0;0;0;0;0;0;1;0;1;2;2;0
0;0;0;0;0;0;1;1;20;0;0;0;0;0;1;0;0;32;11;0
8;1;1;0;0;0;1;1;7;1;0;0;0;23;2;0;0;32;11;0
4;0;0;0;0;0;0;0;0;0;0;0;0;0;5;0;0;32;11;0
3;0;0;0;0;0;0;0;0;0;0;0;0;0;3;0;0;32;11;0
1;0;0;0;0;0;1;0;0;0;0;0;0;0;1;0;0;32;11;0
1;0;0;0;0;0;1;0;0;1;0;0;0;0;1;0;0;32;11;0
3;0;0;0;0;0;0;0;0;0;0;0;0;0;4;1;0;45;4;0
6;0;1;0;0;0;0;0;0;0;0;0;0;7;3;0;0;37;13;0
11;0;1;0;0;0;0;0;0;0;0;0;0;0;5;0;0;37;13;0
0;0;0;0;0;0;0;0;0;0;0;0;0;0;1;0;0;37;13;0
1;0;0;0;0;0;0;0;0;0;0;0;0;13;4;0;0;37;13;0
3;0;0;0;0;0;0;0;0;0;0;0;0;0;2;0;0;17;5;0
4;0;0;0;0;0;0;0;0;0;0;0;0;0;2;0;0;17;5;0
3;0;0;0;0;0;0;0;0;0;0;0;0;22;1;0;0;17;5;0
1;1;1;0;0;0;0;0;0;0;0;0;0;0;2;0;47;107;42;0
0;0;0;0;0;0;0;0;0;0;0;0;0;0;1;0;47;107;42;0
4;1;0;0;0;0;0;0;0;0;0;0;0;12;6;0;47;107;42;0
0;0;0;0;0;1;0;0;0;0;0;0;0;0;3;0;47;107;42;0
1;0;0;0;0;0;0;0;0;0;0;0;0;0;2;0;47;107;42;0
0;0;0;0;0;0;0;0;0;0;0;0;0;8;3;0;47;107;42;0
0;0;2;0;0;0;0;0;0;0;0;0;0;0;3;0;47;107;42;0
0;0;0;0;0;0;0;0;0;0;0;0;0;0;5;0;47;107;42;0
0;0;0;0;0;0;0;0;0;0;0;0;0;14;2;0;47;107;42;0
1;2;0;0;0;0;0;0;0;0;0;0;0;10;14;0;47;107;42;0
0;0;0;0;0;0;1;1;25;0;0;0;0;20;1;0;47;107;42;0
0;0;0;0;0;0;1;0;0;0;0;0;0;0;1;0;47;107;42;0
4;0;0;0;0;0;0;0;0;0;0;0;0;0;2;0;13;40;14;0
0;0;2;0;0;0;0;0;0;0;0;0;0;0;2;0;13;40;14;0
4;0;0;0;0;0;0;0;0;0;0;0;0;0;2;0;13;40;14;0
1;8;0;0;0;0;0;0;0;0;0;0;0;0;2;0;13;40;14;0
1;8;0;0;0;0;0;0;0;0;0;0;0;0;2;0;13;40;14;0
0;0;0;0;0;0;1;7;50;0;0;0;0;0;2;0;13;40;14;0
0;0;0;0;0;0;1;7;50;0;0;0;0;0;2;0;13;40;14;0
0;2;0;0;0;0;1;0;0;0;0;0;0;0;1;0;13;40;14;0
0;2;0;0;0;0;1;0;0;0;0;0;0;0;1;0;13;40;14;0
3;1;0;0;0;0;0;0;0;0;0;0;0;12;2;1;11;49;30;0
0;0;0;0;0;0;0;0;0;0;0;0;0;0;1;1;11;49;30;0
0;0;0;0;0;0;0;0;0;0;0;0;0;0;1;1;11;49;30;0
2;0;0;0;0;0;0;0;0;0;0;0;0;21;19;1;11;49;30;0
1;0;0;0;0;0;0;0;0;0;0;0;0;0;2;1;11;49;30;0
0;0;0;0;0;0;0;0;0;0;0;0;0;0;3;1;11;49;30;0
0;0;0;0;0;0;0;0;0;0;0;0;0;0;2;1;11;49;30;0
0;0;0;0;0;0;0;0;0;0;0;0;0;0;1;0;10;92;32;0
0;0;0;0;0;0;0;0;0;0;0;0;0;0;1;0;10;92;32;0
0;0;0;0;0;0;0;0;0;0;0;0;0;0;1;0;10;92;32;0
4;0;0;0;0;0;0;0;0;0;0;0;0;0;6;0;10;92;32;0
7;0;1;0;0;0;0;0;0;0;0;0;0;0;4;0;10;92;32;0
0;0;0;0;0;0;0;0;0;0;0;0;0;0;1;0;10;92;32;0
7;0;1;0;0;0;0;0;0;0;0;0;0;0;4;0;10;92;32;0
7;0;1;0;0;0;0;0;0;0;0;0;0;0;4;0;10;92;32;0
2;3;1;0;0;0;0;0;0;0;0;0;0;0;4;0;10;92;32;0
2;3;1;0;0;0;0;0;0;0;0;0;0;0;6;0;10;92;32;0
0;0;0;0;0;0;0;0;0;0;0;0;0;0;1;0;10;44;38;0
0;0;0;0;0;0;0;0;0;0;0;0;0;0;1;0;10;44;38;0
0;2;0;0;0;0;0;0;0;0;0;0;0;0;1;0;10;44;38;0
0;0;0;0;0;0;0;0;0;0;0;0;0;0;1;0;10;44;38;0
5;0;0;0;0;0;0;0;0;0;0;0;0;0;7;0;10;44;38;0
9;0;0;0;0;0;0;0;0;0;0;0;0;0;5;0;10;44;38;0
0;0;0;0;0;0;0;0;0;0;0;0;0;0;1;0;10;44;38;0
8;0;0;0;0;0;0;0;0;0;0;0;0;0;5;0;10;44;38;0
7;0;0;0;0;0;0;0;0;0;0;0;0;0;5;0;10;44;38;0
1;4;0;0;0;0;0;0;0;0;0;0;0;0;5;0;10;44;38;0
1;4;0;0;0;0;0;0;0;0;0;0;0;0;6;0;10;44;38;0
0;0;0;0;0;0;0;0;0;0;0;0;0;0;1;0;8;43;26;0
0;0;0;0;0;0;0;0;0;0;0;0;0;0;1;0;8;43;26;0
0;0;0;0;0;0;0;0;0;0;0;0;0;0;1;0;8;43;26;0
3;0;0;0;0;0;0;0;0;0;0;0;0;0;5;0;8;43;26;0
5;0;0;0;0;0;0;0;0;0;0;0;0;0;3;0;8;43;26;0
0;0;0;0;0;0;0;0;0;0;0;0;0;0;1;0;8;43;26;0
5;0;0;0;0;0;0;0;0;0;0;0;0;0;3;0;8;43;26;0
5;0;0;0;0;0;0;0;0;0;0;0;0;0;3;0;8;43;26;0
2;2;0;0;0;0;0;0;0;0;0;0;0;0;3;0;8;43;26;0
2;2;0;0;0;0;0;0;0;0;0;0;0;0;5;0;8;43;26;0
0;0;0;0;0;0;0;0;0;0;0;0;0;0;1;0;8;37;20;0
0;0;0;0;0;0;0;0;0;0;0;0;0;0;1;0;8;37;20;0
0;0;0;0;0;0;0;0;0;0;0;0;0;0;1;0;8;37;20;0
2;0;0;0;0;0;0;0;0;0;0;0;0;0;4;0;8;37;20;0
3;0;0;0;0;0;0;0;0;0;0;0;0;0;2;0;8;37;20;0
0;0;0;0;0;0;0;0;0;0;0;0;0;0;1;0;8;37;20;0
3;0;0;0;0;0;0;0;0;0;0;0;0;0;2;0;8;37;20;0
3;0;0;0;0;0;0;0;0;0;0;0;0;0;2;0;8;37;20;0
2;1;0;0;0;0;0;0;0;0;0;0;0;0;2;0;8;37;20;0
2;1;0;0;0;0;0;0;0;0;0;0;0;0;4;0;8;37;20;0
0;0;0;0;0;0;1;0;0;0;0;0;0;0;1;0;10;92;32;0
0;0;0;0;0;0;1;0;0;0;0;0;0;0;1;0;10;44;38;0
0;0;0;0;0;0;1;0;0;0;0;0;0;0;1;0;8;43;26;0
0;0;0;0;0;0;1;0;0;0;0;0;0;0;1;0;8;37;20;0
0;0;0;0;0;0;0;0;0;0;0;0;0;0;1;0;0;4;1;0
2;4;0;0;0;0;0;0;0;0;0;0;0;23;2;0;0;5;2;0
1;0;0;0;0;0;0;0;0;0;0;0;0;0;2;1;0;74;4;0
1;0;0;0;0;0;0;0;0;0;0;0;0;0;2;1;0;74;4;0
2;4;0;0;0;0;0;0;0;0;0;0;0;10;3;0;0;66;35;0
3;0;0;0;0;0;0;0;0;0;0;0;0;0;3;0;0;66;35;0
4;0;0;0;0;0;0;0;0;0;0;0;0;0;3;0;0;66;35;0
6;0;0;0;0;0;0;0;0;0;0;0;0;0;3;0;0;66;35;0
5;1;0;0;0;0;0;0;0;0;0;0;0;0;4;0;0;66;35;0
5;1;0;0;0;0;0;0;0;0;0;0;0;0;4;0;0;66;35;0
4;0;0;0;0;0;0;0;0;0;0;0;0;0;3;0;0;66;35;0
4;0;0;0;0;0;0;0;0;0;0;0;0;0;3;0;0;66;35;0
2;0;0;0;0;0;0;0;0;0;0;0;0;0;3;0;0;66;35;0
8;1;0;0;0;0;0;0;0;0;0;0;0;0;6;0;0;66;35;0
3;2;6;0;0;0;0;0;0;0;0;0;0;6;3;0;8;45;13;0
3;1;0;0;0;0;0;0;0;0;0;0;0;0;2;0;8;45;13;0
0;0;0;0;0;0;0;0;0;0;0;0;0;0;3;0;8;45;13;0
0;0;1;0;0;0;0;0;0;0;0;0;0;38;3;0;8;45;13;0
0;0;0;0;0;0;0;0;0;0;0;0;0;10;2;0;8;45;13;0
0;0;0;0;0;0;0;0;0;0;0;0;0;0;3;0;8;40;18;0
10;5;0;0;0;0;0;0;0;0;0;0;0;10;6;0;8;40;18;0
0;0;0;0;0;0;0;0;0;0;0;0;0;14;3;0;8;40;18;0
0;0;0;0;0;0;0;0;0;0;0;0;0;0;1;0;8;40;18;0
5;1;0;0;0;0;0;0;0;0;0;0;0;0;5;0;8;40;18;0
0;0;0;0;0;0;0;0;0;0;0;0;0;38;1;0;1;10;6;0
0;0;0;0;0;0;1;1;3;0;0;0;0;11;5;0;1;10;6;0
0;0;0;0;0;0;1;0;0;0;0;0;0;0;1;0;1;10;6;0
0;0;0;0;0;0;0;0;0;0;0;0;0;0;1;0;0;0;0;0
2;1;0;0;0;0;0;0;0;0;0;0;0;0;3;0;0;0;0;0
0;0;0;0;0;0;0;0;0;0;0;0;0;0;1;0;0;0;0;0
4;2;0;0;0;0;0;0;0;0;0;0;0;0;4;0;0;0;0;0
0;0;0;0;0;0;0;0;0;0;0;0;0;0;1;0;48;91;31;0
0;0;0;0;0;0;0;0;0;0;0;0;0;0;1;0;48;91;31;0
0;0;0;0;0;0;0;0;0;0;0;0;0;0;1;0;48;91;31;0
0;0;1;0;0;0;0;0;0;0;0;0;0;0;1;0;48;91;31;0
0;0;0;0;0;0;0;0;0;0;0;0;0;0;1;0;48;91;31;0
0;0;0;0;0;0;0;0;0;0;0;0;0;0;1;0;48;91;31;0
0;4;1;0;0;4;0;0;0;0;0;0;0;0;10;0;48;91;31;0
0;3;0;0;0;0;0;0;0;0;0;0;0;0;1;0;48;91;31;0
0;3;0;0;0;0;0;0;0;0;0;0;0;0;1;0;48;91;31;0
0;4;0;0;0;0;1;1;4;0;0;0;0;0;3;0;48;91;31;0
0;0;0;0;0;0;0;0;0;0;0;0;0;0;1;0;48;91;31;0
0;0;0;0;0;0;0;0;0;0;0;0;0;0;2;0;48;91;31;0
0;0;1;0;0;0;0;0;0;0;0;0;0;0;5;0;48;91;31;0
0;0;0;0;0;0;0;0;0;0;0;0;0;0;1;0;48;91;31;0
0;0;0;0;0;0;0;0;0;0;0;0;0;0;1;0;48;91;31;0
0;0;0;0;0;0;1;0;0;0;0;0;0;0;1;0;48;91;31;0
2;2;0;0;0;0;0;0;0;0;0;0;0;13;9;0;3;63;22;0
3;2;0;0;0;0;0;0;0;0;0;0;0;0;2;0;3;63;22;0
0;1;0;0;0;0;0;0;0;0;0;0;0;0;1;0;3;63;22;0
3;1;2;0;0;0;0;0;0;0;0;0;0;9;5;0;3;63;22;0
1;0;0;0;0;1;0;0;0;0;0;0;0;9;3;0;3;63;22;0
2;1;0;0;0;0;0;0;0;0;0;0;0;0;2;0;3;63;22;0
0;0;0;0;0;0;0;0;0;0;0;0;0;2;6;0;8;41;23;0
0;0;0;0;0;0;0;0;0;0;0;0;0;1;10;0;8;41;23;0
0;0;0;0;0;0;0;0;0;0;0;0;0;0;1;0;8;41;23;0
0;0;0;0;0;0;0;0;0;0;0;0;0;0;1;0;8;41;23;0
0;0;0;0;0;0;2;2;11;0;0;0;0;28;5;0;8;41;23;0
0;0;0;0;0;0;1;0;0;0;0;0;0;0;1;0;8;41;23;0
0;0;0;0;0;0;1;0;0;0;0;0;0;0;2;0;8;41;23;0
0;0;0;0;0;0;0;0;0;0;0;0;0;0;2;0;3;17;7;0
0;0;0;0;0;0;0;0;0;0;0;0;0;12;2;0;3;17;7;0
0;0;0;0;0;0;0;0;0;0;0;0;0;0;1;0;3;17;7;0
0;0;0;0;0;0;0;0;0;0;0;0;0;0;2;0;3;17;7;0
0;0;0;0;0;0;0;0;0;0;0;0;0;0;4;0;2;33;9;0
0;0;0;0;0;0;0;0;0;0;0;0;0;0;2;0;2;33;9;0
0;0;0;0;0;0;0;0;0;0;0;0;0;0;1;0;2;33;9;0
0;0;0;0;0;0;0;0;0;0;0;0;0;7;2;0;2;33;9;0
0;0;0;0;0;0;0;0;0;0;0;0;0;9;6;0;0;26;14;0
0;0;0;0;0;0;0;0;0;0;0;0;0;8;8;0;0;26;14;0
0;0;1;0;0;0;0;0;0;0;0;0;0;27;7;0;0;8;7;0
0;0;2;2;0;0;0;0;0;0;0;0;0;7;5;0;3;35;14;0
0;0;0;0;0;0;0;0;0;0;0;0;0;0;1;0;3;35;14;0
0;0;0;0;0;0;0;0;0;0;0;0;0;0;3;0;3;35;14;0
0;0;0;0;0;0;0;0;0;0;0;0;0;3;5;0;3;35;14;0
7;7;0;0;0;0;0;0;0;0;0;0;0;0;1;0;0;17;1;0
0;0;0;0;0;0;1;0;0;0;0;0;0;0;1;0;0;17;1;0
0;0;0;0;0;0;1;0;0;0;0;0;0;0;1;0;0;17;1;0
0;0;0;0;0;0;1;0;0;0;0;0;0;0;1;0;0;17;1;0
0;0;0;0;0;0;1;0;0;0;0;0;0;0;1;0;0;17;1;0
0;0;0;0;0;0;1;0;0;0;0;0;0;0;1;0;0;17;1;0
0;0;0;0;0;0;1;0;0;0;0;0;0;0;1;0;0;17;1;0
0;0;0;0;0;0;1;0;0;0;0;0;0;0;2;0;0;17;1;0
0;0;0;0;0;0;1;0;0;0;0;0;0;0;1;0;0;17;1;0
0;0;0;0;0;0;1;0;0;0;0;0;0;0;1;0;0;17;1;0
0;0;0;0;0;0;1;0;0;0;0;0;0;0;2;0;0;17;1;0
0;0;0;0;0;0;1;0;0;0;0;0;0;0;1;0;0;17;1;0
0;0;0;0;0;0;1;0;0;0;0;0;0;0;1;0;0;17;1;0
0;0;0;0;0;0;1;0;0;0;0;0;0;0;1;0;0;17;1;0
2;0;0;0;0;0;1;0;0;0;0;0;0;0;1;0;0;17;1;0
0;0;0;0;0;0;1;0;0;0;0;0;0;0;1;0;0;17;1;0
0;0;0;0;0;0;1;0;0;0;0;0;0;25;1;0;0;17;1;0
0;0;0;0;0;0;1;0;0;0;0;0;0;0;1;0;0;32;0;0
0;0;0;0;0;0;1;0;0;0;0;0;0;50;1;0;0;32;0;0
0;0;0;0;0;0;1;0;0;0;0;0;0;0;1;0;0;32;0;0
0;0;0;0;0;0;1;0;0;0;0;0;0;0;1;0;0;32;0;0
0;0;0;0;0;0;1;0;0;0;0;0;0;0;1;0;0;32;0;0
0;0;0;0;0;0;1;0;0;0;0;0;0;0;1;0;0;32;0;0
0;0;0;0;0;0;1;0;0;0;0;0;0;0;1;0;0;32;0;0
0;0;0;0;0;0;1;0;0;0;0;0;0;33;3;0;0;32;0;0
1;0;0;0;0;0;1;0;0;0;0;0;0;0;1;0;0;32;0;0
2;0;0;0;0;0;1;0;0;0;3;1;0;18;1;0;0;32;0;0
3;2;0;0;0;0;1;0;0;0;0;0;0;14;1;0;0;32;0;0
0;0;0;0;0;0;1;0;0;0;0;0;0;0;1;0;0;32;0;0
0;0;0;0;0;0;1;0;0;0;0;0;0;0;2;0;0;32;0;0
0;0;0;0;0;0;1;0;0;0;0;0;0;0;1;0;0;32;0;0
0;0;0;0;0;0;1;0;0;0;3;0;0;0;3;0;0;32;0;0
2;2;0;0;0;3;0;0;0;0;0;0;0;10;4;0;0;20;4;0
0;0;0;0;0;0;1;0;0;0;0;0;0;0;1;0;0;20;4;0
0;0;0;0;0;0;1;0;0;0;0;0;0;0;1;0;0;20;4;0
1;0;0;0;0;0;1;0;0;0;0;0;0;0;1;0;0;20;4;0
0;0;0;0;0;0;1;0;0;0;0;0;0;0;1;0;0;3;0;0
0;0;0;0;0;0;31;30;47;0;0;0;0;0;1;0;0;34;0;0
0;0;0;0;0;0;1;0;0;0;0;0;0;0;1;0;0;34;0;0
0;0;0;0;0;0;1;0;0;0;0;0;0;0;1;0;0;34;0;0
0;0;0;0;0;0;1;0;0;0;0;0;0;0;1;0;0;34;0;0
0;0;0;0;0;0;1;0;0;0;0;0;0;0;1;0;0;34;0;0
0;0;0;0;0;0;1;0;0;0;0;0;0;0;1;0;0;34;0;0
0;0;0;0;0;0;1;0;0;0;0;0;0;0;1;0;0;34;0;0
0;0;0;0;0;0;1;0;0;0;0;0;0;0;1;0;0;34;0;0
0;0;0;0;0;0;1;0;0;0;0;0;0;0;1;0;0;34;0;0
0;0;0;0;0;0;1;0;0;0;0;0;0;0;1;0;0;34;0;0
0;0;0;0;0;0;1;0;0;0;0;0;0;0;1;0;0;34;0;0
0;0;0;0;0;0;1;0;0;0;0;0;0;0;1;0;0;34;0;0
0;0;0;0;0;0;1;0;0;0;0;0;0;0;1;0;0;34;0;0
0;0;0;0;0;0;1;0;0;0;0;0;0;0;1;0;0;34;0;0
0;0;0;0;0;0;1;0;0;0;0;0;0;0;1;0;0;34;0;0
0;0;0;0;0;0;1;0;0;0;0;0;0;0;1;0;0;34;0;0
0;0;0;0;0;0;1;0;0;0;0;0;0;0;1;0;0;34;0;0
0;0;0;0;0;0;1;0;0;0;0;0;0;0;1;0;0;34;0;0
0;0;0;0;0;0;1;0;0;0;0;0;0;0;1;0;0;34;0;0
0;0;0;0;0;0;1;0;0;0;0;0;0;0;1;0;0;34;0;0
0;0;0;0;0;0;1;0;0;0;0;0;0;0;1;0;0;34;0;0
0;0;0;0;0;0;1;0;0;0;0;0;0;0;1;0;0;34;0;0
0;0;0;0;0;0;1;0;0;0;0;0;0;0;1;0;0;34;0;0
0;0;0;0;0;0;1;0;0;0;0;0;0;0;1;0;0;34;0;0
0;0;0;0;0;0;1;0;0;0;0;0;0;0;1;0;0;34;0;0
0;0;0;0;0;0;1;0;0;0;0;0;0;0;1;0;0;34;0;0
0;0;0;0;0;0;1;0;0;0;0;0;0;0;1;0;0;34;0;0
0;0;0;0;0;0;1;0;0;0;0;0;0;0;1;0;0;34;0;0
0;0;0;0;0;0;1;0;0;0;0;0;0;0;1;0;0;34;0;0
0;0;0;0;0;0;1;0;0;0;0;0;0;0;1;0;0;34;0;0
0;0;0;0;0;0;1;0;0;0;0;0;0;0;1;0;0;34;0;0
0;0;0;0;0;0;9;8;42;0;0;0;0;0;1;0;0;12;0;0
0;0;0;0;0;0;1;0;0;0;0;0;0;0;1;0;0;12;0;0
0;0;0;0;0;0;1;0;0;0;0;0;0;0;1;0;0;12;0;0
0;0;0;0;0;0;1;0;0;0;0;0;0;0;1;0;0;12;0;0
0;0;0;0;0;0;1;0;0;0;0;0;0;0;1;0;0;12;0;0
0;0;0;0;0;0;1;0;0;0;0;0;0;0;1;0;0;12;0;0
0;0;0;0;0;0;1;0;0;0;0;0;0;0;1;0;0;12;0;0
0;0;0;0;0;0;1;0;0;0;0;0;0;0;1;0;0;12;0;0
0;0;0;0;0;0;1;0;0;0;0;0;0;0;1;0;0;12;0;0
0;0;0;0;0;0;17;16;45;0;0;0;0;0;1;0;0;20;0;0
0;0;0;0;0;0;1;0;0;0;0;0;0;0;1;0;0;20;0;0
0;0;0;0;0;0;1;0;0;0;0;0;0;0;1;0;0;20;0;0
0;0;0;0;0;0;1;0;0;0;0;0;0;0;1;0;0;20;0;0
0;0;0;0;0;0;1;0;0;0;0;0;0;0;1;0;0;20;0;0
0;0;0;0;0;0;1;0;0;0;0;0;0;0;1;0;0;20;0;0
0;0;0;0;0;0;1;0;0;0;0;0;0;0;1;0;0;20;0;0
0;0;0;0;0;0;1;0;0;0;0;0;0;0;1;0;0;20;0;0
0;0;0;0;0;0;1;0;0;0;0;0;0;0;1;0;0;20;0;0
0;0;0;0;0;0;1;0;0;0;0;0;0;0;1;0;0;20;0;0
0;0;0;0;0;0;1;0;0;0;0;0;0;0;1;0;0;20;0;0
0;0;0;0;0;0;1;0;0;0;0;0;0;0;1;0;0;20;0;0
0;0;0;0;0;0;1;0;0;0;0;0;0;0;1;0;0;20;0;0
0;0;0;0;0;0;1;0;0;0;0;0;0;0;1;0;0;20;0;0
0;0;0;0;0;0;1;0;0;0;0;0;0;0;1;0;0;20;0;0
0;0;0;0;0;0;1;0;0;0;0;0;0;0;1;0;0;20;0;0
0;0;0;0;0;0;1;0;0;0;0;0;0;0;1;0;0;20;0;0
0;0;0;0;0;0;1;0;0;0;0;0;0;0;1;0;0;3;0;0
0;0;0;0;0;0;0;0;0;0;0;0;0;0;1;0;0;15;1;0
0;0;0;0;0;0;11;10;43;0;0;0;0;0;1;0;0;15;1;0
0;0;0;0;0;0;1;0;0;0;0;0;0;0;1;0;0;15;1;0
0;0;0;0;0;0;1;0;0;0;0;0;0;0;1;0;0;15;1;0
0;0;0;0;0;0;1;0;0;0;0;0;0;0;1;0;0;15;1;0
0;0;0;0;0;0;1;0;0;0;0;0;0;0;1;0;0;15;1;0
0;0;0;0;0;0;1;0;0;0;0;0;0;0;1;0;0;15;1;0
0;0;0;0;0;0;1;0;0;0;0;0;0;0;1;0;0;15;1;0
0;0;0;0;0;0;1;0;0;0;0;0;0;0;1;0;0;15;1;0
0;0;0;0;0;0;1;0;0;0;0;0;0;0;1;0;0;15;1;0
0;0;0;0;0;0;1;0;0;0;0;0;0;0;1;0;0;15;1;0
0;0;0;0;0;0;1;0;0;0;0;0;0;0;1;0;0;15;1;0
0;0;0;0;0;0;1;0;0;0;0;0;0;0;1;0;0;3;0;0
0;0;0;0;0;0;1;0;0;0;0;0;0;0;1;0;0;3;0;0
0;0;0;0;0;0;7;6;40;0;0;0;0;21;1;0;0;9;0;0
0;0;0;0;0;0;1;0;0;0;0;0;0;0;1;0;0;9;0;0
0;0;0;0;0;0;1;0;0;0;0;0;0;0;1;0;0;9;0;0
0;0;0;0;0;0;1;0;0;0;0;0;0;0;1;0;0;9;0;0
0;0;0;0;0;0;1;0;0;0;0;0;0;0;1;0;0;9;0;0
0;0;0;0;0;0;1;0;0;0;0;0;0;0;1;0;0;9;0;0
0;0;0;0;0;0;1;0;0;0;0;0;0;0;1;0;0;9;0;0
0;3;2;0;0;0;0;0;0;0;0;0;0;0;1;0;6;11;5;0
0;3;2;0;0;0;0;0;0;0;0;0;0;0;2;0;6;11;5;0
0;3;2;0;0;0;0;0;0;0;0;0;0;0;1;0;6;11;5;0
0;3;2;0;0;0;0;0;0;0;0;0;0;0;1;0;6;11;5;0
2;2;0;0;0;1;0;0;0;0;0;0;0;0;3;0;0;18;6;0
2;0;0;0;0;0;0;0;0;0;0;0;0;0;3;0;0;18;6;0
1;1;0;0;0;0;0;0;0;0;0;0;0;9;2;0;0;8;4;0
1;0;0;0;0;0;0;0;0;0;0;0;0;0;2;0;0;8;4;0
2;0;0;0;0;0;1;1;2;1;1;0;0;0;8;0;13;56;29;0
2;0;0;0;0;0;1;1;7;0;1;0;0;0;5;0;13;56;29;0
1;0;6;0;0;0;0;0;0;0;0;0;0;0;9;0;13;56;29;0
1;0;0;0;0;0;0;0;0;0;0;0;0;0;2;0;13;56;29;0
1;0;0;0;0;0;0;0;0;0;0;0;0;0;1;0;13;56;29;0
1;1;4;0;0;0;2;2;7;0;0;0;0;3;4;0;13;56;29;0
1;0;0;0;0;0;1;0;0;1;1;0;0;0;1;0;13;56;29;0
0;0;0;0;1;0;1;0;0;0;1;0;0;0;1;0;13;56;29;0
0;0;0;0;0;0;1;0;0;0;0;0;0;0;1;0;13;56;29;0
0;0;0;0;0;0;1;0;0;0;0;0;0;0;1;0;13;56;29;0
0;0;0;0;0;3;3;106;73;0;20;2;0;1;26;0;0;87;26;0
0;0;2;0;0;0;1;0;0;0;6;2;0;0;16;0;0;87;26;0
0;0;0;0;0;0;1;0;0;0;0;0;0;0;1;0;0;87;26;0
0;0;0;0;0;0;1;0;0;0;14;0;0;0;11;0;0;87;26;0
0;0;0;0;0;0;0;0;0;0;0;0;0;0;1;0;1;4;2;0
0;0;0;0;0;0;0;0;0;0;0;0;0;0;1;0;1;4;2;0
0;0;0;0;0;0;0;0;0;0;0;0;0;0;1;0;0;4;1;0
0;0;0;0;0;0;0;0;0;0;0;0;0;0;1;0;0;0;0;0
0;0;0;0;0;0;0;0;0;0;0;0;0;0;1;0;0;0;0;0
0;0;0;0;0;0;0;0;0;0;0;0;0;0;1;0;0;0;0;0
0;0;0;0;0;0;0;0;0;0;0;0;0;0;1;0;0;0;0;0
0;0;0;0;0;0;0;0;0;0;0;0;0;0;1;0;0;0;0;0
0;0;0;0;0;0;0;0;0;0;0;0;0;0;1;0;3;40;18;0
0;0;0;0;0;0;0;0;0;0;0;0;0;0;1;0;3;40;18;0
0;0;0;0;0;0;0;0;0;0;0;0;0;0;1;0;3;40;18;0
2;0;0;0;0;0;0;0;0;0;0;0;0;2;7;0;3;40;18;0
3;0;0;0;0;0;0;0;0;0;0;0;0;0;3;0;3;40;18;0
3;4;0;0;0;0;0;0;0;0;0;0;0;3;5;0;3;40;18;0
0;0;0;0;0;0;0;0;0;0;0;0;0;0;1;0;1;17;10;0
11;0;0;0;0;2;0;0;0;0;0;0;0;0;2;0;1;17;10;0
16;2;0;0;0;0;0;0;0;0;0;0;0;8;7;0;1;17;10;0
0;0;0;0;0;0;0;0;0;0;0;0;0;33;1;0;4;40;12;0
5;1;1;0;0;0;0;0;0;0;0;0;0;9;6;0;4;40;12;0
6;0;1;0;0;0;0;0;0;0;0;0;0;0;3;0;4;40;12;0
0;0;0;0;0;0;0;0;0;0;0;0;0;0;2;0;4;40;12;0
0;1;0;0;0;0;0;0;0;0;0;0;0;0;1;1;0;3;1;0
0;1;0;0;0;0;0;0;0;0;0;0;0;0;1;1;0;3;1;0
0;0;0;0;0;0;0;0;0;0;0;0;0;0;1;0;0;10;5;0
5;0;0;0;0;0;0;0;0;0;0;0;0;0;1;0;0;10;5;0
3;0;0;0;0;0;0;0;0;0;0;0;0;0;1;0;0;10;5;0
1;0;0;0;0;0;0;0;0;0;0;0;0;0;2;0;0;10;5;0
0;1;0;0;0;0;0;0;0;0;0;0;0;0;1;1;0;3;1;0
1;0;0;0;0;0;0;0;0;0;0;0;0;0;1;0;0;0;0;0
0;0;1;0;0;0;0;0;0;0;0;0;0;18;3;0;0;12;3;0
0;0;0;0;0;0;0;0;0;0;0;0;0;0;3;0;0;18;3;0
0;0;0;0;0;0;0;0;0;0;0;0;0;0;1;0;6;7;4;0
0;0;0;0;0;0;0;0;0;0;0;0;0;0;1;0;6;7;4;0
0;0;0;0;0;0;0;0;0;0;0;0;0;0;1;0;6;7;4;0
0;0;0;0;0;0;0;0;0;0;0;0;0;0;1;0;6;7;4;0
0;0;0;0;0;0;0;0;0;0;0;0;0;0;1;0;0;0;0;0
0;0;0;0;0;0;0;0;0;0;0;0;0;0;1;0;0;0;0;0
0;0;0;0;0;0;0;0;0;0;0;0;0;0;1;0;0;0;0;0
0;0;0;0;0;0;0;0;0;0;0;0;0;0;1;0;0;5;1;0
0;0;0;0;0;0;0;0;0;0;0;0;0;0;1;0;1;9;4;0
2;0;0;0;0;0;0;0;0;0;0;0;0;0;1;0;1;9;4;0
5;0;0;0;0;0;0;0;0;0;0;0;0;0;2;0;1;9;4;0
4;0;0;0;0;0;0;0;0;0;0;0;0;0;1;0;0;13;1;0
0;0;0;0;0;0;0;0;0;0;0;0;0;33;1;0;1;32;12;0
5;0;0;0;0;0;0;0;0;0;0;0;0;8;5;0;1;32;12;0
4;0;0;0;0;0;0;0;0;0;0;0;0;4;6;0;1;32;12;0
4;5;0;0;0;0;0;0;0;0;0;0;0;0;7;0;0;19;7;0
0;0;0;0;0;0;0;0;0;0;0;0;0;0;1;0;24;40;30;0
0;0;0;0;0;0;0;0;0;0;0;0;0;0;1;0;24;40;30;0
0;0;0;0;0;0;0;0;0;0;0;0;0;0;1;0;24;40;30;0
0;0;0;0;0;0;0;0;0;0;0;0;0;0;2;0;24;40;30;0
0;0;0;0;0;0;0;0;0;0;0;0;0;0;1;0;24;40;30;0
0;0;0;0;0;0;0;0;0;0;0;0;0;0;5;0;24;40;30;0
0;0;0;0;10;2;0;0;0;0;0;0;0;2;9;0;24;40;30;0
0;0;0;0;0;0;0;0;0;0;0;0;0;0;10;0;24;40;30;0
1;0;0;0;2;0;0;0;0;0;0;0;0;0;2;1;0;8;9;0
0;1;0;0;0;0;0;0;0;0;0;0;0;12;3;1;0;8;9;0
1;0;0;0;0;0;0;0;0;0;0;0;0;0;4;1;0;8;9;0
3;0;0;0;3;0;0;0;0;0;0;0;0;0;2;1;0;15;15;0
0;2;0;0;0;0;0;0;0;0;0;0;0;0;8;1;0;15;15;0
2;0;0;0;0;0;0;0;0;0;0;0;0;0;5;1;0;15;15;0
0;0;0;0;0;0;0;0;0;0;0;0;0;9;4;0;1;26;18;0
2;1;0;0;0;3;1;1;1;1;0;0;0;3;14;0;1;26;18;0
0;0;0;0;0;0;1;0;0;1;0;0;0;0;1;0;1;26;18;0
3;0;0;0;3;0;0;0;0;0;0;0;0;0;2;1;0;15;15;0
0;2;0;0;0;0;0;0;0;0;0;0;0;0;8;1;0;15;15;0
2;0;0;0;0;0;0;0;0;0;0;0;0;0;5;1;0;15;15;0
7;1;0;0;3;0;0;0;0;0;0;0;0;0;2;1;0;16;12;0
0;2;0;0;0;0;0;0;0;0;0;0;0;0;5;1;0;16;12;0
2;0;0;0;0;0;0;0;0;0;0;0;0;0;5;1;0;16;12;0
1;0;0;0;2;0;0;0;0;0;0;0;0;0;3;1;0;8;10;0
0;1;0;0;0;0;0;0;0;0;0;0;0;0;3;1;0;8;10;0
1;0;0;0;0;0;0;0;0;0;0;0;0;0;4;1;0;8;10;0
4;0;0;0;2;0;0;0;0;0;0;0;0;0;2;1;0;12;11;0
0;1;0;0;0;0;0;0;0;0;0;0;0;10;5;1;0;12;11;0
1;0;0;0;0;0;0;0;0;0;0;0;0;0;4;1;0;12;11;0
0;0;0;0;0;0;0;0;0;0;0;0;0;0;1;0;0;3;1;0
3;0;0;0;0;0;0;0;0;0;0;0;0;5;4;0;1;24;8;0
0;0;0;0;0;0;0;0;0;0;0;0;0;0;3;0;1;24;8;0
1;0;0;0;0;0;0;0;0;0;0;0;0;0;1;0;1;24;8;0
0;0;0;0;0;0;0;0;0;0;0;0;0;0;2;0;13;19;11;0
0;0;0;0;0;0;0;0;0;0;0;0;0;0;2;0;13;19;11;0
0;0;0;0;0;0;0;0;0;0;0;0;0;0;2;0;13;19;11;0
0;0;0;0;0;0;0;0;0;0;0;0;0;0;1;0;13;19;11;0
0;0;0;0;0;0;0;0;0;0;0;0;0;0;1;0;13;19;11;0
0;0;0;0;0;0;0;0;0;0;0;0;0;0;3;0;13;19;11;0
0;0;0;0;0;0;0;0;0;0;0;0;0;13;3;0;8;45;18;1
0;0;0;0;0;0;0;0;0;0;0;0;0;13;3;0;8;45;18;1
0;0;2;0;0;0;0;0;0;0;0;0;0;0;2;0;32;93;36;1
0;0;2;0;0;0;0;0;0;0;0;0;0;0;2;0;32;93;36;1
0;0;1;1;0;0;0;0;0;0;0;0;0;14;6;0;4;55;18;1
0;0;1;1;0;0;0;0;0;0;0;0;0;14;6;0;4;55;18;1
9;5;0;0;0;0;0;0;0;0;0;0;0;0;1;0;221;186;109;1
9;5;0;0;0;0;0;0;0;0;0;0;0;0;1;0;221;186;109;1
4;0;0;0;0;5;0;0;0;0;0;0;0;2;9;0;980;386;130;1
4;0;0;0;0;5;0;0;0;0;0;0;0;2;9;0;980;386;130;1
105;218;2;0;0;34;0;0;0;0;0;0;0;19;1;0;0;206;4;1
105;218;2;0;0;34;0;0;0;0;0;0;0;19;1;0;0;206;4;1
0;0;0;1;0;0;0;0;0;0;0;0;0;12;13;0;4;32;23;1
0;0;0;1;0;0;0;0;0;0;0;0;0;12;13;0;4;32;23;1
0;0;1;0;0;0;0;0;0;0;0;0;0;0;2;0;4;32;23;1
0;21;0;0;0;0;0;0;0;0;0;0;0;0;1;0;908;382;129;1
1;0;0;0;0;0;0;0;0;0;0;0;0;0;1;0;908;382;129;1
1;0;0;0;0;0;0;0;0;0;0;0;0;28;1;0;908;382;129;1
0;0;0;1;0;0;0;0;0;0;0;0;0;12;13;0;4;32;23;1
0;0;0;1;0;0;0;0;0;0;0;0;0;12;13;0;4;32;23;1
0;0;1;0;0;0;0;0;0;0;0;0;0;0;2;0;4;32;23;1
0;21;0;0;0;0;0;0;0;0;0;0;0;0;1;0;908;382;129;1
1;0;0;0;0;0;0;0;0;0;0;0;0;0;1;0;908;382;129;1
1;0;0;0;0;0;0;0;0;0;0;0;0;28;1;0;908;382;129;1
2;0;0;0;0;0;0;0;0;0;0;0;0;22;18;1;7;42;29;1
2;0;0;0;0;0;0;0;0;0;0;0;0;22;18;1;7;42;29;1
9;13;0;0;0;0;0;0;0;0;0;0;0;0;12;0;116;186;108;1
9;13;0;0;0;0;0;0;0;0;0;0;0;0;12;0;116;186;108;1
0;0;0;0;0;0;0;0;0;0;0;0;0;0;3;0;15;45;16;1
0;0;0;0;0;2;0;0;0;0;0;0;0;0;2;0;15;45;16;1
0;0;0;0;0;0;0;0;0;0;0;0;0;0;1;0;15;45;16;1
1;4;0;0;0;0;0;0;0;0;0;0;0;6;2;1;68;69;39;1
0;0;0;0;0;0;0;0;0;0;0;0;0;0;1;1;68;69;39;1
2;0;0;0;0;0;0;0;0;0;0;0;0;13;14;1;68;69;39;1
0;0;1;0;0;0;0;0;0;0;0;0;0;0;2;1;68;69;39;1
0;0;1;0;0;0;0;0;0;0;0;0;0;0;2;1;68;69;39;1
1;4;0;0;0;0;0;0;0;0;0;0;0;6;2;1;68;69;39;1
0;0;0;0;0;0;0;0;0;0;0;0;0;0;1;1;68;69;39;1
2;0;0;0;0;0;0;0;0;0;0;0;0;13;14;1;68;69;39;1
0;0;1;0;0;0;0;0;0;0;0;0;0;0;2;1;68;69;39;1
0;0;1;0;0;0;0;0;0;0;0;0;0;0;2;1;68;69;39;1
0;0;1;0;0;0;0;0;0;0;0;0;0;0;2;1;68;69;39;1
0;0;0;0;0;0;0;0;0;0;0;0;0;0;2;1;68;69;39;1
2;0;0;0;0;0;0;0;0;0;0;0;0;13;14;1;68;69;39;1
0;0;1;0;0;0;0;0;0;0;0;0;0;0;2;1;68;69;39;1
0;0;1;0;0;0;0;0;0;0;0;0;0;0;2;1;68;69;39;1
0;0;1;0;0;0;0;0;0;0;0;0;0;0;2;1;68;69;39;1
0;0;0;0;0;0;0;0;0;0;0;0;0;0;2;1;68;69;39;1
2;0;0;0;0;0;0;0;0;0;0;0;0;13;14;1;68;69;39;1
0;0;1;0;0;0;0;0;0;0;0;0;0;0;2;1;68;69;39;1
0;0;1;0;0;0;0;0;0;0;0;0;0;0;2;1;68;69;39;1
0;0;1;0;0;0;0;0;0;0;0;0;0;0;2;1;68;69;39;1
0;0;0;0;0;0;0;0;0;0;0;0;0;0;2;1;68;69;39;1
0;0;0;0;0;0;0;0;0;0;0;0;0;0;2;1;68;69;39;1
1;8;0;0;0;0;0;0;0;0;0;0;0;0;2;1;68;69;39;1
1;8;0;0;0;0;0;0;0;0;0;0;0;0;2;1;68;69;39;1
0;0;1;0;0;0;0;0;0;0;0;0;0;0;2;1;68;69;39;1
0;0;1;0;0;0;0;0;0;0;0;0;0;0;2;1;68;69;39;1
0;0;1;0;0;0;0;0;0;0;0;0;0;0;2;1;68;69;39;1
0;0;0;0;0;0;0;0;0;0;0;0;0;0;2;1;68;69;39;1
0;0;0;0;0;0;0;0;0;0;0;0;0;0;2;1;68;69;39;1
1;8;0;0;0;0;0;0;0;0;0;0;0;0;2;1;68;69;39;1
1;8;0;0;0;0;0;0;0;0;0;0;0;0;2;1;68;69;39;1
0;0;0;0;0;0;1;7;50;0;0;0;0;0;2;1;68;69;39;1
0;0;0;0;0;0;1;7;50;0;0;0;0;0;2;1;68;69;39;1
0;2;0;0;0;0;1;0;0;0;0;0;0;0;1;1;68;69;39;1
0;2;0;0;0;0;1;0;0;0;0;0;0;0;1;1;68;69;39;1
0;0;0;0;0;0;0;0;0;0;0;0;0;0;2;1;68;69;39;1
0;0;0;0;0;0;0;0;0;0;0;0;0;0;2;1;68;69;39;1
1;8;0;0;0;0;0;0;0;0;0;0;0;0;2;1;68;69;39;1
1;8;0;0;0;0;0;0;0;0;0;0;0;0;2;1;68;69;39;1
0;0;0;0;0;0;1;7;50;0;0;0;0;0;2;1;68;69;39;1
0;0;0;0;0;0;1;7;50;0;0;0;0;0;2;1;68;69;39;1
2;0;0;0;0;0;0;0;0;0;0;0;0;0;4;1;68;69;39;1
0;2;0;0;0;0;1;0;0;0;0;0;0;0;1;1;68;69;39;1
0;2;0;0;0;0;1;0;0;0;0;0;0;0;1;1;68;69;39;1
1;8;0;0;0;0;0;0;0;0;0;0;0;0;2;1;68;69;39;1
1;8;0;0;0;0;0;0;0;0;0;0;0;0;2;1;68;69;39;1
0;0;0;0;0;0;1;7;50;0;0;0;0;0;2;1;68;69;39;1
0;0;0;0;0;0;1;7;50;0;0;0;0;0;2;1;68;69;39;1
2;0;0;0;0;0;0;0;0;0;0;0;0;0;4;1;68;69;39;1
0;2;0;0;0;0;1;0;0;0;0;0;0;0;1;1;68;69;39;1
0;2;0;0;0;0;1;0;0;0;0;0;0;0;1;1;68;69;39;1
9;1;0;0;0;0;0;0;0;0;0;0;0;0;8;0;0;204;110;1
1;1;0;0;0;0;0;0;0;0;0;0;0;0;2;0;389;223;110;1
1;1;0;0;0;0;0;0;0;0;0;0;0;0;2;0;389;223;110;1
18;10;1;0;0;0;0;0;0;0;0;0;0;9;11;0;389;223;110;1
0;0;0;0;0;0;0;0;0;0;0;0;0;0;1;0;389;223;110;1
0;0;0;0;0;0;0;0;0;0;0;0;0;0;2;0;389;223;110;1
0;0;0;0;0;0;0;0;0;0;0;0;0;0;2;0;389;223;110;1
0;0;0;0;0;0;0;0;0;0;0;0;0;0;3;0;15;45;16;1
0;0;0;0;0;2;0;0;0;0;0;0;0;0;2;0;15;45;16;1
0;0;0;0;0;0;0;0;0;0;0;0;0;0;1;0;15;45;16;1
0;0;0;0;0;0;0;0;0;0;0;0;0;0;1;1;68;69;39;1
2;0;0;0;0;0;0;0;0;0;0;0;0;13;14;1;68;69;39;1
0;0;0;0;0;0;0;0;0;0;0;0;0;0;1;1;68;69;39;1
2;0;0;0;0;0;0;0;0;0;0;0;0;13;14;1;68;69;39;1
2;0;0;0;0;0;0;0;0;0;0;0;0;13;14;1;68;69;39;1
2;0;0;0;0;0;0;0;0;0;0;0;0;13;14;1;68;69;39;1
0;0;0;0;0;0;0;0;0;0;0;0;0;0;2;1;68;69;39;1
0;0;0;0;0;0;0;0;0;0;0;0;0;0;2;1;68;69;39;1
0;0;0;0;0;0;0;0;0;0;0;0;0;0;2;1;68;69;39;1
0;0;0;0;0;0;0;0;0;0;0;0;0;0;2;1;68;69;39;1
2;0;0;0;0;0;0;0;0;0;0;0;0;0;4;1;68;69;39;1
0;0;0;0;0;0;0;0;0;0;0;0;0;0;2;1;68;69;39;1
0;0;0;0;0;0;0;0;0;0;0;0;0;0;2;1;68;69;39;1
2;0;0;0;0;0;0;0;0;0;0;0;0;0;4;1;68;69;39;1
2;0;0;0;0;0;0;0;0;0;0;0;0;0;4;1;68;69;39;1
9;1;0;0;0;0;0;0;0;0;0;0;0;0;8;0;0;204;110;1
1;1;0;0;0;0;0;0;0;0;0;0;0;0;2;0;389;223;110;1
1;1;0;0;0;0;0;0;0;0;0;0;0;0;2;0;389;223;110;1
18;10;1;0;0;0;0;0;0;0;0;0;0;9;11;0;389;223;110;1
0;0;0;0;0;0;0;0;0;0;0;0;0;0;2;0;389;223;110;1
0;1;0;0;0;0;0;0;0;0;0;0;0;0;1;0;110;186;107;1
3;2;0;0;0;0;0;0;0;0;0;0;0;0;7;0;110;186;107;1
8;0;0;0;0;0;0;0;0;0;0;0;0;0;11;0;110;186;107;1
7;0;0;0;0;0;0;0;0;0;0;0;0;0;10;0;110;186;107;1
8;0;0;0;0;0;0;0;0;0;0;0;0;0;11;0;110;186;107;1
8;0;0;0;0;0;0;0;0;0;0;0;0;0;11;0;110;186;107;1
0;11;0;0;0;0;0;0;0;0;0;0;0;0;1;0;110;186;107;1
0;2;0;0;0;0;0;0;0;0;0;0;0;0;1;0;110;186;107;1
0;1;0;0;0;0;0;0;0;0;0;0;0;0;1;0;110;186;107;1
3;2;0;0;0;0;0;0;0;0;0;0;0;0;7;0;110;186;107;1
8;0;0;0;0;0;0;0;0;0;0;0;0;0;11;0;110;186;107;1
7;0;0;0;0;0;0;0;0;0;0;0;0;0;10;0;110;186;107;1
8;0;0;0;0;0;0;0;0;0;0;0;0;0;11;0;110;186;107;1
8;0;0;0;0;0;0;0;0;0;0;0;0;0;11;0;110;186;107;1
0;11;0;0;0;0;0;0;0;0;0;0;0;0;1;0;110;186;107;1
0;2;0;0;0;0;0;0;0;0;0;0;0;0;1;0;110;186;107;1
1;2;0;0;0;0;0;0;0;0;0;0;0;0;1;0;126;191;107;1
3;2;0;0;0;0;0;0;0;0;0;0;0;0;7;0;126;191;107;1
8;11;0;0;0;0;0;0;0;0;0;0;0;0;12;0;126;191;107;1
8;0;0;0;0;0;0;0;0;0;0;0;0;0;11;0;126;191;107;1
3;0;0;0;0;0;0;0;0;0;0;0;0;0;2;0;126;191;107;1
5;0;0;0;0;0;0;0;0;0;0;0;0;0;2;0;126;191;107;1
5;0;0;0;0;0;0;0;0;0;0;0;0;0;2;0;126;191;107;1
5;0;0;0;0;0;0;0;0;0;0;0;0;0;2;0;126;191;107;1
5;0;0;0;0;0;0;0;0;0;0;0;0;0;2;0;126;191;107;1
4;3;0;0;0;0;0;0;0;0;0;0;0;0;1;0;126;191;107;1
1;0;0;0;0;0;0;0;0;0;0;0;0;12;2;0;126;191;107;1
3;2;0;0;0;0;0;0;0;0;0;0;0;0;7;0;126;191;107;1
8;11;0;0;0;0;0;0;0;0;0;0;0;0;12;0;126;191;107;1
3;0;0;0;0;0;0;0;0;0;0;0;0;0;2;0;126;191;107;1
5;0;0;0;0;0;0;0;0;0;0;0;0;0;2;0;126;191;107;1
5;0;0;0;0;0;0;0;0;0;0;0;0;0;2;0;126;191;107;1
5;0;0;0;0;0;0;0;0;0;0;0;0;0;2;0;126;191;107;1
5;0;0;0;0;0;0;0;0;0;0;0;0;0;2;0;126;191;107;1
4;3;0;0;0;0;0;0;0;0;0;0;0;0;1;0;126;191;107;1
3;0;0;0;0;0;0;0;0;0;0;0;0;4;4;1;0;36;4;1
6;0;0;0;0;0;0;0;0;0;0;0;0;8;2;0;0;27;13;1
3;0;0;0;0;0;0;0;0;0;0;0;0;4;4;1;0;36;4;1
6;0;0;0;0;0;0;0;0;0;0;0;0;8;2;0;0;27;13;1
0;3;0;0;0;4;0;0;0;0;0;0;0;6;9;0;0;46;24;1
0;0;0;0;0;0;0;0;0;0;0;0;0;0;1;0;60;62;40;1
4;2;0;0;0;0;0;0;0;0;0;0;0;0;2;0;174;132;58;1
6;2;0;0;0;0;0;0;0;0;0;0;0;0;2;0;174;132;58;1
12;4;0;0;0;0;0;0;0;0;0;0;0;5;4;0;174;132;58;1
0;0;0;0;0;0;0;0;0;0;0;0;0;0;2;0;174;132;58;1
0;3;0;0;0;4;0;0;0;0;0;0;0;6;9;0;0;46;24;1
0;0;0;0;0;0;0;0;0;0;0;0;0;0;1;0;60;62;40;1
4;2;0;0;0;0;0;0;0;0;0;0;0;0;2;0;174;132;58;1
6;2;0;0;0;0;0;0;0;0;0;0;0;0;2;0;174;132;58;1
6;2;0;0;0;0;0;0;0;0;0;0;0;0;2;0;174;132;58;1
12;4;0;0;0;0;0;0;0;0;0;0;0;5;4;0;174;132;58;1
12;4;0;0;0;0;0;0;0;0;0;0;0;5;4;0;174;132;58;1
0;0;0;0;0;0;0;0;0;0;0;0;0;0;2;0;174;132;58;1
0;3;0;0;0;4;0;0;0;0;0;0;0;6;9;0;0;46;24;1
0;3;0;0;0;4;0;0;0;0;0;0;0;6;9;0;0;46;24;1
9;4;0;0;0;0;0;0;0;0;0;0;0;0;4;0;4;39;13;1
0;0;0;0;0;0;0;0;0;0;0;0;0;0;1;0;4;39;13;1
9;4;0;0;0;0;0;0;0;0;0;0;0;0;4;0;4;39;13;1
0;0;0;0;0;0;0;0;0;0;0;0;0;0;1;0;4;39;13;1
9;4;0;0;0;0;0;0;0;0;0;0;0;0;4;0;4;39;13;1
0;0;0;0;0;0;0;0;0;0;0;0;0;0;1;0;4;39;13;1
9;4;0;0;0;0;0;0;0;0;0;0;0;0;4;0;4;39;13;1
0;0;0;0;0;0;0;0;0;0;0;0;0;0;1;0;4;39;13;1
0;0;6;1;0;0;0;0;0;0;0;0;0;10;4;0;0;35;18;1
0;0;6;1;0;0;0;0;0;0;0;0;0;10;4;0;0;35;18;1
1;2;0;0;0;0;0;0;0;0;0;0;0;0;3;1;27;51;32;1
5;1;0;0;0;0;0;0;0;0;0;0;0;0;11;1;27;51;32;1
1;2;0;0;0;0;0;0;0;0;0;0;0;0;3;1;27;51;32;1
5;1;0;0;0;0;0;0;0;0;0;0;0;0;11;1;27;51;32;1
5;1;0;0;0;0;0;0;0;0;0;0;0;0;11;1;27;51;32;1
1;4;0;0;0;0;0;0;0;0;0;0;0;0;1;0;292;215;104;1
1;1;0;0;0;0;0;0;0;0;0;0;0;0;2;0;292;215;104;1
1;1;0;0;0;0;0;0;0;0;0;0;0;0;2;0;292;215;104;1
1;1;0;0;0;0;0;0;0;0;0;0;0;0;2;0;292;215;104;1
12;5;0;0;0;0;0;0;0;0;0;0;0;0;5;0;12;48;13;1
12;5;0;0;0;0;0;0;0;0;0;0;0;0;5;0;12;48;13;1
0;0;0;0;0;0;0;0;0;0;0;0;0;0;1;0;12;48;13;1
0;1;0;0;0;0;0;0;0;0;0;0;0;0;1;0;12;48;13;1
0;0;0;0;0;0;0;0;0;0;0;0;0;0;1;0;12;48;13;1
4;8;0;0;0;0;0;0;0;0;0;0;0;0;2;0;12;48;13;1
1;4;0;0;0;0;0;0;0;0;0;0;0;0;1;0;292;215;104;1
1;1;0;0;0;0;0;0;0;0;0;0;0;0;2;0;292;215;104;1
12;5;0;0;0;0;0;0;0;0;0;0;0;0;5;0;12;48;13;1
12;5;0;0;0;0;0;0;0;0;0;0;0;0;5;0;12;48;13;1
4;8;0;0;0;0;0;0;0;0;0;0;0;0;2;0;12;48;13;1
9;5;0;0;0;0;0;0;0;0;0;0;0;0;1;0;18;113;50;1
9;5;0;0;0;0;0;0;0;0;0;0;0;0;1;0;18;113;50;1
1;3;0;0;0;0;0;0;0;0;0;0;0;6;3;0;872;335;120;1
1;3;0;0;0;0;0;0;0;0;0;0;0;6;3;0;872;335;120;1
1;4;0;0;0;0;0;0;0;0;0;0;0;5;2;0;0;62;34;1
1;4;0;0;0;0;0;0;0;0;0;0;0;5;2;0;0;62;34;1
6;1;0;0;0;0;0;0;0;0;0;0;0;0;8;1;0;24;12;1
2;0;0;0;0;0;1;1;11;0;0;0;0;0;1;1;0;24;12;1
1;0;0;0;0;0;0;0;0;0;0;0;0;0;1;1;0;24;12;1
1;0;0;0;0;0;0;0;0;0;0;0;0;0;1;1;0;24;12;1
1;0;0;0;0;0;0;0;0;0;0;0;0;0;1;1;0;24;12;1
0;0;0;0;0;0;1;0;0;0;0;0;0;0;1;1;0;24;12;1
4;2;0;0;0;0;0;0;0;0;0;0;0;0;3;0;0;178;99;1
0;3;0;0;0;0;0;0;0;0;0;0;0;0;1;0;0;178;99;1
2;0;0;0;0;0;0;0;0;0;0;0;0;0;3;0;0;178;99;1
9;1;0;0;0;0;0;0;0;0;0;0;0;0;10;0;0;178;99;1
9;1;0;0;0;0;0;0;0;0;0;0;0;0;10;0;0;178;99;1
4;0;0;0;0;0;0;0;0;0;0;0;0;3;6;0;0;178;99;1
4;0;0;0;0;0;0;0;0;0;0;0;0;33;3;0;0;178;99;1
6;1;0;0;0;0;0;0;0;0;0;0;0;0;6;0;0;178;99;1
9;1;0;0;0;0;0;0;0;0;0;0;0;0;10;0;0;178;99;1
4;0;0;0;0;0;0;0;0;0;0;0;0;3;6;0;0;178;99;1
4;0;0;0;0;0;0;0;0;0;0;0;0;33;3;0;0;178;99;1
6;1;0;0;0;0;0;0;0;0;0;0;0;0;6;0;0;178;99;1
2;0;0;0;0;2;0;0;0;0;0;0;0;0;3;0;0;178;99;1
4;0;0;0;0;0;0;0;0;0;0;0;0;3;6;0;0;178;99;1
4;0;0;0;0;0;0;0;0;0;0;0;0;33;3;0;0;178;99;1
6;1;0;0;0;0;0;0;0;0;0;0;0;0;6;0;0;178;99;1
2;0;0;0;0;2;0;0;0;0;0;0;0;0;3;0;0;178;99;1
4;0;0;0;0;0;0;0;0;0;0;0;0;33;3;0;0;178;99;1
6;1;0;0;0;0;0;0;0;0;0;0;0;0;6;0;0;178;99;1
2;0;0;0;0;2;0;0;0;0;0;0;0;0;3;0;0;178;99;1
7;0;0;0;0;0;0;0;0;0;0;0;0;0;5;0;0;178;99;1
4;0;0;0;0;0;0;0;0;0;0;0;0;33;3;0;0;178;99;1
6;1;0;0;0;0;0;0;0;0;0;0;0;0;6;0;0;178;99;1
2;0;0;0;0;2;0;0;0;0;0;0;0;0;3;0;0;178;99;1
7;0;0;0;0;0;0;0;0;0;0;0;0;0;5;0;0;178;99;1
6;1;0;0;0;0;0;0;0;0;0;0;0;0;6;0;0;178;99;1
2;0;0;0;0;2;0;0;0;0;0;0;0;0;3;0;0;178;99;1
7;0;0;0;0;0;0;0;0;0;0;0;0;0;5;0;0;178;99;1
1;0;0;0;0;0;0;0;0;0;0;0;0;0;3;0;0;178;99;1
2;0;0;0;0;2;0;0;0;0;0;0;0;0;3;0;0;178;99;1
7;0;0;0;0;0;0;0;0;0;0;0;0;0;5;0;0;178;99;1
1;0;0;0;0;0;0;0;0;0;0;0;0;0;3;0;0;178;99;1
6;2;0;0;0;0;0;0;0;0;0;0;0;5;3;0;0;178;99;1
2;0;0;0;0;2;0;0;0;0;0;0;0;0;3;0;0;178;99;1
7;0;0;0;0;0;0;0;0;0;0;0;0;0;5;0;0;178;99;1
1;0;0;0;0;0;0;0;0;0;0;0;0;0;3;0;0;178;99;1
6;2;0;0;0;0;0;0;0;0;0;0;0;5;3;0;0;178;99;1
7;0;0;0;0;0;0;0;0;0;0;0;0;0;5;0;0;178;99;1
1;0;0;0;0;0;0;0;0;0;0;0;0;0;3;0;0;178;99;1
6;2;0;0;0;0;0;0;0;0;0;0;0;5;3;0;0;178;99;1
1;0;0;0;0;0;0;0;0;0;0;0;0;0;3;0;0;178;99;1
6;2;0;0;0;0;0;0;0;0;0;0;0;5;3;0;0;178;99;1
2;0;0;0;0;2;0;0;0;0;0;0;0;0;3;0;0;178;99;1
6;2;0;0;0;0;0;0;0;0;0;0;0;5;3;0;0;178;99;1
2;0;0;0;0;2;0;0;0;0;0;0;0;0;3;0;0;178;99;1
2;3;0;0;0;2;0;0;0;0;0;0;0;4;6;0;0;178;99;1
2;0;0;0;0;2;0;0;0;0;0;0;0;0;3;0;0;178;99;1
3;0;0;0;0;0;0;0;0;0;0;0;0;0;2;0;0;178;99;1
11;2;0;0;0;2;0;0;0;0;0;0;0;2;9;0;0;178;99;1
4;1;0;0;0;0;0;0;0;0;0;0;0;5;4;0;0;178;99;1
13;3;0;0;0;0;0;0;0;0;0;0;0;0;6;0;0;178;99;1
11;2;0;0;0;2;0;0;0;0;0;0;0;2;9;0;0;178;99;1
4;1;0;0;0;0;0;0;0;0;0;0;0;5;4;0;0;178;99;1
13;3;0;0;0;0;0;0;0;0;0;0;0;0;6;0;0;178;99;1
11;2;0;0;0;2;0;0;0;0;0;0;0;2;9;0;0;178;99;1
4;1;0;0;0;0;0;0;0;0;0;0;0;5;4;0;0;178;99;1
13;3;0;0;0;0;0;0;0;0;0;0;0;0;6;0;0;178;99;1
25;4;0;0;0;3;0;0;0;0;0;0;0;9;12;0;0;178;99;1
11;2;0;0;0;2;0;0;0;0;0;0;0;2;9;0;0;178;99;1
4;1;0;0;0;0;0;0;0;0;0;0;0;5;4;0;0;178;99;1
13;3;0;0;0;0;0;0;0;0;0;0;0;0;6;0;0;178;99;1
25;4;0;0;0;3;0;0;0;0;0;0;0;9;12;0;0;178;99;1
4;1;0;0;0;0;0;0;0;0;0;0;0;5;4;0;0;178;99;1
13;3;0;0;0;0;0;0;0;0;0;0;0;0;6;0;0;178;99;1
25;4;0;0;0;3;0;0;0;0;0;0;0;9;12;0;0;178;99;1
13;3;0;0;0;0;0;0;0;0;0;0;0;0;6;0;0;178;99;1
25;4;0;0;0;3;0;0;0;0;0;0;0;9;12;0;0;178;99;1
13;3;0;0;0;0;0;0;0;0;0;0;0;0;6;0;0;178;99;1
25;4;0;0;0;3;0;0;0;0;0;0;0;9;12;0;0;178;99;1
25;4;0;0;0;3;0;0;0;0;0;0;0;9;12;0;0;178;99;1
3;0;0;0;0;0;0;0;0;0;0;0;0;0;4;0;0;178;99;1
25;4;0;0;0;3;0;0;0;0;0;0;0;9;12;0;0;178;99;1
3;0;0;0;0;0;0;0;0;0;0;0;0;0;4;0;0;178;99;1
3;0;0;0;0;0;0;0;0;0;0;0;0;0;4;0;0;178;99;1
3;0;0;0;0;0;0;0;0;0;0;0;0;0;4;0;0;178;99;1
3;0;0;0;0;0;0;0;0;0;0;0;0;0;4;0;0;178;99;1
3;0;0;0;0;0;0;0;0;0;0;0;0;0;4;0;0;178;99;1
6;1;0;0;0;0;0;0;0;0;0;0;0;0;8;1;0;24;12;1
2;0;0;0;0;0;1;1;11;0;0;0;0;0;1;1;0;24;12;1
1;0;0;0;0;0;0;0;0;0;0;0;0;0;1;1;0;24;12;1
1;0;0;0;0;0;0;0;0;0;0;0;0;0;1;1;0;24;12;1
1;0;0;0;0;0;0;0;0;0;0;0;0;0;1;1;0;24;12;1
0;0;0;0;0;0;1;0;0;0;0;0;0;0;1;1;0;24;12;1
4;2;0;0;0;0;0;0;0;0;0;0;0;0;3;0;0;178;99;1
0;3;0;0;0;0;0;0;0;0;0;0;0;0;1;0;0;178;99;1
2;0;0;0;0;0;0;0;0;0;0;0;0;0;3;0;0;178;99;1
9;1;0;0;0;0;0;0;0;0;0;0;0;0;10;0;0;178;99;1
9;1;0;0;0;0;0;0;0;0;0;0;0;0;10;0;0;178;99;1
4;0;0;0;0;0;0;0;0;0;0;0;0;3;6;0;0;178;99;1
4;0;0;0;0;0;0;0;0;0;0;0;0;33;3;0;0;178;99;1
9;1;0;0;0;0;0;0;0;0;0;0;0;0;10;0;0;178;99;1
4;0;0;0;0;0;0;0;0;0;0;0;0;3;6;0;0;178;99;1
4;0;0;0;0;0;0;0;0;0;0;0;0;33;3;0;0;178;99;1
6;1;0;0;0;0;0;0;0;0;0;0;0;0;6;0;0;178;99;1
4;0;0;0;0;0;0;0;0;0;0;0;0;3;6;0;0;178;99;1
4;0;0;0;0;0;0;0;0;0;0;0;0;33;3;0;0;178;99;1
6;1;0;0;0;0;0;0;0;0;0;0;0;0;6;0;0;178;99;1
2;0;0;0;0;2;0;0;0;0;0;0;0;0;3;0;0;178;99;1
4;0;0;0;0;0;0;0;0;0;0;0;0;33;3;0;0;178;99;1
6;1;0;0;0;0;0;0;0;0;0;0;0;0;6;0;0;178;99;1
2;0;0;0;0;2;0;0;0;0;0;0;0;0;3;0;0;178;99;1
7;0;0;0;0;0;0;0;0;0;0;0;0;0;5;0;0;178;99;1
4;0;0;0;0;0;0;0;0;0;0;0;0;33;3;0;0;178;99;1
6;1;0;0;0;0;0;0;0;0;0;0;0;0;6;0;0;178;99;1
2;0;0;0;0;2;0;0;0;0;0;0;0;0;3;0;0;178;99;1
7;0;0;0;0;0;0;0;0;0;0;0;0;0;5;0;0;178;99;1
6;1;0;0;0;0;0;0;0;0;0;0;0;0;6;0;0;178;99;1
2;0;0;0;0;2;0;0;0;0;0;0;0;0;3;0;0;178;99;1
7;0;0;0;0;0;0;0;0;0;0;0;0;0;5;0;0;178;99;1
1;0;0;0;0;0;0;0;0;0;0;0;0;0;3;0;0;178;99;1
2;0;0;0;0;2;0;0;0;0;0;0;0;0;3;0;0;178;99;1
7;0;0;0;0;0;0;0;0;0;0;0;0;0;5;0;0;178;99;1
1;0;0;0;0;0;0;0;0;0;0;0;0;0;3;0;0;178;99;1
2;0;0;0;0;2;0;0;0;0;0;0;0;0;3;0;0;178;99;1
7;0;0;0;0;0;0;0;0;0;0;0;0;0;5;0;0;178;99;1
1;0;0;0;0;0;0;0;0;0;0;0;0;0;3;0;0;178;99;1
6;2;0;0;0;0;0;0;0;0;0;0;0;5;3;0;0;178;99;1
7;0;0;0;0;0;0;0;0;0;0;0;0;0;5;0;0;178;99;1
1;0;0;0;0;0;0;0;0;0;0;0;0;0;3;0;0;178;99;1
6;2;0;0;0;0;0;0;0;0;0;0;0;5;3;0;0;178;99;1
1;0;0;0;0;0;0;0;0;0;0;0;0;0;3;0;0;178;99;1
6;2;0;0;0;0;0;0;0;0;0;0;0;5;3;0;0;178;99;1
2;0;0;0;0;2;0;0;0;0;0;0;0;0;3;0;0;178;99;1
6;2;0;0;0;0;0;0;0;0;0;0;0;5;3;0;0;178;99;1
2;0;0;0;0;2;0;0;0;0;0;0;0;0;3;0;0;178;99;1
2;3;0;0;0;2;0;0;0;0;0;0;0;4;6;0;0;178;99;1
2;0;0;0;0;2;0;0;0;0;0;0;0;0;3;0;0;178;99;1
3;0;0;0;0;0;0;0;0;0;0;0;0;0;2;0;0;178;99;1
11;2;0;0;0;2;0;0;0;0;0;0;0;2;9;0;0;178;99;1
4;1;0;0;0;0;0;0;0;0;0;0;0;5;4;0;0;178;99;1
13;3;0;0;0;0;0;0;0;0;0;0;0;0;6;0;0;178;99;1
11;2;0;0;0;2;0;0;0;0;0;0;0;2;9;0;0;178;99;1
4;1;0;0;0;0;0;0;0;0;0;0;0;5;4;0;0;178;99;1
13;3;0;0;0;0;0;0;0;0;0;0;0;0;6;0;0;178;99;1
11;2;0;0;0;2;0;0;0;0;0;0;0;2;9;0;0;178;99;1
4;1;0;0;0;0;0;0;0;0;0;0;0;5;4;0;0;178;99;1
13;3;0;0;0;0;0;0;0;0;0;0;0;0;6;0;0;178;99;1
25;4;0;0;0;3;0;0;0;0;0;0;0;9;12;0;0;178;99;1
11;2;0;0;0;2;0;0;0;0;0;0;0;2;9;0;0;178;99;1
4;1;0;0;0;0;0;0;0;0;0;0;0;5;4;0;0;178;99;1
13;3;0;0;0;0;0;0;0;0;0;0;0;0;6;0;0;178;99;1
25;4;0;0;0;3;0;0;0;0;0;0;0;9;12;0;0;178;99;1
4;1;0;0;0;0;0;0;0;0;0;0;0;5;4;0;0;178;99;1
13;3;0;0;0;0;0;0;0;0;0;0;0;0;6;0;0;178;99;1
25;4;0;0;0;3;0;0;0;0;0;0;0;9;12;0;0;178;99;1
13;3;0;0;0;0;0;0;0;0;0;0;0;0;6;0;0;178;99;1
25;4;0;0;0;3;0;0;0;0;0;0;0;9;12;0;0;178;99;1
13;3;0;0;0;0;0;0;0;0;0;0;0;0;6;0;0;178;99;1
25;4;0;0;0;3;0;0;0;0;0;0;0;9;12;0;0;178;99;1
25;4;0;0;0;3;0;0;0;0;0;0;0;9;12;0;0;178;99;1
3;0;0;0;0;0;0;0;0;0;0;0;0;0;4;0;0;178;99;1
25;4;0;0;0;3;0;0;0;0;0;0;0;9;12;0;0;178;99;1
3;0;0;0;0;0;0;0;0;0;0;0;0;0;4;0;0;178;99;1
3;0;0;0;0;0;0;0;0;0;0;0;0;0;4;0;0;178;99;1
3;0;0;0;0;0;0;0;0;0;0;0;0;0;4;0;0;178;99;1
3;0;0;0;0;0;0;0;0;0;0;0;0;0;4;0;0;178;99;1
3;0;0;0;0;0;0;0;0;0;0;0;0;0;4;0;0;178;99;1
7;0;0;0;0;0;0;0;0;0;0;0;0;0;3;0;0;4;3;1
80;206;0;0;0;0;0;0;0;0;0;0;0;19;1;0;1;175;4;1
80;206;0;0;0;0;0;0;0;0;0;0;0;19;1;0;1;175;4;1
80;206;0;0;0;0;0;0;0;0;0;0;0;19;1;0;1;175;4;1
80;206;0;0;0;0;0;0;0;0;0;0;0;19;1;0;1;175;4;1
80;206;0;0;0;0;0;0;0;0;0;0;0;19;1;0;1;175;4;1
2;2;3;0;0;0;0;0;0;0;0;0;0;5;7;0;136;148;40;1
7;0;0;0;0;0;0;0;0;0;0;0;0;0;3;0;0;4;3;1
80;206;0;0;0;0;0;0;0;0;0;0;0;19;1;0;1;175;4;1
80;206;0;0;0;0;0;0;0;0;0;0;0;19;1;0;1;175;4;1
80;206;0;0;0;0;0;0;0;0;0;0;0;19;1;0;1;175;4;1
80;206;0;0;0;0;0;0;0;0;0;0;0;19;1;0;1;175;4;1
80;206;0;0;0;0;0;0;0;0;0;0;0;19;1;0;1;175;4;1
2;2;3;0;0;0;0;0;0;0;0;0;0;5;7;0;136;148;40;1
0;0;0;0;0;0;0;0;0;0;0;0;0;0;1;0;0;12;12;1
0;0;0;0;0;0;0;0;0;0;0;0;0;0;1;0;0;12;12;1
0;0;0;0;0;0;0;0;0;0;0;0;0;0;1;0;0;12;12;1
0;0;0;0;0;0;0;0;0;0;0;0;0;0;1;0;0;12;12;1
0;0;0;0;0;0;0;0;0;0;0;0;0;0;1;0;0;12;12;1
0;0;0;0;0;0;0;0;0;0;0;0;0;0;1;0;0;12;12;1
0;0;0;0;0;0;0;0;0;0;0;0;0;0;1;1;1;74;46;1
0;0;0;0;0;0;0;0;0;0;0;0;0;0;3;1;1;74;46;1
7;7;3;0;0;0;0;0;0;0;0;0;0;0;3;1;1;74;46;1
28;4;0;0;0;0;0;0;0;0;0;0;0;5;7;1;1;74;46;1
26;0;5;0;0;0;0;0;0;0;0;0;0;1;10;1;1;74;46;1
28;4;0;0;0;0;0;0;0;0;0;0;0;5;7;1;1;74;46;1
26;0;5;0;0;0;0;0;0;0;0;0;0;1;10;1;1;74;46;1
28;0;5;0;0;0;0;0;0;0;0;0;0;1;10;1;1;74;46;1
26;0;5;0;0;0;0;0;0;0;0;0;0;1;10;1;1;74;46;1
28;0;5;0;0;0;0;0;0;0;0;0;0;1;10;1;1;74;46;1
0;0;0;0;0;0;0;0;0;0;0;0;0;0;1;1;1;74;46;1
0;0;0;0;0;0;0;0;0;0;0;0;0;0;1;1;1;74;46;1
26;0;5;0;0;0;0;0;0;0;0;0;0;1;10;1;1;74;46;1
28;0;5;0;0;0;0;0;0;0;0;0;0;1;10;1;1;74;46;1
0;0;0;0;0;0;0;0;0;0;0;0;0;0;1;1;1;74;46;1
0;0;0;0;0;0;0;0;0;0;0;0;0;0;1;1;1;74;46;1
26;0;5;0;0;0;0;0;0;0;0;0;0;1;10;1;1;74;46;1
28;0;5;0;0;0;0;0;0;0;0;0;0;1;10;1;1;74;46;1
0;0;0;0;0;0;0;0;0;0;0;0;0;0;1;1;1;74;46;1
0;0;0;0;0;0;0;0;0;0;0;0;0;0;1;1;1;74;46;1
28;0;5;0;0;0;0;0;0;0;0;0;0;1;10;1;1;74;46;1
0;0;0;0;0;0;0;0;0;0;0;0;0;0;1;1;1;74;46;1
0;0;0;0;0;0;0;0;0;0;0;0;0;0;1;1;1;74;46;1
28;0;5;0;0;0;0;0;0;0;0;0;0;1;10;1;1;74;46;1
0;0;0;0;0;0;0;0;0;0;0;0;0;0;1;1;1;74;46;1
0;0;0;0;0;0;0;0;0;0;0;0;0;0;1;1;1;74;46;1
0;0;0;0;0;0;0;0;0;0;0;0;0;0;1;1;1;74;46;1
0;0;0;0;0;0;0;0;0;0;0;0;0;0;1;0;0;12;12;1
0;0;0;0;0;0;0;0;0;0;0;0;0;0;1;0;0;12;12;1
0;0;0;0;0;0;0;0;0;0;0;0;0;0;1;0;0;12;12;1
0;0;0;0;0;0;0;0;0;0;0;0;0;0;1;0;0;12;12;1
0;0;0;0;0;0;0;0;0;0;0;0;0;0;1;0;0;12;12;1
0;0;0;0;0;0;0;0;0;0;0;0;0;0;1;0;0;12;12;1
0;0;0;0;0;0;0;0;0;0;0;0;0;0;1;1;1;74;46;1
0;0;0;0;0;0;0;0;0;0;0;0;0;0;3;1;1;74;46;1
7;7;3;0;0;0;0;0;0;0;0;0;0;0;3;1;1;74;46;1
28;4;0;0;0;0;0;0;0;0;0;0;0;5;7;1;1;74;46;1
28;4;0;0;0;0;0;0;0;0;0;0;0;5;7;1;1;74;46;1
26;0;5;0;0;0;0;0;0;0;0;0;0;1;10;1;1;74;46;1
28;0;5;0;0;0;0;0;0;0;0;0;0;1;10;1;1;74;46;1
26;0;5;0;0;0;0;0;0;0;0;0;0;1;10;1;1;74;46;1
28;0;5;0;0;0;0;0;0;0;0;0;0;1;10;1;1;74;46;1
0;0;0;0;0;0;0;0;0;0;0;0;0;0;1;1;1;74;46;1
0;0;0;0;0;0;0;0;0;0;0;0;0;0;1;1;1;74;46;1
26;0;5;0;0;0;0;0;0;0;0;0;0;1;10;1;1;74;46;1
28;0;5;0;0;0;0;0;0;0;0;0;0;1;10;1;1;74;46;1
0;0;0;0;0;0;0;0;0;0;0;0;0;0;1;1;1;74;46;1
0;0;0;0;0;0;0;0;0;0;0;0;0;0;1;1;1;74;46;1
26;0;5;0;0;0;0;0;0;0;0;0;0;1;10;1;1;74;46;1
28;0;5;0;0;0;0;0;0;0;0;0;0;1;10;1;1;74;46;1
0;0;0;0;0;0;0;0;0;0;0;0;0;0;1;1;1;74;46;1
0;0;0;0;0;0;0;0;0;0;0;0;0;0;1;1;1;74;46;1
28;0;5;0;0;0;0;0;0;0;0;0;0;1;10;1;1;74;46;1
0;0;0;0;0;0;0;0;0;0;0;0;0;0;1;1;1;74;46;1
0;0;0;0;0;0;0;0;0;0;0;0;0;0;1;1;1;74;46;1
28;0;5;0;0;0;0;0;0;0;0;0;0;1;10;1;1;74;46;1
0;0;0;0;0;0;0;0;0;0;0;0;0;0;1;1;1;74;46;1
0;0;0;0;0;0;0;0;0;0;0;0;0;0;1;1;1;74;46;1
0;0;0;0;0;0;0;0;0;0;0;0;0;0;1;1;1;74;46;1
0;0;0;0;0;0;0;0;0;0;0;0;0;0;1;0;251;103;54;1
74;223;0;0;0;0;0;0;0;0;0;0;0;26;1;0;0;165;4;1
74;223;0;0;0;0;0;0;0;0;0;0;0;26;1;0;0;165;4;1
74;223;0;0;0;0;0;0;0;0;0;0;0;26;1;0;0;165;4;1
74;223;0;0;0;0;0;0;0;0;0;0;0;26;1;0;0;165;4;1
74;223;0;0;0;0;0;0;0;0;0;0;0;26;1;0;0;165;4;1
74;223;0;0;0;0;0;0;0;0;0;0;0;26;1;0;0;165;4;1
74;223;0;0;0;0;0;0;0;0;0;0;0;26;1;0;0;165;4;1
74;223;0;0;0;0;0;0;0;0;0;0;0;26;1;0;0;165;4;1
74;223;0;0;0;0;0;0;0;0;0;0;0;26;1;0;0;165;4;1
74;223;0;0;0;0;0;0;0;0;0;0;0;26;1;0;0;165;4;1
74;223;0;0;0;0;0;0;0;0;0;0;0;26;1;0;0;165;4;1
74;223;0;0;0;0;0;0;0;0;0;0;0;26;1;0;0;165;4;1
74;223;0;0;0;0;0;0;0;0;0;0;0;26;1;0;0;165;4;1
74;223;0;0;0;0;0;0;0;0;0;0;0;26;1;0;0;165;4;1
74;223;0;0;0;0;0;0;0;0;0;0;0;26;1;0;0;165;4;1
74;223;0;0;0;0;0;0;0;0;0;0;0;26;1;0;0;165;4;1
74;223;0;0;0;0;0;0;0;0;0;0;0;26;1;0;0;165;4;1
74;223;0;0;0;0;0;0;0;0;0;0;0;26;1;0;0;165;4;1
74;223;0;0;0;0;0;0;0;0;0;0;0;26;1;0;0;165;4;1
0;0;0;0;0;0;0;0;0;0;0;0;0;0;1;0;251;103;54;1
74;223;0;0;0;0;0;0;0;0;0;0;0;26;1;0;0;165;4;1
74;223;0;0;0;0;0;0;0;0;0;0;0;26;1;0;0;165;4;1
74;223;0;0;0;0;0;0;0;0;0;0;0;26;1;0;0;165;4;1
74;223;0;0;0;0;0;0;0;0;0;0;0;26;1;0;0;165;4;1
74;223;0;0;0;0;0;0;0;0;0;0;0;26;1;0;0;165;4;1
74;223;0;0;0;0;0;0;0;0;0;0;0;26;1;0;0;165;4;1
74;223;0;0;0;0;0;0;0;0;0;0;0;26;1;0;0;165;4;1
74;223;0;0;0;0;0;0;0;0;0;0;0;26;1;0;0;165;4;1
74;223;0;0;0;0;0;0;0;0;0;0;0;26;1;0;0;165;4;1
74;223;0;0;0;0;0;0;0;0;0;0;0;26;1;0;0;165;4;1
74;223;0;0;0;0;0;0;0;0;0;0;0;26;1;0;0;165;4;1
74;223;0;0;0;0;0;0;0;0;0;0;0;26;1;0;0;165;4;1
74;223;0;0;0;0;0;0;0;0;0;0;0;26;1;0;0;165;4;1
74;223;0;0;0;0;0;0;0;0;0;0;0;26;1;0;0;165;4;1
74;223;0;0;0;0;0;0;0;0;0;0;0;26;1;0;0;165;4;1
74;223;0;0;0;0;0;0;0;0;0;0;0;26;1;0;0;165;4;1
74;223;0;0;0;0;0;0;0;0;0;0;0;26;1;0;0;165;4;1
74;223;0;0;0;0;0;0;0;0;0;0;0;26;1;0;0;165;4;1
74;223;0;0;0;0;0;0;0;0;0;0;0;26;1;0;0;165;4;1
3;1;0;0;0;0;0;0;0;0;0;0;0;6;3;0;0;19;8;1
3;1;0;0;0;0;0;0;0;0;0;0;0;6;3;0;0;19;8;1
3;1;0;0;0;0;0;0;0;0;0;0;0;6;3;0;0;15;6;1
3;1;0;0;0;0;0;0;0;0;0;0;0;6;3;0;0;15;6;1
